order_id,created_at,buyerEmail,buyerPhone,customerId,line_items,totalAmount,currencyCode,state,address_line1,address_city,address_country,email,phone,cust_id,items,amount,ccy,order_ts,geo_region,shipping_address_line1,shipping_address_city,shipping_address_country,shipping_address,address,orderRef,created,total,currency,region,shippingAddress,customer_id,customer_email,customer_phone,shippingAddress_line1,shippingAddress_city,shippingAddress_country
ORD-000001,2023-10-10 22:31:55+00:00,user677@pulse.africa,+2348026726926,,"[{'sku': 'SKU-0155', 'quantity': 3, 'unit_price': 9000}, {'sku': 'SKU-0098', 'quantity': 3, 'unit_price': 6700}, {'sku': 'SKU-0065', 'quantity': 1, 'unit_price': 2500}, {'sku': 'SKU-0000', 'quantity': 3, 'unit_price': 2700}]",57700.0,NGN,Kano,77 GRA Rd,Kano,NG,,,,,,,,,,,,,,,,,,,,,,,,,
ORD-000002,2023-05-07 16:14:42+00:00,user623@pulse.africa,+2348087844239,CUST-00562,"[{'sku': 'SKU-0141', 'quantity': 1, 'unit_price': 4200}, {'sku': 'SKU-0107', 'quantity': 3, 'unit_price': 26000}, {'sku': 'SKU-0173', 'quantity': 3, 'unit_price': 6700}]",102300.0,NGN,Kaduna,83 Wuse Rd,Kaduna,NG,,,,,,,,,,,,,,,,,,,,,,,,,
,,,,,,,,,,,,,+2348073771720,,"[{'sku': 'SKU-0203', 'qty': 3, 'price': 2700}, {'sku': 'SKU-0168', 'qty': 1, 'price': 3000}, {'sku': 'SKU-0131', 'qty': 3, 'price': 2000}, {'sku': 'SKU-0023', 'qty': 1, 'price': 3000}]",20100.0,NGN,1679701829.0,PH,197 Alausa Rd,PH,NG,,,,,,,,,,,,,,
,,,,,,,,,,,,user935@mail.com,+2348099600766,,"[{'sku': 'SKU-0102', 'qty': 1, 'price': 12200}, {'sku': 'SKU-0167', 'qty': 3, 'price': 9000}, {'sku': 'SKU-0192', 'qty': 1, 'price': 7500}, {'sku': 'SKU-0056', 'qty': 1, 'price': 26000}]",72700.0,NGN,1679055363.0,Kaduna,,,,"144 GRA Rd, Kaduna",,,,,,,,,,,,,
ORD-000005,2023-08-26 22:20:00+00:00,user901@example.com,+2348041473195,CUST-00642,"[{'sku': 'SKU-0212', 'quantity': 3, 'unit_price': 13000}, {'sku': 'SKU-0040', 'quantity': 3, 'unit_price': 10000}, {'sku': 'SKU-0115', 'quantity': 2, 'unit_price': 18200}, {'sku': 'SKU-0215', 'quantity': 3, 'unit_price': 3000}]",114400.0,NGN,PH,,,,,,,,,,,,,,,,"82 GRA Rd, PH",,,,,,,,,,,,
,,,,,,,,,,,,,,,"[{'sku': 'SKU-0180', 'qty': 1, 'price': 12000}, {'sku': 'SKU-0106', 'qty': 2, 'price': 25500}]",,,,,,,,,,ORD-000006,2023-03-31 19:30,63000.0,NGN,Kaduna,"2 Sabon Gari Rd, Kaduna",CUST-00212,user798@example.com,+2348087267850,,,
ORD-000007,2023-11-28 10:42:41+00:00,user56@example.com,+2348028213276,CUST-00607,"[{'sku': 'SKU-0191', 'quantity': 3, 'unit_price': 1700}, {'sku': 'SKU-0124', 'quantity': 1, 'unit_price': 3000}, {'sku': 'SKU-0111', 'quantity': 2, 'unit_price': 18000}, {'sku': 'SKU-0099', 'quantity': 2, 'unit_price': 3500}, {'sku': 'SKU-0185', 'quantity': 1, 'unit_price': 3500}]",63.79,USD,Kaduna,47 Alausa Rd,Kaduna,NG,,,,,,,,,,,,,,,,,,,,,,,,,
ORD-000008,2023-03-24 04:49:00+00:00,user141@example.com,+2348043189803,CUST-00359,"[{'sku': 'SKU-0086', 'quantity': 2, 'unit_price': 4500}, {'sku': 'SKU-0192', 'quantity': 2, 'unit_price': 7000}, {'sku': 'SKU-0213', 'quantity': 1, 'unit_price': 19000}]",42500.0,NGN,Kaduna,,,,,,,,,,,,,,,,,,,,,,,,,,,,
,,,,,,,,,,,,,,,"[{'sku': 'SKU-0171', 'qty': 1, 'price': 4200}, {'sku': 'SKU-0119', 'qty': 3, 'price': 25500}, {'sku': 'SKU-0196', 'qty': 2, 'price': 4200}, {'sku': 'SKU-0155', 'qty': 3, 'price': 9000}]",,,,,,,,,,ORD-000009,2023-04-03 15:24,116100.0,NGN,Abuja,,,user1186@example.com,+2348087282128,246 Wuse Rd,Abuja,NG
,,,,,,,,,,,,user26@shop.ng,+2348024165187,,"[{'productSku': 'SKU-0176', 'qty': 3, 'price': 25200}, {'productSku': 'SKU-0026', 'qty': 3, 'price': 7000}, {'productSku': 'SKU-0217', 'qty': 3, 'price': 9000}, {'productSku': 'SKU-0203', 'qty': 3, 'price': 2500}, {'productSku': 'SKU-0088', 'qty': 3, 'price': 5000}]",146100.0,NGN,1679186043.0,Lagos,,,,"93 Wuse Rd, Lagos",,,,,,,,,,,,,
,,,,,,,,,,,,user435@pulse.africa,+2348055679506,CUST-00333,"[{'sku': 'SKU-0206', 'qty': 3, 'price': 26000}, {'sku': 'SKU-0119', 'qty': 2, 'price': 25500}, {'sku': 'SKU-0082', 'qty': 1, 'price': 6500}, {'sku': 'SKU-0071', 'qty': 2, 'price': 1700}, {'sku': 'SKU-0192', 'qty': 2, 'price': 7500}]",153900.0,NGN,1690038115.0,Kano,,,,"153 Sabon Gari Rd, Kano",,,,,,,,,,,,,
,,,,,,,,,,,,,,,"[{'sku': 'SKU-0125', 'qty': 3, 'price': 1700}, {'sku': 'SKU-0176', 'qty': 2, 'price': 26000}, {'sku': 'SKU-0114', 'qty': 1, 'price': 2500}, {'sku': 'SKU-0075', 'qty': 1, 'price': 10000}]",,,,,,,,,,ORD-000012,2023-02-03 05:58,69600.0,NGN,Abuja,"180 Wuse Rd, Abuja",CUST-00596,user1134@pulse.africa,+2348083871890,,,
ORD-000013,2023-03-31 12:46:13+00:00,user580@example.com,+2348049761527,CUST-00779,"[{'sku': 'SKU-0080', 'quantity': 1, 'unit_price': 1700}, {'sku': 'SKU-0049', 'quantity': 1, 'unit_price': 26000}]",28200.0,NGN,Lagos,,,,,,,,,,,,,,,,"46 Sabon Gari Rd, Lagos",,,,,,,,,,,,
,,,,,,,,,,,,user1006@example.com,+2348087049595,,"[{'sku': 'SKU-0013', 'qty': 3, 'price': 4500}]",13500.0,NGN,1676778619.0,Kano,,,,"123 Wuse Rd, Kano",,,,,,,,,,,,,
ORD-000015,2023-12-01 15:50:24+00:00,,,CUST-00703,"[{'sku': 'SKU-0210', 'quantity': 1, 'unit_price': 13000}]",13000.0,NGN,Kaduna,78 Alausa Rd,Kaduna,NG,,,,,,,,,,,,,,,,,,,,,,,,,
,,,,,,,,,,,,,,,"[{'sku': 'SKU-0152', 'qty': 3, 'price': 12200}, {'sku': 'SKU-0198', 'qty': 3, 'price': 19000}, {'sku': 'SKU-0115', 'qty': 2, 'price': 18500}, {'sku': 'SKU-0150', 'qty': 2, 'price': 12500}, {'sku': 'SKU-0145', 'qty': 3, 'price': 6500}]",,,,,,,,,,ORD-000016,2023-08-05 17:37,175100.0,NGN,Kaduna,"142 Alausa Rd, Kaduna",CUST-00782,user433@pulse.africa,+2348031079846,,,
ORD-000017,2023-06-24 22:59:55+00:00,user406@shop.ng,,CUST-00678,"[{'sku': 'SKU-0074', 'quantity': 1, 'unit_price': 2700}, {'sku': 'SKU-0073', 'quantity': 3, 'unit_price': 4500}, {'sku': 'SKU-0179', 'quantity': 2, 'unit_price': 1500}, {'sku': 'SKU-0175', 'quantity': 1, 'unit_price': 9500}]",28700.0,NGN,PH,,,,,,,,,,,,,,,,"39 Sabon Gari Rd, PH",,,,,,,,,,,,
,,,,,,,,,,,,,,,"[{'sku': 'SKU-0152', 'qty': 3, 'price': 12500}, {'sku': 'SKU-0112', 'qty': 1, 'price': 26000}, {'sku': 'SKU-0176', 'qty': 2, 'price': 26000}]",,,,,,,,,,ORD-000018,2023-01-24 03:52,118.1,USD,Abuja,"83 GRA Rd, Abuja",CUST-00449,,,,,
,,,,,,,,,,,,,,,"[{'sku': 'SKU-0005', 'qty': 3, 'price': 18500}, {'sku': 'SKU-0147', 'qty': 1, 'price': 6700}, {'sku': 'SKU-0120', 'qty': 3, 'price': 19000}, {'sku': 'SKU-0071', 'qty': 1, 'price': 2500}, {'sku': 'SKU-0162', 'qty': 2, 'price': 6500}]",,,,,,,,,,ORD-000019,2023-03-30 21:43,134700.0,NGN,PH,"242 Wuse Rd, PH",CUST-00329,user330@pulse.africa,+2348076500726,,,
,,,,,,,,,,,,user3@shop.ng,+2348035176902,CUST-00527,"[{'productSku': 'SKU-0080', 'qty': 2, 'price': 2000}]",4000.0,NGN,1673762551.0,Kaduna,,,,"160 Wuse Rd, Kaduna",,,,,,,,,,,,,
,,,,,,,,,,,,,,,"[{'sku': 'SKU-0073', 'qty': 2, 'price': 5000}, {'sku': 'SKU-0031', 'qty': 1, 'price': 9200}]",,,,,,,,,,ORD-000021,2023-04-14 17:08,19200.0,NGN,PH,"31 Garki Rd, PH",CUST-00015,user191@mail.com,+2348025228493,,,
,,,,,,,,,,,,user1040@pulse.africa,+2348047962005,CUST-00425,"[{'sku': 'SKU-0106', 'qty': 2, 'price': 26000}, {'sku': 'SKU-0062', 'qty': 2, 'price': 18200}, {'sku': 'SKU-0098', 'qty': 1, 'price': 6700}]",103.37,USD,1682324448.0,PH,215 GRA Rd,PH,NG,,,,,,,,,,,,,,
,,,,,,,,,,,,,,,"[{'sku': 'SKU-0088', 'qty': 2, 'price': 5000}, {'sku': 'SKU-0116', 'qty': 2, 'price': 12200}, {'sku': 'SKU-0178', 'qty': 1, 'price': 19000}, {'sku': 'SKU-0059', 'qty': 2, 'price': 4000}]",,,,,,,,,,ORD-000023,2023-06-23 10:07,61400.0,NGN,PH,,CUST-00391,user1360@mail.com,+2348014968688,,,
ORD-000024,2023-12-04 18:11:40+00:00,,+2348081621574,CUST-00666,"[{'sku': 'SKU-0025', 'quantity': 3, 'unit_price': 13000}, {'sku': 'SKU-0003', 'quantity': 3, 'unit_price': 2700}, {'sku': 'SKU-0104', 'quantity': 3, 'unit_price': 25200}, {'sku': 'SKU-0019', 'quantity': 2, 'unit_price': 12500}]",147700.0,NGN,Lagos,,,,,,,,,,,,,,,,"82 Wuse Rd, Lagos",,,,,,,,,,,,
,,,,,,,,,,,,,,,"[{'sku': 'SKU-0161', 'qty': 3, 'price': 12500}, {'sku': 'SKU-0058', 'qty': 3, 'price': 4000}]",,,,,,,,,,ORD-000025,2023-08-28 19:08,49500.0,NGN,Lagos,"8 Alausa Rd, Lagos",,user206@shop.ng,,,,
,,,,,,,,,,,,,,,"[{'sku': 'SKU-0110', 'qty': 1, 'price': 18200}, {'sku': 'SKU-0135', 'qty': 2, 'price': 6700}, {'sku': 'SKU-0043', 'qty': 1, 'price': 6500}]",,,,,,,,,,ORD-000026,2023-04-24 22:23,38100.0,NGN,Kano,"66 Alausa Rd, Kano",CUST-00700,user1195@mail.com,+2348095618110,,,
ORD-000027,2023-12-16 23:52:50+00:00,user1433@pulse.africa,,CUST-00589,"[{'sku': 'SKU-0040', 'quantity': 1, 'unit_price': 10000}, {'sku': 'SKU-0088', 'quantity': 3, 'unit_price': 4500}, {'sku': 'SKU-0163', 'quantity': 2, 'unit_price': 9500}, {'sku': 'SKU-0116', 'quantity': 2, 'unit_price': 12200}, {'sku': 'SKU-0098', 'quantity': 2, 'unit_price': 6500}]",80400.0,NGN,Kano,102 Sabon Gari Rd,Kano,NG,,,,,,,,,,,,,,,,,,,,,,,,,
,,,,,,,,,,,,user270@example.com,+2348053851498,CUST-00594,"[{'sku': 'SKU-0190', 'qty': 2, 'price': 9500}, {'sku': 'SKU-0198', 'qty': 1, 'price': 18500}, {'sku': 'SKU-0056', 'qty': 3, 'price': 25200}, {'sku': 'SKU-0158', 'qty': 2, 'price': 2700}, {'sku': 'SKU-0160', 'qty': 1, 'price': 9000}]",127500.0,NGN,1698647004.0,Lagos,45 Garki Rd,Lagos,NG,,,,,,,,,,,,,,
ORD-000029,2023-07-26 03:54:09+00:00,user463@shop.ng,+2348084801233,,"[{'sku': 'SKU-0212', 'quantity': 1, 'unit_price': 12500}, {'sku': 'SKU-0211', 'quantity': 2, 'unit_price': 3000}, {'sku': 'SKU-0191', 'quantity': 2, 'unit_price': 1500}]",22000.0,NGN,PH,,,,,,,,,,,,,,,,"203 Wuse Rd, PH",,,,,,,,,,,,
,,,,,,,,,,,,user1250@mail.com,+2348095282470,CUST-00575,"[{'productSku': 'SKU-0172', 'qty': 3, 'price': 9500}, {'productSku': 'SKU-0149', 'qty': 2, 'price': 3000}, {'productSku': 'SKU-0027', 'qty': 3, 'price': 2700}]",42600.0,NGN,1676678149.0,Kaduna,233 Sabon Gari Rd,Kaduna,NG,,,,,,,,,,,,,,
,,,,,,,,,,,,,,,"[{'sku': 'SKU-0029', 'qty': 1, 'price': 2700}, {'sku': 'SKU-0137', 'qty': 1, 'price': 2500}, {'sku': 'SKU-0116', 'qty': 2, 'price': 13000}, {'sku': 'SKU-0150', 'qty': 3, 'price': 12200}]",,,,,,,,,,ORD-000031,2023-01-15 10:50,77.49,USD,Kano,"244 Garki Rd, Kano",CUST-00631,user573@example.com,+2348039161443,,,
,,,,,,,,,,,,,,,"[{'sku': 'SKU-0165', 'qty': 2, 'price': 9000}, {'sku': 'SKU-0101', 'qty': 2, 'price': 2700}, {'sku': 'SKU-0031', 'qty': 2, 'price': 9000}, {'sku': 'SKU-0169', 'qty': 1, 'price': 9000}, {'sku': 'SKU-0012', 'qty': 2, 'price': 9200}]",,,,,,,,,,ORD-000032,2023-09-24 07:00,77.27,USD,Kano,"38 GRA Rd, Kano",,user425@mail.com,+2348041272553,,,
,,,,,,,,,,,,,,,"[{'sku': 'SKU-0204', 'qty': 1, 'price': 1500}, {'sku': 'SKU-0169', 'qty': 1, 'price': 9200}, {'sku': 'SKU-0003', 'qty': 2, 'price': 2700}]",,,,,,,,,,ORD-000033,2023-02-20 11:36,16100.0,NGN,PH,"200 Sabon Gari Rd, PH",,user260@shop.ng,+2348018530615,,,
,,,,,,,,,,,,,,,"[{'sku': 'SKU-0157', 'qty': 1, 'price': 2000}, {'sku': 'SKU-0117', 'qty': 3, 'price': 6500}]",,,,,,,,,,ORD-000034,2023-06-25 12:59,21500.0,NGN,PH,,CUST-00412,user222@shop.ng,+2348069533928,,,
,,,,,,,,,,,,user235@mail.com,+2348040667888,CUST-00102,"[{'sku': 'SKU-0070', 'qty': 3, 'price': 4500}, {'sku': 'SKU-0097', 'qty': 3, 'price': 7000}]",34500.0,NGN,1677508457.0,Lagos,,,,"212 Wuse Rd, Lagos",,,,,,,,,,,,,
ORD-000036,2023-06-15 17:43:43+00:00,user1202@pulse.africa,+2348065137801,CUST-00134,"[{'sku': 'SKU-0095', 'quantity': 1, 'unit_price': 3500}, {'sku': 'SKU-0017', 'quantity': 1, 'unit_price': 2500}, {'sku': 'SKU-0023', 'quantity': 2, 'unit_price': 2500}]",11000.0,NGN,Kano,,,,,,,,,,,,,,,,"171 Wuse Rd, Kano",,,,,,,,,,,,
,,,,,,,,,,,,user879@example.com,+2348098292612,,"[{'sku': 'SKU-0079', 'qty': 2, 'price': 12000}, {'sku': 'SKU-0147', 'qty': 3, 'price': 6700}, {'sku': 'SKU-0039', 'qty': 3, 'price': 26000}, {'sku': 'SKU-0057', 'qty': 1, 'price': 2000}, {'sku': 'SKU-0216', 'qty': 3, 'price': 4500}]",137600.0,NGN,1674257443.0,Kano,69 Alausa Rd,Kano,NG,,,,,,,,,,,,,,
ORD-000038,2023-12-24 21:21:08+00:00,user699@mail.com,+2348053537934,CUST-00386,"[{'sku': 'SKU-0001', 'quantity': 1, 'unit_price': 9200}, {'sku': 'SKU-0144', 'quantity': 3, 'unit_price': 3500}, {'sku': 'SKU-0017', 'quantity': 1, 'unit_price': 2500}]",22200.0,NGN,Kano,146 GRA Rd,Kano,NG,,,,,,,,,,,,,,,,,,,,,,,,,
,,,,,,,,,,,,,,,"[{'sku': 'SKU-0012', 'qty': 3, 'price': 9000}, {'sku': 'SKU-0069', 'qty': 2, 'price': 10000}, {'sku': 'SKU-0124', 'qty': 3, 'price': 3500}, {'sku': 'SKU-0106', 'qty': 2, 'price': 25200}, {'sku': 'SKU-0193', 'qty': 3, 'price': 6500}]",,,,,,,,,,ORD-000039,2023-03-02 10:06,127400.0,NGN,Abuja,,,user1215@shop.ng,+2348051395350,,,
,,,,,,,,,,,,user360@mail.com,+2348040884937,,"[{'sku': 'SKU-0077', 'qty': 1, 'price': 12200}, {'sku': 'SKU-0195', 'qty': 2, 'price': 18500}]",49200.0,NGN,1674369377.0,Lagos,,,,"214 Sabon Gari Rd, Lagos",,,,,,,,,,,,,
,,,,,,,,,,,,,,,"[{'sku': 'SKU-0019', 'qty': 2, 'price': 13000}, {'sku': 'SKU-0146', 'qty': 2, 'price': 3500}, {'sku': 'SKU-0074', 'qty': 1, 'price': 3500}, {'sku': 'SKU-0005', 'qty': 2, 'price': 18200}]",,,,,,,,,,ORD-000041,2023-06-19 09:51,72900.0,NGN,Lagos,"103 GRA Rd, Lagos",CUST-00707,user181@shop.ng,+2348042657384,,,
ORD-000042,2023-10-17 15:24:17+00:00,user720@mail.com,+2348029655410,,"[{'sku': 'SKU-0085', 'quantity': 1, 'unit_price': 25000}, {'sku': 'SKU-0130', 'quantity': 3, 'unit_price': 4000}]",37000.0,NGN,Kano,,,,,,,,,,,,,,,,"45 GRA Rd, Kano",,,,,,,,,,,,
,,,,,,,,,,,,user721@example.com,+2348070654852,CUST-00282,"[{'sku': 'SKU-0118', 'qty': 3, 'price': 7500}, {'sku': 'SKU-0174', 'qty': 3, 'price': 12500}, {'sku': 'SKU-0160', 'qty': 2, 'price': 9200}, {'sku': 'SKU-0112', 'qty': 1, 'price': 26000}]",104400.0,NGN,1675059636.0,Abuja,,,,,,,,,,,,,,,,,
,,,,,,,,,,,,user173@mail.com,,CUST-00352,"[{'sku': 'SKU-0152', 'qty': 3, 'price': 13000}, {'sku': 'SKU-0118', 'qty': 3, 'price': 6500}, {'sku': 'SKU-0115', 'qty': 3, 'price': 18200}, {'sku': 'SKU-0082', 'qty': 3, 'price': 7500}, {'sku': 'SKU-0128', 'qty': 1, 'price': 25000}]",160600.0,NGN,1701530618.0,Lagos,113 GRA Rd,Lagos,NG,,,,,,,,,,,,,,
ORD-000045,2023-12-23 11:47:27+00:00,user1235@mail.com,+2348088213973,CUST-00673,"[{'sku': 'SKU-0104', 'quantity': 2, 'unit_price': 25000}, {'sku': 'SKU-0202', 'quantity': 3, 'unit_price': 4500}, {'sku': 'SKU-0016', 'quantity': 2, 'unit_price': 6500}, {'sku': 'SKU-0142', 'quantity': 3, 'unit_price': 3500}]",87000.0,NGN,Kano,235 Sabon Gari Rd,Kano,NG,,,,,,,,,,,,,,,,,,,,,,,,,
,,,,,,,,,,,,user1404@example.com,+2348066828640,CUST-00131,"[{'sku': 'SKU-0152', 'qty': 3, 'price': 12000}, {'sku': 'SKU-0079', 'qty': 3, 'price': 13000}]",75000.0,NGN,1695968298.0,Kaduna,,,,"5 Sabon Gari Rd, Kaduna",,,,,,,,,,,,,
ORD-000047,2023-10-25 13:05:36+00:00,user78@pulse.africa,+2348092950779,CUST-00757,"[{'sku': 'SKU-0057', 'quantity': 1, 'unit_price': 1700}, {'sku': 'SKU-0019', 'quantity': 2, 'unit_price': 12000}]",25700.0,NGN,Kaduna,,,,,,,,,,,,,,,,,,,,,,,,,,,,
,,,,,,,,,,,,,,,"[{'sku': 'SKU-0184', 'qty': 2, 'price': 1500}, {'sku': 'SKU-0105', 'qty': 2, 'price': 4200}]",,,,,,,,,,ORD-000048,2023-03-12 05:36,12.36,USD,PH,,CUST-00460,user490@pulse.africa,+2348072950208,50 Sabon Gari Rd,PH,NG
,,,,,,,,,,,,user584@example.com,+2348046613428,CUST-00529,"[{'productSku': 'SKU-0199', 'qty': 2, 'price': 5000}, {'productSku': 'SKU-0041', 'qty': 1, 'price': 6700}, {'productSku': 'SKU-0064', 'qty': 1, 'price': 10000}]",30.48,USD,1687315195.0,Kaduna,,,,"132 Garki Rd, Kaduna",,,,,,,,,,,,,
,,,,,,,,,,,,,,,"[{'sku': 'SKU-0006', 'qty': 2, 'price': 1500}, {'sku': 'SKU-0101', 'qty': 3, 'price': 3000}, {'sku': 'SKU-0060', 'qty': 2, 'price': 18000}]",,,,,,,,,,ORD-000050,2023-11-14 04:13,48000.0,NGN,Kaduna,,,user1464@pulse.africa,+2348028468304,,,
ORD-000051,2023-09-28 07:51:40+00:00,user1276@shop.ng,,,"[{'sku': 'SKU-0114', 'quantity': 3, 'unit_price': 2500}, {'sku': 'SKU-0020', 'quantity': 1, 'unit_price': 9500}, {'sku': 'SKU-0055', 'quantity': 1, 'unit_price': 7500}, {'sku': 'SKU-0028', 'quantity': 2, 'unit_price': 6700}]",37900.0,NGN,Abuja,128 GRA Rd,Abuja,NG,,,,,,,,,,,,,,,,,,,,,,,,,
,,,,,,,,,,,,user1073@pulse.africa,,CUST-00681,"[{'sku': 'SKU-0183', 'qty': 1, 'price': 18500}, {'sku': 'SKU-0109', 'qty': 1, 'price': 3000}]",21500.0,NGN,1689824339.0,PH,,,,"130 GRA Rd, PH",,,,,,,,,,,,,
ORD-000053,2023-01-17 21:46:12+00:00,user722@pulse.africa,+2348033500064,CUST-00341,"[{'sku': 'SKU-0064', 'quantity': 3, 'unit_price': 9000}, {'sku': 'SKU-0091', 'quantity': 1, 'unit_price': 9500}, {'sku': 'SKU-0061', 'quantity': 3, 'unit_price': 2500}]",44000.0,NGN,Kaduna,176 Wuse Rd,Kaduna,NG,,,,,,,,,,,,,,,,,,,,,,,,,
ORD-000054,2023-09-03 08:12:17+00:00,,+2348079173614,,"[{'sku': 'SKU-0016', 'quantity': 3, 'unit_price': 7500}, {'sku': 'SKU-0009', 'quantity': 2, 'unit_price': 6700}]",35900.0,NGN,Abuja,,,,,,,,,,,,,,,,"209 GRA Rd, Abuja",,,,,,,,,,,,
,,,,,,,,,,,,,,,"[{'sku': 'SKU-0091', 'qty': 1, 'price': 9500}, {'sku': 'SKU-0069', 'qty': 1, 'price': 9500}, {'sku': 'SKU-0111', 'qty': 2, 'price': 19000}]",,,,,,,,,,ORD-000055,2023-10-20 13:10,60.13,USD,Abuja,"22 Wuse Rd, Abuja",CUST-00192,user1019@pulse.africa,+2348079696025,,,
,,,,,,,,,,,,user563@example.com,,CUST-00630,"[{'productSku': 'SKU-0075', 'qty': 2, 'price': 9000}, {'productSku': 'SKU-0020', 'qty': 2, 'price': 9500}, {'productSku': 'SKU-0078', 'qty': 2, 'price': 2500}, {'productSku': 'SKU-0042', 'qty': 3, 'price': 13000}, {'productSku': 'SKU-0089', 'qty': 2, 'price': 18000}]",117000.0,NGN,1700124394.0,Abuja,94 GRA Rd,Abuja,NG,,,,,,,,,,,,,,
,,,,,,,,,,,,,,,"[{'sku': 'SKU-0008', 'qty': 1, 'price': 1500}, {'sku': 'SKU-0060', 'qty': 3, 'price': 18500}, {'sku': 'SKU-0092', 'qty': 2, 'price': 12000}, {'sku': 'SKU-0154', 'qty': 1, 'price': 5000}]",,,,,,,,,,ORD-000057,2023-02-25 10:48,92.01,USD,PH,"246 Alausa Rd, PH",CUST-00079,user1085@pulse.africa,+2348097182566,,,
,,,,,,,,,,,,,,,"[{'sku': 'SKU-0143', 'qty': 1, 'price': 3000}, {'sku': 'SKU-0198', 'qty': 2, 'price': 19000}, {'sku': 'SKU-0054', 'qty': 3, 'price': 18500}, {'sku': 'SKU-0177', 'qty': 2, 'price': 1700}]",,,,,,,,,,ORD-000058,2023-07-13 19:25,99900.0,NGN,PH,,CUST-00463,user1461@shop.ng,+2348052894344,182 Alausa Rd,PH,NG
ORD-000059,2023-12-13 03:48:48+00:00,user1012@example.com,+2348086809773,,"[{'sku': 'SKU-0182', 'quantity': 3, 'unit_price': 25200}, {'sku': 'SKU-0203', 'quantity': 2, 'unit_price': 2700}]",81000.0,NGN,Kano,,,,,,,,,,,,,,,,"206 GRA Rd, Kano",,,,,,,,,,,,
,,,,,,,,,,,,,,,"[{'sku': 'SKU-0183', 'qty': 3, 'price': 19000}, {'sku': 'SKU-0134', 'qty': 2, 'price': 26000}, {'sku': 'SKU-0210', 'qty': 3, 'price': 12000}, {'sku': 'SKU-0032', 'qty': 2, 'price': 12000}]",,,,,,,,,,ORD-000060,2023-01-26 12:49,169000.0,NGN,Kano,"234 Alausa Rd, Kano",CUST-00353,user1130@mail.com,+2348027318510,,,
,,,,,,,,,,,,user1129@pulse.africa,,,"[{'sku': 'SKU-0041', 'qty': 2, 'price': 6700}, {'sku': 'SKU-0088', 'qty': 3, 'price': 4500}]",26900.0,NGN,1677665547.0,Kano,,,,"137 Alausa Rd, Kano",,,,,,,,,,,,,
,,,,,,,,,,,,user1118@pulse.africa,+2348050546385,,"[{'sku': 'SKU-0184', 'qty': 3, 'price': 2000}, {'sku': 'SKU-0215', 'qty': 3, 'price': 2500}, {'sku': 'SKU-0211', 'qty': 1, 'price': 2500}, {'sku': 'SKU-0011', 'qty': 3, 'price': 25500}, {'sku': 'SKU-0166', 'qty': 1, 'price': 2500}]",95000.0,NGN,1677705101.0,Abuja,,,,"207 Wuse Rd, Abuja",,,,,,,,,,,,,
,,,,,,,,,,,,,,,"[{'sku': 'SKU-0123', 'qty': 2, 'price': 25200}, {'sku': 'SKU-0087', 'qty': 3, 'price': 25200}, {'sku': 'SKU-0080', 'qty': 3, 'price': 2000}, {'sku': 'SKU-0187', 'qty': 2, 'price': 2500}]",,,,,,,,,,ORD-000063,2023-03-03 09:24,137000.0,NGN,Kaduna,"64 Garki Rd, Kaduna",CUST-00576,,+2348026444612,,,
ORD-000064,2023-05-30 04:32:09+00:00,user1036@shop.ng,+2348038876195,,"[{'sku': 'SKU-0063', 'quantity': 1, 'unit_price': 25500}, {'sku': 'SKU-0147', 'quantity': 3, 'unit_price': 7000}, {'sku': 'SKU-0048', 'quantity': 1, 'unit_price': 26000}, {'sku': 'SKU-0131', 'quantity': 2, 'unit_price': 2500}]",79.32,USD,PH,13 Alausa Rd,PH,NG,,,,,,,,,,,,,,,,,,,,,,,,,
,,,,,,,,,,,,user743@pulse.africa,,CUST-00584,"[{'sku': 'SKU-0137', 'qty': 1, 'price': 1500}, {'sku': 'SKU-0110', 'qty': 1, 'price': 18500}, {'sku': 'SKU-0186', 'qty': 2, 'price': 5000}]",30000.0,NGN,1702137599.0,Kaduna,,,,"196 GRA Rd, Kaduna",,,,,,,,,,,,,
,,,,,,,,,,,,user1025@example.com,,,"[{'sku': 'SKU-0024', 'qty': 2, 'price': 9500}, {'sku': 'SKU-0203', 'qty': 2, 'price': 3000}]",25000.0,NGN,1693034405.0,Lagos,,,,,,,,,,,,,,,,,
ORD-000067,2023-02-27 20:13:39+00:00,user631@example.com,+2348045638891,,"[{'sku': 'SKU-0035', 'quantity': 2, 'unit_price': 9500}, {'sku': 'SKU-0041', 'quantity': 2, 'unit_price': 7000}, {'sku': 'SKU-0151', 'quantity': 2, 'unit_price': 7500}, {'sku': 'SKU-0181', 'quantity': 3, 'unit_price': 9500}, {'sku': 'SKU-0121', 'quantity': 1, 'unit_price': 9500}]",86000.0,NGN,PH,201 GRA Rd,PH,NG,,,,,,,,,,,,,,,,,,,,,,,,,
,,,,,,,,,,,,user841@shop.ng,+2348018359252,,"[{'sku': 'SKU-0043', 'qty': 3, 'price': 7500}, {'sku': 'SKU-0037', 'qty': 3, 'price': 4200}, {'sku': 'SKU-0008', 'qty': 3, 'price': 1500}, {'sku': 'SKU-0048', 'qty': 1, 'price': 26000}]",65600.0,NGN,1674254393.0,PH,133 Garki Rd,PH,NG,,,,,,,,,,,,,,
ORD-000069,2023-07-24 01:48:07+00:00,user610@pulse.africa,+2348075632882,CUST-00231,"[{'sku': 'SKU-0044', 'quantity': 2, 'unit_price': 12500}, {'sku': 'SKU-0139', 'quantity': 2, 'unit_price': 2000}, {'sku': 'SKU-0156', 'quantity': 2, 'unit_price': 12200}]",57.98,USD,Kaduna,,,,,,,,,,,,,,,,"90 GRA Rd, Kaduna",,,,,,,,,,,,
,,,,,,,,,,,,user595@example.com,+2348020607151,CUST-00792,"[{'productSku': 'SKU-0146', 'qty': 3, 'price': 3500}]",11.04,USD,1681706912.0,Kano,,,,"114 Sabon Gari Rd, Kano",,,,,,,,,,,,,
,,,,,,,,,,,,,+2348010695441,CUST-00484,"[{'sku': 'SKU-0035', 'qty': 1, 'price': 9200}, {'sku': 'SKU-0062', 'qty': 1, 'price': 18200}, {'sku': 'SKU-0163', 'qty': 1, 'price': 9000}]",36400.0,NGN,1681628904.0,PH,238 Garki Rd,PH,NG,,,,,,,,,,,,,,
ORD-000072,2023-07-05 10:08:33+00:00,user75@shop.ng,+2348035006323,CUST-00181,"[{'sku': 'SKU-0082', 'quantity': 2, 'unit_price': 6500}, {'sku': 'SKU-0196', 'quantity': 1, 'unit_price': 4200}, {'sku': 'SKU-0136', 'quantity': 3, 'unit_price': 6500}]",41.05,USD,Abuja,247 Sabon Gari Rd,Abuja,NG,,,,,,,,,,,,,,,,,,,,,,,,,
,,,,,,,,,,,,,,,"[{'sku': 'SKU-0027', 'qty': 2, 'price': 3000}, {'sku': 'SKU-0116', 'qty': 3, 'price': 13000}, {'sku': 'SKU-0034', 'qty': 3, 'price': 7500}, {'sku': 'SKU-0069', 'qty': 1, 'price': 9000}, {'sku': 'SKU-0084', 'qty': 1, 'price': 3500}]",,,,,,,,,,ORD-000073,2023-04-26 21:13,80000.0,NGN,PH,,CUST-00015,user605@mail.com,,230 Wuse Rd,PH,NG
,,,,,,,,,,,,user1174@example.com,+2348058258264,CUST-00310,"[{'sku': 'SKU-0171', 'qty': 1, 'price': 4200}, {'sku': 'SKU-0035', 'qty': 2, 'price': 9500}, {'sku': 'SKU-0063', 'qty': 1, 'price': 25500}, {'sku': 'SKU-0098', 'qty': 1, 'price': 7500}]",56200.0,NGN,1683534592.0,Lagos,16 Alausa Rd,Lagos,NG,,,,,,,,,,,,,,
,,,,,,,,,,,,user314@shop.ng,+2348091300905,,"[{'productSku': 'SKU-0163', 'qty': 2, 'price': 9500}]",19000.0,NGN,1689392988.0,Kano,,,,"180 GRA Rd, Kano",,,,,,,,,,,,,
,,,,,,,,,,,,user1036@mail.com,+2348030112846,CUST-00064,"[{'productSku': 'SKU-0174', 'qty': 3, 'price': 12000}, {'productSku': 'SKU-0134', 'qty': 2, 'price': 25500}]",87000.0,NGN,1700233856.0,Abuja,,,,,,,,,,,,,,,,,
,,,,,,,,,,,,user811@pulse.africa,+2348039246218,CUST-00316,"[{'sku': 'SKU-0023', 'qty': 3, 'price': 3500}, {'sku': 'SKU-0207', 'qty': 1, 'price': 10000}, {'sku': 'SKU-0033', 'qty': 3, 'price': 13000}, {'sku': 'SKU-0116', 'qty': 3, 'price': 12000}]",95500.0,NGN,1679423330.0,PH,12 Wuse Rd,PH,NG,,,,,,,,,,,,,,
,,,,,,,,,,,,,,,"[{'sku': 'SKU-0008', 'qty': 2, 'price': 2500}, {'sku': 'SKU-0046', 'qty': 1, 'price': 7500}, {'sku': 'SKU-0095', 'qty': 2, 'price': 3500}, {'sku': 'SKU-0096', 'qty': 2, 'price': 1500}]",,,,,,,,,,ORD-000078,2023-12-29 22:56,22500.0,NGN,Lagos,"136 Garki Rd, Lagos",CUST-00553,user713@example.com,,,,
,,,,,,,,,,,,,,,"[{'sku': 'SKU-0076', 'qty': 2, 'price': 7500}]",,,,,,,,,,ORD-000079,2023-11-21 05:06,15000.0,NGN,Lagos,,CUST-00254,user318@pulse.africa,+2348025145751,,,
,,,,,,,,,,,,user91@shop.ng,+2348082445335,CUST-00050,"[{'sku': 'SKU-0052', 'qty': 1, 'price': 9000}, {'sku': 'SKU-0152', 'qty': 1, 'price': 13000}]",22000.0,NGN,1698235688.0,Lagos,,,,"222 Alausa Rd, Lagos",,,,,,,,,,,,,
,,,,,,,,,,,,,,,"[{'sku': 'SKU-0147', 'qty': 3, 'price': 7000}, {'sku': 'SKU-0060', 'qty': 2, 'price': 18200}, {'sku': 'SKU-0169', 'qty': 3, 'price': 9200}]",,,,,,,,,,ORD-000081,2023-11-13 19:40,85000.0,NGN,PH,,,user1212@mail.com,+2348067337891,13 Sabon Gari Rd,PH,NG
,,,,,,,,,,,,user296@shop.ng,+2348085482164,,"[{'sku': 'SKU-0178', 'qty': 2, 'price': 19000}, {'sku': 'SKU-0038', 'qty': 2, 'price': 7500}, {'sku': 'SKU-0047', 'qty': 3, 'price': 13000}]",92000.0,NGN,1685320627.0,PH,,,,"107 GRA Rd, PH",,,,,,,,,,,,,
ORD-000083,2023-03-20 23:14:08+00:00,user1380@example.com,+2348035254849,CUST-00053,"[{'sku': 'SKU-0115', 'quantity': 2, 'unit_price': 18000}]",36000.0,NGN,Kano,151 GRA Rd,Kano,NG,,,,,,,,,,,,,,,,,,,,,,,,,
,,,,,,,,,,,,,,,"[{'sku': 'SKU-0003', 'qty': 1, 'price': 2700}, {'sku': 'SKU-0189', 'qty': 1, 'price': 5000}, {'sku': 'SKU-0062', 'qty': 3, 'price': 18200}]",,,,,,,,,,ORD-000084,2023-12-04 16:05,62300.0,NGN,Kano,"67 Sabon Gari Rd, Kano",,user580@shop.ng,+2348097069904,,,
ORD-000085,2023-06-30 23:28:21+00:00,user605@mail.com,+2348040872577,CUST-00594,"[{'sku': 'SKU-0194', 'quantity': 2, 'unit_price': 2700}, {'sku': 'SKU-0094', 'quantity': 2, 'unit_price': 7500}, {'sku': 'SKU-0011', 'quantity': 3, 'unit_price': 25200}, {'sku': 'SKU-0189', 'quantity': 1, 'unit_price': 4000}]",100000.0,NGN,Lagos,,,,,,,,,,,,,,,,"214 Garki Rd, Lagos",,,,,,,,,,,,
,,,,,,,,,,,,user1074@example.com,+2348019976458,CUST-00658,"[{'productSku': 'SKU-0195', 'qty': 2, 'price': 19000}, {'productSku': 'SKU-0117', 'qty': 1, 'price': 7000}, {'productSku': 'SKU-0043', 'qty': 1, 'price': 7500}]",52500.0,NGN,1695510839.0,Kano,172 Alausa Rd,Kano,NG,,,,,,,,,,,,,,
,,,,,,,,,,,,user843@example.com,,,"[{'sku': 'SKU-0002', 'qty': 1, 'price': 7500}, {'sku': 'SKU-0095', 'qty': 1, 'price': 3500}]",11000.0,NGN,1680296816.0,Lagos,138 Sabon Gari Rd,Lagos,NG,,,,,,,,,,,,,,
,,,,,,,,,,,,user548@shop.ng,,CUST-00259,"[{'sku': 'SKU-0024', 'qty': 3, 'price': 9200}]",27600.0,NGN,1686978839.0,Abuja,118 GRA Rd,Abuja,NG,,,,,,,,,,,,,,
ORD-000089,2023-09-23 15:43:48+00:00,,,CUST-00653,"[{'sku': 'SKU-0023', 'quantity': 2, 'unit_price': 3500}]",7000.0,NGN,Lagos,,,,,,,,,,,,,,,,"112 Sabon Gari Rd, Lagos",,,,,,,,,,,,
,,,,,,,,,,,,,,,"[{'sku': 'SKU-0058', 'qty': 1, 'price': 5000}]",,,,,,,,,,ORD-000090,2023-12-14 12:03,5000.0,NGN,PH,,CUST-00701,user1113@example.com,,5 Garki Rd,PH,NG
,,,,,,,,,,,,user680@shop.ng,+2348028783850,CUST-00694,"[{'sku': 'SKU-0076', 'qty': 1, 'price': 6700}]",6700.0,NGN,1700076113.0,Kaduna,177 Alausa Rd,Kaduna,NG,,,,,,,,,,,,,,
,,,,,,,,,,,,,,,"[{'sku': 'SKU-0214', 'qty': 1, 'price': 12500}, {'sku': 'SKU-0154', 'qty': 3, 'price': 5000}]",,,,,,,,,,ORD-000092,2023-02-07 22:29,29.47,USD,Kaduna,,,user923@shop.ng,+2348084227466,111 Garki Rd,Kaduna,NG
,,,,,,,,,,,,user210@mail.com,,CUST-00369,"[{'sku': 'SKU-0075', 'qty': 1, 'price': 9000}, {'sku': 'SKU-0021', 'qty': 2, 'price': 25200}, {'sku': 'SKU-0097', 'qty': 3, 'price': 6700}, {'sku': 'SKU-0189', 'qty': 2, 'price': 4500}, {'sku': 'SKU-0092', 'qty': 1, 'price': 12000}]",100500.0,NGN,1685284324.0,Lagos,,,,"143 GRA Rd, Lagos",,,,,,,,,,,,,
,,,,,,,,,,,,,,,"[{'sku': 'SKU-0152', 'qty': 3, 'price': 12500}]",,,,,,,,,,ORD-000094,2023-05-18 10:43,43.96,USD,PH,,,user174@mail.com,+2348032761034,44 Garki Rd,PH,NG
ORD-000095,2023-07-11 12:14:53+00:00,user506@shop.ng,+2348036246038,CUST-00079,"[{'sku': 'SKU-0042', 'quantity': 2, 'unit_price': 12500}]",25500.0,NGN,Abuja,,,,,,,,,,,,,,,,"35 Sabon Gari Rd, Abuja",,,,,,,,,,,,
ORD-000096,2023-05-10 00:29:19+00:00,user1006@mail.com,+2348047621248,,"[{'sku': 'SKU-0205', 'quantity': 2, 'unit_price': 7500}, {'sku': 'SKU-0085', 'quantity': 2, 'unit_price': 25200}, {'sku': 'SKU-0076', 'quantity': 2, 'unit_price': 6700}, {'sku': 'SKU-0122', 'quantity': 2, 'unit_price': 6700}]",99.03,USD,PH,101 Sabon Gari Rd,PH,NG,,,,,,,,,,,,,,,,,,,,,,,,,
,,,,,,,,,,,,user773@example.com,+2348090253323,CUST-00733,"[{'sku': 'SKU-0046', 'qty': 3, 'price': 6500}, {'sku': 'SKU-0186', 'qty': 2, 'price': 4200}, {'sku': 'SKU-0112', 'qty': 2, 'price': 25000}, {'sku': 'SKU-0209', 'qty': 2, 'price': 7500}, {'sku': 'SKU-0035', 'qty': 3, 'price': 9500}]",121400.0,NGN,1679235377.0,PH,,,,"103 GRA Rd, PH",,,,,,,,,,,,,
,,,,,,,,,,,,user341@example.com,+2348096574622,,"[{'productSku': 'SKU-0202', 'qty': 2, 'price': 4000}]",8000.0,NGN,1686567042.0,PH,103 Sabon Gari Rd,PH,NG,,,,,,,,,,,,,,
,,,,,,,,,,,,,,,"[{'sku': 'SKU-0130', 'qty': 3, 'price': 4200}, {'sku': 'SKU-0114', 'qty': 2, 'price': 3500}]",,,,,,,,,,ORD-000099,2023-02-08 07:04,19600.0,NGN,Kano,"247 Alausa Rd, Kano",CUST-00708,user707@example.com,+2348049652241,,,
,,,,,,,,,,,,user1456@example.com,,CUST-00069,"[{'productSku': 'SKU-0087', 'qty': 2, 'price': 25200}, {'productSku': 'SKU-0133', 'qty': 2, 'price': 9500}, {'productSku': 'SKU-0121', 'qty': 1, 'price': 10000}]",79400.0,NGN,1677285030.0,Kano,,,,"28 Garki Rd, Kano",,,,,,,,,,,,,
,,,,,,,,,,,,user811@example.com,+2348036484437,,"[{'sku': 'SKU-0084', 'qty': 3, 'price': 3500}, {'sku': 'SKU-0118', 'qty': 1, 'price': 7500}]",18000.0,NGN,1678384879.0,PH,,,,"110 Wuse Rd, PH",,,,,,,,,,,,,
ORD-000102,2023-10-20 04:10:54+00:00,user1380@pulse.africa,+2348089211057,CUST-00469,"[{'sku': 'SKU-0026', 'quantity': 3, 'unit_price': 6700}, {'sku': 'SKU-0093', 'quantity': 2, 'unit_price': 25200}, {'sku': 'SKU-0117', 'quantity': 1, 'unit_price': 7000}, {'sku': 'SKU-0171', 'quantity': 2, 'unit_price': 4500}, {'sku': 'SKU-0152', 'quantity': 2, 'unit_price': 13000}]",112500.0,NGN,Lagos,,,,,,,,,,,,,,,,,,,,,,,,,,,,
,,,,,,,,,,,,,,,"[{'sku': 'SKU-0046', 'qty': 2, 'price': 6700}]",,,,,,,,,,ORD-000103,2023-04-03 15:39,13400.0,NGN,Kano,,CUST-00142,user867@mail.com,+2348082125824,166 Garki Rd,Kano,NG
ORD-000104,2023-04-23 04:08:06+00:00,user1014@shop.ng,+2348065784972,CUST-00576,"[{'sku': 'SKU-0080', 'quantity': 2, 'unit_price': 1500}, {'sku': 'SKU-0091', 'quantity': 1, 'unit_price': 10000}]",13000.0,NGN,Abuja,114 Wuse Rd,Abuja,NG,,,,,,,,,,,,,,,,,,,,,,,,,
,,,,,,,,,,,,,+2348059239353,,"[{'productSku': 'SKU-0008', 'qty': 2, 'price': 1700}, {'productSku': 'SKU-0137', 'qty': 2, 'price': 1700}, {'productSku': 'SKU-0199', 'qty': 2, 'price': 5000}]",16800.0,NGN,1673566713.0,Abuja,,,,"194 Alausa Rd, Abuja",,,,,,,,,,,,,
,,,,,,,,,,,,,,,"[{'sku': 'SKU-0076', 'qty': 1, 'price': 7500}, {'sku': 'SKU-0067', 'qty': 2, 'price': 9000}]",,,,,,,,,,ORD-000106,2023-06-15 02:43,25500.0,NGN,Lagos,,CUST-00795,user430@pulse.africa,+2348091907952,43 GRA Rd,Lagos,NG
,,,,,,,,,,,,,,,"[{'sku': 'SKU-0145', 'qty': 2, 'price': 7000}]",,,,,,,,,,ORD-000107,2023-11-12 22:38,14000.0,NGN,Abuja,,,user600@pulse.africa,+2348079043610,174 Alausa Rd,Abuja,NG
ORD-000108,2023-12-23 19:32:42+00:00,user769@shop.ng,,CUST-00276,"[{'sku': 'SKU-0167', 'quantity': 1, 'unit_price': 9200}, {'sku': 'SKU-0063', 'quantity': 1, 'unit_price': 25500}, {'sku': 'SKU-0212', 'quantity': 1, 'unit_price': 13000}]",47700.0,NGN,Lagos,197 Alausa Rd,Lagos,NG,,,,,,,,,,,,,,,,,,,,,,,,,
,,,,,,,,,,,,user662@pulse.africa,+2348087568940,CUST-00217,"[{'productSku': 'SKU-0124', 'qty': 2, 'price': 2500}, {'productSku': 'SKU-0198', 'qty': 3, 'price': 18000}, {'productSku': 'SKU-0187', 'qty': 2, 'price': 2000}, {'productSku': 'SKU-0217', 'qty': 1, 'price': 10000}]",73000.0,NGN,1681866904.0,Kano,,,,,,,,,,,,,,,,,
,,,,,,,,,,,,user2@shop.ng,+2348027705074,CUST-00162,"[{'productSku': 'SKU-0025', 'qty': 3, 'price': 13000}]",39000.0,NGN,1698108200.0,Lagos,78 Garki Rd,Lagos,NG,,,,,,,,,,,,,,
,,,,,,,,,,,,,,,"[{'sku': 'SKU-0021', 'qty': 2, 'price': 25200}, {'sku': 'SKU-0013', 'qty': 2, 'price': 4500}, {'sku': 'SKU-0185', 'qty': 3, 'price': 2700}]",,,,,,,,,,ORD-000111,2023-09-12 05:12,67500.0,NGN,Kano,,,,+2348020460758,,,
,,,,,,,,,,,,,+2348023747542,CUST-00490,"[{'sku': 'SKU-0178', 'qty': 2, 'price': 18000}]",37.58,USD,1687465166.0,Lagos,,,,,,,,,,,,,,,,,
ORD-000113,2023-10-28 09:10:27+00:00,user844@shop.ng,+2348021635070,CUST-00644,"[{'sku': 'SKU-0017', 'quantity': 3, 'unit_price': 2500}, {'sku': 'SKU-0156', 'quantity': 3, 'unit_price': 12200}]",44100.0,NGN,Abuja,36 Alausa Rd,Abuja,NG,,,,,,,,,,,,,,,,,,,,,,,,,
ORD-000114,2023-05-17 12:32:58+00:00,user421@mail.com,+2348049666982,CUST-00675,"[{'sku': 'SKU-0202', 'quantity': 1, 'unit_price': 4200}, {'sku': 'SKU-0070', 'quantity': 3, 'unit_price': 4000}, {'sku': 'SKU-0063', 'quantity': 3, 'unit_price': 25500}]",92700.0,NGN,Kaduna,201 Garki Rd,Kaduna,NG,,,,,,,,,,,,,,,,,,,,,,,,,
,,,,,,,,,,,,,,,"[{'sku': 'SKU-0018', 'qty': 3, 'price': 18000}, {'sku': 'SKU-0092', 'qty': 2, 'price': 12200}, {'sku': 'SKU-0099', 'qty': 3, 'price': 3500}, {'sku': 'SKU-0093', 'qty': 3, 'price': 25200}, {'sku': 'SKU-0195', 'qty': 2, 'price': 18000}]",,,,,,,,,,ORD-000115,2023-04-04 15:02,200500.0,NGN,Kaduna,"161 GRA Rd, Kaduna",,user82@example.com,+2348063415303,,,
ORD-000116,2023-09-30 13:20:57+00:00,user319@pulse.africa,+2348095133532,CUST-00524,"[{'sku': 'SKU-0163', 'quantity': 3, 'unit_price': 9200}]",27600.0,NGN,Kaduna,167 Alausa Rd,Kaduna,NG,,,,,,,,,,,,,,,,,,,,,,,,,
ORD-000117,2023-10-11 11:42:18+00:00,user1348@mail.com,,CUST-00057,"[{'sku': 'SKU-0062', 'quantity': 1, 'unit_price': 19000}]",19000.0,NGN,Abuja,180 Alausa Rd,Abuja,NG,,,,,,,,,,,,,,,,,,,,,,,,,
ORD-000118,2023-07-23 02:45:47+00:00,,+2348087396877,,"[{'sku': 'SKU-0042', 'quantity': 2, 'unit_price': 12200}, {'sku': 'SKU-0191', 'quantity': 2, 'unit_price': 1500}, {'sku': 'SKU-0197', 'quantity': 1, 'unit_price': 4500}]",31900.0,NGN,PH,128 Wuse Rd,PH,NG,,,,,,,,,,,,,,,,,,,,,,,,,
,,,,,,,,,,,,,,,"[{'sku': 'SKU-0094', 'qty': 1, 'price': 7000}, {'sku': 'SKU-0197', 'qty': 1, 'price': 4000}]",,,,,,,,,,ORD-000119,2023-07-14 00:42,11000.0,NGN,PH,"236 Garki Rd, PH",CUST-00046,user26@mail.com,,,,
,,,,,,,,,,,,,,,"[{'sku': 'SKU-0082', 'qty': 1, 'price': 7500}, {'sku': 'SKU-0184', 'qty': 2, 'price': 2000}]",,,,,,,,,,ORD-000120,2023-08-03 17:04,11500.0,NGN,Kaduna,,CUST-00123,user108@mail.com,+2348079226031,245 Wuse Rd,Kaduna,NG
ORD-000121,2023-12-03 08:00:19+00:00,user1011@mail.com,+2348083357939,,"[{'sku': 'SKU-0083', 'quantity': 1, 'unit_price': 7500}, {'sku': 'SKU-0002', 'quantity': 2, 'unit_price': 6700}, {'sku': 'SKU-0074', 'quantity': 3, 'unit_price': 3000}]",30400.0,NGN,Kano,63 Garki Rd,Kano,NG,,,,,,,,,,,,,,,,,,,,,,,,,
ORD-000122,2023-01-10 06:51:35+00:00,,+2348079760901,CUST-00096,"[{'sku': 'SKU-0088', 'quantity': 3, 'unit_price': 4000}, {'sku': 'SKU-0085', 'quantity': 1, 'unit_price': 26000}, {'sku': 'SKU-0217', 'quantity': 3, 'unit_price': 9500}, {'sku': 'SKU-0026', 'quantity': 1, 'unit_price': 6700}, {'sku': 'SKU-0107', 'quantity': 2, 'unit_price': 25000}]",139.05,USD,Abuja,,,,,,,,,,,,,,,,"230 Sabon Gari Rd, Abuja",,,,,,,,,,,,
,,,,,,,,,,,,user268@mail.com,+2348052279780,CUST-00446,"[{'sku': 'SKU-0129', 'qty': 1, 'price': 19000}]",19000.0,NGN,1675380052.0,PH,101 Sabon Gari Rd,PH,NG,,,,,,,,,,,,,,
,,,,,,,,,,,,,,,"[{'sku': 'SKU-0027', 'qty': 1, 'price': 2500}, {'sku': 'SKU-0042', 'qty': 2, 'price': 13000}, {'sku': 'SKU-0080', 'qty': 2, 'price': 1500}, {'sku': 'SKU-0137', 'qty': 2, 'price': 1700}, {'sku': 'SKU-0115', 'qty': 2, 'price': 19000}]",,,,,,,,,,ORD-000124,2023-03-20 17:25,72900.0,NGN,Abuja,,,user1406@pulse.africa,+2348090973889,,,
ORD-000125,2023-02-27 14:28:40+00:00,user927@mail.com,,,"[{'sku': 'SKU-0091', 'quantity': 2, 'unit_price': 9000}, {'sku': 'SKU-0173', 'quantity': 2, 'unit_price': 7000}]",32000.0,NGN,Lagos,,,,,,,,,,,,,,,,,,,,,,,,,,,,
,,,,,,,,,,,,,,,"[{'sku': 'SKU-0033', 'qty': 1, 'price': 13000}, {'sku': 'SKU-0095', 'qty': 3, 'price': 2500}]",,,,,,,,,,ORD-000126,2023-01-05 15:26,20500.0,NGN,Lagos,"33 Alausa Rd, Lagos",,user45@example.com,+2348096702893,,,
ORD-000127,2023-02-17 14:02:26+00:00,user305@example.com,+2348092809273,CUST-00282,"[{'sku': 'SKU-0012', 'quantity': 1, 'unit_price': 10000}, {'sku': 'SKU-0210', 'quantity': 3, 'unit_price': 13000}, {'sku': 'SKU-0127', 'quantity': 1, 'unit_price': 19000}, {'sku': 'SKU-0174', 'quantity': 2, 'unit_price': 12200}]",92400.0,NGN,Lagos,,,,,,,,,,,,,,,,"76 Wuse Rd, Lagos",,,,,,,,,,,,
,,,,,,,,,,,,user1114@example.com,+2348058199211,CUST-00539,"[{'sku': 'SKU-0071', 'qty': 2, 'price': 1700}]",3400.0,NGN,1688604810.0,Lagos,,,,"201 Wuse Rd, Lagos",,,,,,,,,,,,,
ORD-000129,2023-05-31 19:58:33+00:00,user477@mail.com,,CUST-00367,"[{'sku': 'SKU-0006', 'quantity': 2, 'unit_price': 1700}, {'sku': 'SKU-0007', 'quantity': 2, 'unit_price': 6500}]",16400.0,NGN,Kano,69 GRA Rd,Kano,NG,,,,,,,,,,,,,,,,,,,,,,,,,
,,,,,,,,,,,,user1009@pulse.africa,,CUST-00193,"[{'sku': 'SKU-0216', 'qty': 2, 'price': 4500}, {'sku': 'SKU-0214', 'qty': 1, 'price': 12200}, {'sku': 'SKU-0060', 'qty': 3, 'price': 18500}, {'sku': 'SKU-0206', 'qty': 3, 'price': 25500}, {'sku': 'SKU-0151', 'qty': 1, 'price': 7000}]",180.81,USD,1674407183.0,Abuja,,,,,,,,,,,,,,,,,
,,,,,,,,,,,,,,,"[{'sku': 'SKU-0084', 'qty': 3, 'price': 2700}]",,,,,,,,,,ORD-000131,2023-07-24 10:51,8100.0,NGN,Kaduna,,CUST-00182,user663@example.com,,235 Garki Rd,Kaduna,NG
,,,,,,,,,,,,user323@shop.ng,+2348075390879,CUST-00331,"[{'productSku': 'SKU-0095', 'qty': 3, 'price': 3500}]",10500.0,NGN,1701410475.0,Kano,45 GRA Rd,Kano,NG,,,,,,,,,,,,,,
ORD-000133,2023-03-28 16:43:17+00:00,user67@mail.com,+2348092058189,CUST-00790,"[{'sku': 'SKU-0096', 'quantity': 2, 'unit_price': 2000}, {'sku': 'SKU-0032', 'quantity': 1, 'unit_price': 12000}]",16.84,USD,PH,,,,,,,,,,,,,,,,"145 Alausa Rd, PH",,,,,,,,,,,,
,,,,,,,,,,,,,,,"[{'sku': 'SKU-0088', 'qty': 2, 'price': 4200}, {'sku': 'SKU-0162', 'qty': 1, 'price': 7000}]",,,,,,,,,,ORD-000134,2023-05-09 14:42,15400.0,NGN,Lagos,,,user139@pulse.africa,+2348024500158,13 Wuse Rd,Lagos,NG
ORD-000135,2023-03-06 14:23:11+00:00,,+2348060393104,,"[{'sku': 'SKU-0096', 'quantity': 2, 'unit_price': 2500}, {'sku': 'SKU-0025', 'quantity': 2, 'unit_price': 12200}, {'sku': 'SKU-0041', 'quantity': 2, 'unit_price': 6500}, {'sku': 'SKU-0204', 'quantity': 1, 'unit_price': 2000}]",44400.0,NGN,Kaduna,,,,,,,,,,,,,,,,,,,,,,,,,,,,
,,,,,,,,,,,,,,,"[{'sku': 'SKU-0123', 'qty': 3, 'price': 25000}, {'sku': 'SKU-0110', 'qty': 3, 'price': 18200}, {'sku': 'SKU-0155', 'qty': 2, 'price': 9200}, {'sku': 'SKU-0013', 'qty': 1, 'price': 4500}, {'sku': 'SKU-0052', 'qty': 1, 'price': 10000}]",,,,,,,,,,ORD-000136,2023-05-12 05:55,162500.0,NGN,PH,,CUST-00748,user1353@pulse.africa,+2348022873617,,,
ORD-000137,2023-03-01 15:33:43+00:00,user237@pulse.africa,+2348073209094,CUST-00084,"[{'sku': 'SKU-0000', 'quantity': 2, 'unit_price': 2500}, {'sku': 'SKU-0075', 'quantity': 3, 'unit_price': 10000}, {'sku': 'SKU-0051', 'quantity': 1, 'unit_price': 6500}]",41500.0,NGN,Lagos,,,,,,,,,,,,,,,,"170 Sabon Gari Rd, Lagos",,,,,,,,,,,,
,,,,,,,,,,,,,+2348099586100,,"[{'productSku': 'SKU-0097', 'qty': 2, 'price': 6700}, {'productSku': 'SKU-0114', 'qty': 1, 'price': 3000}, {'productSku': 'SKU-0112', 'qty': 2, 'price': 25500}]",67400.0,NGN,1685534452.0,Abuja,,,,,,,,,,,,,,,,,
ORD-000139,2023-10-21 18:41:21+00:00,user162@shop.ng,+2348014661179,CUST-00242,"[{'sku': 'SKU-0141', 'quantity': 1, 'unit_price': 5000}, {'sku': 'SKU-0209', 'quantity': 3, 'unit_price': 7500}]",28.32,USD,PH,,,,,,,,,,,,,,,,"231 GRA Rd, PH",,,,,,,,,,,,
,,,,,,,,,,,,user868@example.com,+2348068437492,CUST-00198,"[{'productSku': 'SKU-0193', 'qty': 2, 'price': 6700}]",15.02,USD,1693344112.0,Abuja,,,,"211 Garki Rd, Abuja",,,,,,,,,,,,,
,,,,,,,,,,,,user26@shop.ng,,CUST-00533,"[{'sku': 'SKU-0099', 'qty': 3, 'price': 3500}]",10500.0,NGN,1703205787.0,Lagos,,,,,,,,,,,,,,,,,
,,,,,,,,,,,,,,,"[{'sku': 'SKU-0199', 'qty': 1, 'price': 4500}, {'sku': 'SKU-0137', 'qty': 2, 'price': 2500}, {'sku': 'SKU-0067', 'qty': 2, 'price': 10000}, {'sku': 'SKU-0146', 'qty': 3, 'price': 3500}, {'sku': 'SKU-0009', 'qty': 1, 'price': 7000}]",,,,,,,,,,ORD-000142,2023-12-26 04:57,47000.0,NGN,Lagos,,CUST-00698,user80@shop.ng,+2348054492381,13 Wuse Rd,Lagos,NG
ORD-000143,2023-01-08 20:35:03+00:00,user854@example.com,+2348038372352,CUST-00329,"[{'sku': 'SKU-0079', 'quantity': 2, 'unit_price': 13000}, {'sku': 'SKU-0219', 'quantity': 3, 'unit_price': 18000}, {'sku': 'SKU-0058', 'quantity': 1, 'unit_price': 4500}]",87.75,USD,Kano,105 Wuse Rd,Kano,NG,,,,,,,,,,,,,,,,,,,,,,,,,
ORD-000144,2023-11-15 20:26:12+00:00,user408@pulse.africa,+2348072306347,,"[{'sku': 'SKU-0202', 'quantity': 1, 'unit_price': 4000}, {'sku': 'SKU-0079', 'quantity': 3, 'unit_price': 13000}, {'sku': 'SKU-0034', 'quantity': 3, 'unit_price': 6500}, {'sku': 'SKU-0044', 'quantity': 1, 'unit_price': 12200}, {'sku': 'SKU-0214', 'quantity': 1, 'unit_price': 12200}]",86900.0,NGN,Lagos,,,,,,,,,,,,,,,,"163 Alausa Rd, Lagos",,,,,,,,,,,,
,,,,,,,,,,,,,,,"[{'sku': 'SKU-0114', 'qty': 1, 'price': 3500}, {'sku': 'SKU-0150', 'qty': 3, 'price': 12500}, {'sku': 'SKU-0088', 'qty': 1, 'price': 4500}, {'sku': 'SKU-0191', 'qty': 3, 'price': 1500}, {'sku': 'SKU-0072', 'qty': 1, 'price': 10000}]",,,,,,,,,,ORD-000145,2023-05-25 15:38,60000.0,NGN,Kaduna,,CUST-00799,user454@mail.com,+2348046115786,132 Alausa Rd,Kaduna,NG
,,,,,,,,,,,,user772@pulse.africa,+2348039287523,CUST-00282,"[{'productSku': 'SKU-0165', 'qty': 1, 'price': 9000}, {'productSku': 'SKU-0057', 'qty': 2, 'price': 2000}]",13000.0,NGN,1672829766.0,Kaduna,,,,"174 GRA Rd, Kaduna",,,,,,,,,,,,,
,,,,,,,,,,,,,,,"[{'sku': 'SKU-0143', 'qty': 3, 'price': 3000}, {'sku': 'SKU-0076', 'qty': 3, 'price': 6500}, {'sku': 'SKU-0123', 'qty': 1, 'price': 25500}]",,,,,,,,,,ORD-000147,2023-01-03 20:29,57.88,USD,PH,,CUST-00268,user1335@pulse.africa,+2348079429969,231 Alausa Rd,PH,NG
,,,,,,,,,,,,user1172@mail.com,+2348039845082,CUST-00598,"[{'productSku': 'SKU-0184', 'qty': 1, 'price': 2500}, {'productSku': 'SKU-0075', 'qty': 2, 'price': 10000}]",22500.0,NGN,1686090493.0,Kano,164 Wuse Rd,Kano,NG,,,,,,,,,,,,,,
,,,,,,,,,,,,user1200@pulse.africa,+2348025808361,CUST-00340,"[{'sku': 'SKU-0046', 'qty': 2, 'price': 6500}, {'sku': 'SKU-0120', 'qty': 1, 'price': 18500}, {'sku': 'SKU-0185', 'qty': 3, 'price': 2700}, {'sku': 'SKU-0174', 'qty': 2, 'price': 12000}, {'sku': 'SKU-0056', 'qty': 2, 'price': 25200}]",114000.0,NGN,1682604066.0,Abuja,,,,"222 GRA Rd, Abuja",,,,,,,,,,,,,
ORD-000150,2023-12-12 10:03:06+00:00,,+2348033732951,CUST-00798,"[{'sku': 'SKU-0030', 'quantity': 3, 'unit_price': 3500}, {'sku': 'SKU-0135', 'quantity': 2, 'unit_price': 7500}, {'sku': 'SKU-0013', 'quantity': 1, 'unit_price': 4200}, {'sku': 'SKU-0051', 'quantity': 2, 'unit_price': 7500}, {'sku': 'SKU-0145', 'quantity': 2, 'unit_price': 6700}]",58100.0,NGN,Abuja,,,,,,,,,,,,,,,,"15 Alausa Rd, Abuja",,,,,,,,,,,,
,,,,,,,,,,,,,,,"[{'sku': 'SKU-0195', 'qty': 1, 'price': 19000}, {'sku': 'SKU-0201', 'qty': 1, 'price': 6700}, {'sku': 'SKU-0157', 'qty': 2, 'price': 2500}, {'sku': 'SKU-0103', 'qty': 2, 'price': 7500}, {'sku': 'SKU-0098', 'qty': 1, 'price': 6500}]",,,,,,,,,,ORD-000151,2023-10-23 14:50,52200.0,NGN,Abuja,,CUST-00015,user1088@mail.com,,,,
,,,,,,,,,,,,,,,"[{'sku': 'SKU-0033', 'qty': 1, 'price': 13000}, {'sku': 'SKU-0128', 'qty': 3, 'price': 25500}, {'sku': 'SKU-0042', 'qty': 1, 'price': 12000}]",,,,,,,,,,ORD-000152,2023-09-27 08:07,101500.0,NGN,Kano,"231 Wuse Rd, Kano",,user1222@pulse.africa,+2348027956913,,,
,,,,,,,,,,,,,,,"[{'sku': 'SKU-0058', 'qty': 1, 'price': 4200}]",,,,,,,,,,ORD-000153,2023-03-06 00:49,4200.0,NGN,Kaduna,"164 Sabon Gari Rd, Kaduna",,user253@pulse.africa,+2348015014834,,,
,,,,,,,,,,,,user254@pulse.africa,+2348030552371,,"[{'sku': 'SKU-0169', 'qty': 1, 'price': 9000}]",9000.0,NGN,1674161507.0,PH,,,,"176 Alausa Rd, PH",,,,,,,,,,,,,
,,,,,,,,,,,,,+2348037876214,CUST-00165,"[{'sku': 'SKU-0155', 'qty': 3, 'price': 9200}, {'sku': 'SKU-0107', 'qty': 1, 'price': 25000}, {'sku': 'SKU-0072', 'qty': 1, 'price': 9000}, {'sku': 'SKU-0127', 'qty': 1, 'price': 18200}, {'sku': 'SKU-0199', 'qty': 2, 'price': 4200}]",88700.0,NGN,1689989880.0,Kano,124 Sabon Gari Rd,Kano,NG,,,,,,,,,,,,,,
,,,,,,,,,,,,,,,"[{'sku': 'SKU-0171', 'qty': 2, 'price': 4200}, {'sku': 'SKU-0023', 'qty': 3, 'price': 2500}, {'sku': 'SKU-0185', 'qty': 3, 'price': 2500}, {'sku': 'SKU-0065', 'qty': 3, 'price': 1700}, {'sku': 'SKU-0116', 'qty': 2, 'price': 12500}]",,,,,,,,,,ORD-000156,2023-12-19 04:44,53500.0,NGN,Lagos,"30 Alausa Rd, Lagos",,user81@pulse.africa,+2348051970837,,,
,,,,,,,,,,,,,,,"[{'sku': 'SKU-0084', 'qty': 2, 'price': 3500}, {'sku': 'SKU-0159', 'qty': 2, 'price': 6500}]",,,,,,,,,,ORD-000157,2023-01-04 18:09,20000.0,NGN,Abuja,,CUST-00117,user935@pulse.africa,+2348074188958,167 Garki Rd,Abuja,NG
,,,,,,,,,,,,user1402@mail.com,+2348075514730,CUST-00368,"[{'sku': 'SKU-0026', 'qty': 2, 'price': 7500}, {'sku': 'SKU-0205', 'qty': 3, 'price': 7500}]",37500.0,NGN,1696905512.0,Lagos,,,,,,,,,,,,,,,,,
ORD-000159,2023-09-12 08:47:46+00:00,user196@shop.ng,+2348043363439,CUST-00705,"[{'sku': 'SKU-0180', 'quantity': 3, 'unit_price': 12200}]",39.1,USD,Kano,,,,,,,,,,,,,,,,"170 Wuse Rd, Kano",,,,,,,,,,,,
,,,,,,,,,,,,user154@shop.ng,+2348054411953,CUST-00508,"[{'sku': 'SKU-0002', 'qty': 3, 'price': 6700}]",20100.0,NGN,1702463829.0,PH,13 GRA Rd,PH,NG,,,,,,,,,,,,,,
ORD-000161,2023-11-14 07:57:17+00:00,,+2348097694240,CUST-00324,"[{'sku': 'SKU-0117', 'quantity': 2, 'unit_price': 7500}]",15000.0,NGN,Abuja,,,,,,,,,,,,,,,,,,,,,,,,,,,,
,,,,,,,,,,,,,,,"[{'sku': 'SKU-0211', 'qty': 1, 'price': 3000}]",,,,,,,,,,ORD-000162,2023-08-05 08:50,3.33,USD,PH,"197 GRA Rd, PH",CUST-00468,user745@example.com,+2348070996586,,,
,,,,,,,,,,,,user288@shop.ng,,,"[{'productSku': 'SKU-0029', 'qty': 1, 'price': 2700}, {'productSku': 'SKU-0000', 'qty': 2, 'price': 3000}, {'productSku': 'SKU-0212', 'qty': 3, 'price': 12500}, {'productSku': 'SKU-0140', 'qty': 3, 'price': 25500}]",122700.0,NGN,1694582072.0,Kano,49 Alausa Rd,Kano,NG,,,,,,,,,,,,,,
ORD-000164,2023-11-17 05:24:05+00:00,user9@example.com,+2348068090825,CUST-00138,"[{'sku': 'SKU-0027', 'quantity': 2, 'unit_price': 2500}, {'sku': 'SKU-0162', 'quantity': 3, 'unit_price': 6500}, {'sku': 'SKU-0197', 'quantity': 2, 'unit_price': 5000}]",34500.0,NGN,Abuja,124 GRA Rd,Abuja,NG,,,,,,,,,,,,,,,,,,,,,,,,,
,,,,,,,,,,,,,,,"[{'sku': 'SKU-0187', 'qty': 1, 'price': 1500}, {'sku': 'SKU-0099', 'qty': 3, 'price': 3000}]",,,,,,,,,,ORD-000165,2023-09-26 16:12,10500.0,NGN,PH,,CUST-00624,user509@pulse.africa,+2348056017729,116 Garki Rd,PH,NG
,,,,,,,,,,,,user1332@mail.com,+2348095480242,CUST-00136,"[{'sku': 'SKU-0215', 'qty': 3, 'price': 3000}, {'sku': 'SKU-0182', 'qty': 3, 'price': 25200}, {'sku': 'SKU-0051', 'qty': 1, 'price': 7000}]",91600.0,NGN,1696019781.0,PH,,,,"30 Sabon Gari Rd, PH",,,,,,,,,,,,,
,,,,,,,,,,,,,+2348037380537,,"[{'productSku': 'SKU-0073', 'qty': 2, 'price': 4000}, {'productSku': 'SKU-0133', 'qty': 1, 'price': 9000}, {'productSku': 'SKU-0097', 'qty': 1, 'price': 6500}, {'productSku': 'SKU-0171', 'qty': 1, 'price': 4200}, {'productSku': 'SKU-0068', 'qty': 1, 'price': 12500}]",40200.0,NGN,1696358995.0,Kaduna,9 Sabon Gari Rd,Kaduna,NG,,,,,,,,,,,,,,
,,,,,,,,,,,,user854@pulse.africa,+2348017221208,,"[{'sku': 'SKU-0190', 'qty': 3, 'price': 10000}, {'sku': 'SKU-0060', 'qty': 3, 'price': 18500}]",85500.0,NGN,1697344450.0,PH,,,,,,,,,,,,,,,,,
ORD-000169,2023-11-19 08:00:24+00:00,user1053@example.com,+2348067513345,,"[{'sku': 'SKU-0193', 'quantity': 3, 'unit_price': 6700}, {'sku': 'SKU-0198', 'quantity': 3, 'unit_price': 18200}, {'sku': 'SKU-0075', 'quantity': 2, 'unit_price': 9200}]",107.13,USD,Abuja,,,,,,,,,,,,,,,,"68 Garki Rd, Abuja",,,,,,,,,,,,
ORD-000170,2023-01-03 04:36:59+00:00,user377@example.com,+2348031390345,CUST-00539,"[{'sku': 'SKU-0181', 'quantity': 1, 'unit_price': 9000}, {'sku': 'SKU-0039', 'quantity': 2, 'unit_price': 25000}, {'sku': 'SKU-0198', 'quantity': 3, 'unit_price': 18500}, {'sku': 'SKU-0125', 'quantity': 3, 'unit_price': 2000}]",120500.0,NGN,Kano,,,,,,,,,,,,,,,,"138 Wuse Rd, Kano",,,,,,,,,,,,
,,,,,,,,,,,,,,,"[{'sku': 'SKU-0084', 'qty': 2, 'price': 3000}, {'sku': 'SKU-0055', 'qty': 3, 'price': 7500}, {'sku': 'SKU-0143', 'qty': 3, 'price': 2500}]",,,,,,,,,,ORD-000171,2023-12-10 01:51,36000.0,NGN,Abuja,"204 Alausa Rd, Abuja",CUST-00247,user1257@mail.com,+2348053075436,,,
,,,,,,,,,,,,user657@example.com,+2348032467350,,"[{'sku': 'SKU-0132', 'qty': 2, 'price': 10000}]",20000.0,NGN,1696823790.0,Kano,198 GRA Rd,Kano,NG,,,,,,,,,,,,,,
,,,,,,,,,,,,,,,"[{'sku': 'SKU-0213', 'qty': 1, 'price': 18200}, {'sku': 'SKU-0137', 'qty': 3, 'price': 2500}, {'sku': 'SKU-0165', 'qty': 1, 'price': 9200}, {'sku': 'SKU-0006', 'qty': 2, 'price': 2000}]",,,,,,,,,,ORD-000173,2023-09-18 07:58,38900.0,NGN,Abuja,,,user516@example.com,+2348040554079,105 Wuse Rd,Abuja,NG
ORD-000174,2023-06-18 04:05:09+00:00,,+2348016109168,CUST-00634,"[{'sku': 'SKU-0099', 'quantity': 3, 'unit_price': 2500}]",7500.0,NGN,Kano,19 Sabon Gari Rd,Kano,NG,,,,,,,,,,,,,,,,,,,,,,,,,
,,,,,,,,,,,,,,,"[{'sku': 'SKU-0022', 'qty': 2, 'price': 3500}, {'sku': 'SKU-0097', 'qty': 2, 'price': 6500}, {'sku': 'SKU-0121', 'qty': 1, 'price': 9200}, {'sku': 'SKU-0034', 'qty': 3, 'price': 7500}, {'sku': 'SKU-0203', 'qty': 3, 'price': 3000}]",,,,,,,,,,ORD-000175,2023-04-23 13:28,68.51,USD,Kano,,,user1494@pulse.africa,+2348011496555,143 Garki Rd,Kano,NG
,,,,,,,,,,,,,,,"[{'sku': 'SKU-0137', 'qty': 3, 'price': 1500}, {'sku': 'SKU-0078', 'qty': 1, 'price': 2000}, {'sku': 'SKU-0054', 'qty': 2, 'price': 18200}, {'sku': 'SKU-0041', 'qty': 1, 'price': 6700}]",,,,,,,,,,ORD-000176,2023-08-11 10:07,49600.0,NGN,PH,,,,+2348086140729,218 GRA Rd,PH,NG
,,,,,,,,,,,,user1375@mail.com,,CUST-00339,"[{'sku': 'SKU-0064', 'qty': 1, 'price': 9200}]",9200.0,NGN,1674985524.0,Kano,231 Garki Rd,Kano,NG,,,,,,,,,,,,,,
,,,,,,,,,,,,user735@pulse.africa,+2348024607269,CUST-00492,"[{'productSku': 'SKU-0039', 'qty': 3, 'price': 25500}, {'productSku': 'SKU-0206', 'qty': 2, 'price': 26000}, {'productSku': 'SKU-0043', 'qty': 1, 'price': 7000}, {'productSku': 'SKU-0063', 'qty': 1, 'price': 26000}, {'productSku': 'SKU-0070', 'qty': 2, 'price': 4200}]",169900.0,NGN,1694657739.0,Kano,,,,,,,,,,,,,,,,,
,,,,,,,,,,,,,,,"[{'sku': 'SKU-0067', 'qty': 3, 'price': 9000}, {'sku': 'SKU-0186', 'qty': 1, 'price': 4000}]",,,,,,,,,,ORD-000179,2023-12-13 03:29,31000.0,NGN,PH,"229 GRA Rd, PH",CUST-00596,user1209@mail.com,+2348084033693,,,
,,,,,,,,,,,,,,,"[{'sku': 'SKU-0197', 'qty': 3, 'price': 4500}, {'sku': 'SKU-0034', 'qty': 2, 'price': 6500}]",,,,,,,,,,ORD-000180,2023-05-23 01:40,26500.0,NGN,Kaduna,"46 GRA Rd, Kaduna",CUST-00679,user1258@mail.com,+2348028840235,,,
,,,,,,,,,,,,user932@example.com,,CUST-00398,"[{'productSku': 'SKU-0091', 'qty': 1, 'price': 9200}, {'productSku': 'SKU-0194', 'qty': 2, 'price': 2700}, {'productSku': 'SKU-0016', 'qty': 2, 'price': 7000}, {'productSku': 'SKU-0059', 'qty': 1, 'price': 4200}]",32800.0,NGN,1701797212.0,Abuja,27 GRA Rd,Abuja,NG,,,,,,,,,,,,,,
,,,,,,,,,,,,user1238@example.com,+2348028652010,CUST-00499,"[{'sku': 'SKU-0145', 'qty': 1, 'price': 7500}, {'sku': 'SKU-0167', 'qty': 2, 'price': 9500}, {'sku': 'SKU-0150', 'qty': 3, 'price': 12000}, {'sku': 'SKU-0132', 'qty': 2, 'price': 10000}, {'sku': 'SKU-0057', 'qty': 3, 'price': 2500}]",90000.0,NGN,1681366621.0,PH,,,,"59 Alausa Rd, PH",,,,,,,,,,,,,
,,,,,,,,,,,,,,,"[{'sku': 'SKU-0154', 'qty': 3, 'price': 4000}, {'sku': 'SKU-0169', 'qty': 1, 'price': 10000}, {'sku': 'SKU-0207', 'qty': 2, 'price': 9000}]",,,,,,,,,,ORD-000183,2023-03-14 14:05,40000.0,NGN,Abuja,,CUST-00216,user1326@shop.ng,,,,
,,,,,,,,,,,,,,,"[{'sku': 'SKU-0146', 'qty': 1, 'price': 2500}]",,,,,,,,,,ORD-000184,2023-02-22 07:43,2500.0,NGN,PH,,CUST-00530,user1228@example.com,+2348098817918,243 Alausa Rd,PH,NG
,,,,,,,,,,,,user702@shop.ng,+2348019239937,CUST-00172,"[{'sku': 'SKU-0056', 'qty': 2, 'price': 25200}, {'sku': 'SKU-0203', 'qty': 3, 'price': 2700}]",58500.0,NGN,1688349210.0,Kaduna,,,,"99 Garki Rd, Kaduna",,,,,,,,,,,,,
,,,,,,,,,,,,user267@example.com,+2348097138408,CUST-00096,"[{'productSku': 'SKU-0155', 'qty': 1, 'price': 9200}, {'productSku': 'SKU-0121', 'qty': 3, 'price': 9000}]",37.01,USD,1695494773.0,Kaduna,,,,"108 Sabon Gari Rd, Kaduna",,,,,,,,,,,,,
ORD-000187,2023-03-31 02:58:00+00:00,user15@example.com,+2348060335658,,"[{'sku': 'SKU-0089', 'quantity': 3, 'unit_price': 18000}, {'sku': 'SKU-0108', 'quantity': 1, 'unit_price': 7000}, {'sku': 'SKU-0122', 'quantity': 1, 'unit_price': 6500}, {'sku': 'SKU-0072', 'quantity': 3, 'unit_price': 10000}]",97500.0,NGN,Kaduna,177 Sabon Gari Rd,Kaduna,NG,,,,,,,,,,,,,,,,,,,,,,,,,
,,,,,,,,,,,,,,,"[{'sku': 'SKU-0064', 'qty': 2, 'price': 10000}, {'sku': 'SKU-0144', 'qty': 2, 'price': 3000}, {'sku': 'SKU-0174', 'qty': 2, 'price': 12200}, {'sku': 'SKU-0105', 'qty': 3, 'price': 5000}, {'sku': 'SKU-0045', 'qty': 2, 'price': 10000}]",,,,,,,,,,ORD-000188,2023-03-02 02:38,85400.0,NGN,Kaduna,,CUST-00353,user816@mail.com,+2348098487446,,,
,,,,,,,,,,,,user298@shop.ng,+2348068435370,CUST-00006,"[{'sku': 'SKU-0130', 'qty': 2, 'price': 4500}, {'sku': 'SKU-0205', 'qty': 3, 'price': 6500}]",28500.0,NGN,1677960143.0,Lagos,,,,,,,,,,,,,,,,,
,,,,,,,,,,,,user1046@mail.com,+2348014840043,,"[{'productSku': 'SKU-0157', 'qty': 3, 'price': 2000}, {'productSku': 'SKU-0182', 'qty': 3, 'price': 25000}, {'productSku': 'SKU-0198', 'qty': 1, 'price': 19000}, {'productSku': 'SKU-0112', 'qty': 1, 'price': 25200}]",135.64,USD,1673798058.0,Kaduna,,,,"168 Alausa Rd, Kaduna",,,,,,,,,,,,,
ORD-000191,2023-10-30 19:04:40+00:00,user713@pulse.africa,+2348047112255,CUST-00573,"[{'sku': 'SKU-0171', 'quantity': 2, 'unit_price': 5000}, {'sku': 'SKU-0150', 'quantity': 1, 'unit_price': 12000}, {'sku': 'SKU-0188', 'quantity': 3, 'unit_price': 4000}]",36.88,USD,Kaduna,,,,,,,,,,,,,,,,"247 Garki Rd, Kaduna",,,,,,,,,,,,
ORD-000192,2023-08-12 06:31:08+00:00,user499@pulse.africa,+2348071585593,CUST-00387,"[{'sku': 'SKU-0044', 'quantity': 2, 'unit_price': 12000}, {'sku': 'SKU-0143', 'quantity': 1, 'unit_price': 3000}, {'sku': 'SKU-0087', 'quantity': 1, 'unit_price': 25500}]",57.44,USD,Lagos,230 GRA Rd,Lagos,NG,,,,,,,,,,,,,,,,,,,,,,,,,
ORD-000193,2023-02-15 03:41:56+00:00,user724@example.com,+2348045346197,,"[{'sku': 'SKU-0097', 'quantity': 3, 'unit_price': 6700}]",20100.0,NGN,Kano,,,,,,,,,,,,,,,,"24 Wuse Rd, Kano",,,,,,,,,,,,
ORD-000194,2023-01-30 12:38:23+00:00,user409@mail.com,+2348045622106,CUST-00195,"[{'sku': 'SKU-0121', 'quantity': 2, 'unit_price': 9500}, {'sku': 'SKU-0055', 'quantity': 3, 'unit_price': 7000}]",40000.0,NGN,PH,,,,,,,,,,,,,,,,"52 Garki Rd, PH",,,,,,,,,,,,
ORD-000195,2023-03-02 13:59:02+00:00,user988@pulse.africa,+2348076080806,CUST-00555,"[{'sku': 'SKU-0020', 'quantity': 3, 'unit_price': 10000}]",30000.0,NGN,Lagos,226 GRA Rd,Lagos,NG,,,,,,,,,,,,,,,,,,,,,,,,,
ORD-000196,2023-03-13 00:29:21+00:00,user937@example.com,+2348071749629,CUST-00703,"[{'sku': 'SKU-0101', 'quantity': 1, 'unit_price': 2700}, {'sku': 'SKU-0013', 'quantity': 3, 'unit_price': 5000}, {'sku': 'SKU-0122', 'quantity': 3, 'unit_price': 6500}]",37200.0,NGN,PH,,,,,,,,,,,,,,,,"3 Alausa Rd, PH",,,,,,,,,,,,
ORD-000197,2023-08-14 15:23:20+00:00,user859@pulse.africa,+2348063766628,CUST-00511,"[{'sku': 'SKU-0092', 'quantity': 3, 'unit_price': 12500}, {'sku': 'SKU-0047', 'quantity': 3, 'unit_price': 12500}, {'sku': 'SKU-0060', 'quantity': 2, 'unit_price': 19000}]",120.6,USD,Lagos,,,,,,,,,,,,,,,,"47 GRA Rd, Lagos",,,,,,,,,,,,
,,,,,,,,,,,,user307@shop.ng,+2348033703827,CUST-00201,"[{'sku': 'SKU-0184', 'qty': 2, 'price': 1700}]",3400.0,NGN,1695549940.0,Abuja,,,,"35 GRA Rd, Abuja",,,,,,,,,,,,,
ORD-000199,2023-04-27 12:31:16+00:00,user528@pulse.africa,,CUST-00571,"[{'sku': 'SKU-0219', 'quantity': 3, 'unit_price': 18000}, {'sku': 'SKU-0101', 'quantity': 1, 'unit_price': 2700}, {'sku': 'SKU-0015', 'quantity': 1, 'unit_price': 9500}, {'sku': 'SKU-0121', 'quantity': 3, 'unit_price': 9000}, {'sku': 'SKU-0115', 'quantity': 3, 'unit_price': 18500}]",148700.0,NGN,Kano,,,,,,,,,,,,,,,,,,,,,,,,,,,,
,,,,,,,,,,,,user691@shop.ng,+2348086723896,CUST-00172,"[{'sku': 'SKU-0166', 'qty': 3, 'price': 1700}, {'sku': 'SKU-0199', 'qty': 2, 'price': 4500}, {'sku': 'SKU-0083', 'qty': 3, 'price': 7500}, {'sku': 'SKU-0198', 'qty': 3, 'price': 19000}, {'sku': 'SKU-0020', 'qty': 2, 'price': 9500}]",112600.0,NGN,1679207126.0,PH,,,,"233 Alausa Rd, PH",,,,,,,,,,,,,
ORD-000201,2023-05-04 01:31:09+00:00,,+2348098855162,,"[{'sku': 'SKU-0154', 'quantity': 3, 'unit_price': 5000}, {'sku': 'SKU-0069', 'quantity': 2, 'unit_price': 9500}, {'sku': 'SKU-0191', 'quantity': 3, 'unit_price': 2500}]",41500.0,NGN,Kano,,,,,,,,,,,,,,,,"191 Alausa Rd, Kano",,,,,,,,,,,,
ORD-000202,2023-02-10 00:06:59+00:00,user213@pulse.africa,+2348021316066,CUST-00784,"[{'sku': 'SKU-0121', 'quantity': 3, 'unit_price': 9000}]",27000.0,NGN,Lagos,227 Wuse Rd,Lagos,NG,,,,,,,,,,,,,,,,,,,,,,,,,
,,,,,,,,,,,,,,,"[{'sku': 'SKU-0160', 'qty': 1, 'price': 9200}, {'sku': 'SKU-0134', 'qty': 1, 'price': 25000}, {'sku': 'SKU-0008', 'qty': 3, 'price': 2000}, {'sku': 'SKU-0083', 'qty': 2, 'price': 7500}]",,,,,,,,,,ORD-000203,2023-10-14 10:52,60.07,USD,Kano,,CUST-00139,user1429@mail.com,+2348071276220,163 GRA Rd,Kano,NG
,,,,,,,,,,,,user280@pulse.africa,+2348081819757,CUST-00001,"[{'productSku': 'SKU-0088', 'qty': 2, 'price': 4200}, {'productSku': 'SKU-0206', 'qty': 1, 'price': 26000}, {'productSku': 'SKU-0078', 'qty': 2, 'price': 2500}]",39400.0,NGN,1693990207.0,PH,,,,,,,,,,,,,,,,,
ORD-000205,2023-04-27 08:34:20+00:00,user163@shop.ng,+2348079338228,CUST-00388,"[{'sku': 'SKU-0204', 'quantity': 2, 'unit_price': 1700}, {'sku': 'SKU-0203', 'quantity': 1, 'unit_price': 3000}, {'sku': 'SKU-0048', 'quantity': 2, 'unit_price': 26000}, {'sku': 'SKU-0101', 'quantity': 1, 'unit_price': 2700}]",61100.0,NGN,Lagos,233 GRA Rd,Lagos,NG,,,,,,,,,,,,,,,,,,,,,,,,,
,,,,,,,,,,,,,+2348034956121,,"[{'sku': 'SKU-0207', 'qty': 2, 'price': 10000}, {'sku': 'SKU-0048', 'qty': 1, 'price': 25200}, {'sku': 'SKU-0034', 'qty': 2, 'price': 6500}, {'sku': 'SKU-0163', 'qty': 2, 'price': 10000}, {'sku': 'SKU-0069', 'qty': 3, 'price': 10000}]",108200.0,NGN,1681653479.0,Kano,73 Sabon Gari Rd,Kano,NG,,,,,,,,,,,,,,
,,,,,,,,,,,,,,,"[{'sku': 'SKU-0003', 'qty': 2, 'price': 2700}, {'sku': 'SKU-0087', 'qty': 2, 'price': 25500}]",,,,,,,,,,ORD-000207,2023-04-01 09:57,56400.0,NGN,Lagos,,CUST-00381,user65@pulse.africa,,38 Alausa Rd,Lagos,NG
ORD-000208,2023-01-28 17:21:12+00:00,user193@mail.com,+2348051890609,,"[{'sku': 'SKU-0046', 'quantity': 1, 'unit_price': 7000}, {'sku': 'SKU-0209', 'quantity': 2, 'unit_price': 6500}, {'sku': 'SKU-0031', 'quantity': 3, 'unit_price': 9200}, {'sku': 'SKU-0098', 'quantity': 2, 'unit_price': 6700}]",61000.0,NGN,PH,41 Alausa Rd,PH,NG,,,,,,,,,,,,,,,,,,,,,,,,,
,,,,,,,,,,,,user566@example.com,+2348042626898,CUST-00016,"[{'sku': 'SKU-0123', 'qty': 3, 'price': 25500}, {'sku': 'SKU-0050', 'qty': 2, 'price': 9000}, {'sku': 'SKU-0170', 'qty': 1, 'price': 2500}]",97000.0,NGN,1690010584.0,Lagos,,,,,,,,,,,,,,,,,
ORD-000210,2023-09-25 08:24:50+00:00,user123@pulse.africa,+2348081988124,CUST-00778,"[{'sku': 'SKU-0095', 'quantity': 1, 'unit_price': 2700}, {'sku': 'SKU-0040', 'quantity': 2, 'unit_price': 9000}]",20700.0,NGN,PH,33 Wuse Rd,PH,NG,,,,,,,,,,,,,,,,,,,,,,,,,
,,,,,,,,,,,,user383@pulse.africa,+2348072866875,CUST-00502,"[{'productSku': 'SKU-0187', 'qty': 1, 'price': 1500}, {'productSku': 'SKU-0176', 'qty': 2, 'price': 25500}, {'productSku': 'SKU-0185', 'qty': 1, 'price': 3000}, {'productSku': 'SKU-0010', 'qty': 2, 'price': 19000}]",93500.0,NGN,1698990944.0,Kano,,,,"213 GRA Rd, Kano",,,,,,,,,,,,,
,,,,,,,,,,,,,,,"[{'sku': 'SKU-0075', 'qty': 2, 'price': 9500}, {'sku': 'SKU-0116', 'qty': 1, 'price': 13000}, {'sku': 'SKU-0187', 'qty': 1, 'price': 1500}, {'sku': 'SKU-0158', 'qty': 2, 'price': 2700}]",,,,,,,,,,ORD-000212,2023-07-26 06:33,38900.0,NGN,Abuja,,,user794@mail.com,+2348076779917,40 GRA Rd,Abuja,NG
ORD-000213,2023-09-06 21:39:27+00:00,user414@example.com,+2348023254482,CUST-00183,"[{'sku': 'SKU-0024', 'quantity': 3, 'unit_price': 9000}]",27000.0,NGN,Kano,,,,,,,,,,,,,,,,,,,,,,,,,,,,
ORD-000214,2023-09-13 12:16:14+00:00,user852@pulse.africa,+2348017824896,,"[{'sku': 'SKU-0159', 'quantity': 3, 'unit_price': 7000}, {'sku': 'SKU-0012', 'quantity': 2, 'unit_price': 9200}, {'sku': 'SKU-0155', 'quantity': 3, 'unit_price': 9000}, {'sku': 'SKU-0003', 'quantity': 1, 'unit_price': 3500}, {'sku': 'SKU-0213', 'quantity': 1, 'unit_price': 19000}]",88900.0,NGN,Kaduna,69 GRA Rd,Kaduna,NG,,,,,,,,,,,,,,,,,,,,,,,,,
,,,,,,,,,,,,,,,"[{'sku': 'SKU-0055', 'qty': 3, 'price': 6500}]",,,,,,,,,,ORD-000215,2023-11-21 01:41,19500.0,NGN,Kano,,,user396@mail.com,+2348034011268,143 Wuse Rd,Kano,NG
,,,,,,,,,,,,user845@shop.ng,+2348053412847,CUST-00333,"[{'sku': 'SKU-0179', 'qty': 3, 'price': 2500}, {'sku': 'SKU-0026', 'qty': 1, 'price': 6700}, {'sku': 'SKU-0140', 'qty': 2, 'price': 25500}, {'sku': 'SKU-0168', 'qty': 1, 'price': 3500}]",73.87,USD,1691877466.0,Kano,145 GRA Rd,Kano,NG,,,,,,,,,,,,,,
,,,,,,,,,,,,user1413@pulse.africa,+2348078621697,CUST-00023,"[{'sku': 'SKU-0114', 'qty': 2, 'price': 2500}, {'sku': 'SKU-0185', 'qty': 1, 'price': 3000}, {'sku': 'SKU-0152', 'qty': 1, 'price': 12200}, {'sku': 'SKU-0077', 'qty': 1, 'price': 12500}]",37.17,USD,1681057016.0,Kano,238 GRA Rd,Kano,NG,,,,,,,,,,,,,,
ORD-000218,2023-03-02 15:01:25+00:00,,+2348074764506,,"[{'sku': 'SKU-0093', 'quantity': 3, 'unit_price': 25200}, {'sku': 'SKU-0059', 'quantity': 2, 'unit_price': 4500}, {'sku': 'SKU-0023', 'quantity': 3, 'unit_price': 3500}]",95100.0,NGN,Abuja,,,,,,,,,,,,,,,,,,,,,,,,,,,,
,,,,,,,,,,,,,,CUST-00391,"[{'sku': 'SKU-0152', 'qty': 3, 'price': 12500}]",37500.0,NGN,1696114861.0,PH,90 Wuse Rd,PH,NG,,,,,,,,,,,,,,
,,,,,,,,,,,,,,,"[{'sku': 'SKU-0162', 'qty': 3, 'price': 7500}]",,,,,,,,,,ORD-000220,2023-10-18 08:52,22500.0,NGN,PH,,CUST-00327,user307@pulse.africa,+2348039634895,,,
ORD-000221,2023-06-23 01:26:39+00:00,user277@shop.ng,+2348075479608,CUST-00793,"[{'sku': 'SKU-0129', 'quantity': 1, 'unit_price': 18200}, {'sku': 'SKU-0110', 'quantity': 2, 'unit_price': 19000}, {'sku': 'SKU-0037', 'quantity': 1, 'unit_price': 4500}, {'sku': 'SKU-0021', 'quantity': 2, 'unit_price': 25000}, {'sku': 'SKU-0140', 'quantity': 2, 'unit_price': 25500}]",161700.0,NGN,PH,,,,,,,,,,,,,,,,"147 Garki Rd, PH",,,,,,,,,,,,
,,,,,,,,,,,,user657@pulse.africa,+2348013248985,CUST-00375,"[{'productSku': 'SKU-0018', 'qty': 2, 'price': 19000}, {'productSku': 'SKU-0082', 'qty': 3, 'price': 6500}]",57500.0,NGN,1690122036.0,Abuja,44 Sabon Gari Rd,Abuja,NG,,,,,,,,,,,,,,
ORD-000223,2023-08-31 00:28:43+00:00,user590@example.com,+2348024935479,CUST-00152,"[{'sku': 'SKU-0011', 'quantity': 1, 'unit_price': 25200}, {'sku': 'SKU-0175', 'quantity': 2, 'unit_price': 9200}, {'sku': 'SKU-0193', 'quantity': 3, 'unit_price': 6500}, {'sku': 'SKU-0028', 'quantity': 3, 'unit_price': 6500}]",82600.0,NGN,Abuja,,,,,,,,,,,,,,,,"121 Alausa Rd, Abuja",,,,,,,,,,,,
,,,,,,,,,,,,user1359@example.com,+2348018067834,CUST-00386,"[{'sku': 'SKU-0139', 'qty': 3, 'price': 2000}, {'sku': 'SKU-0140', 'qty': 2, 'price': 25200}]",56400.0,NGN,1690583667.0,Abuja,,,,"203 GRA Rd, Abuja",,,,,,,,,,,,,
,,,,,,,,,,,,,,,"[{'sku': 'SKU-0169', 'qty': 3, 'price': 9500}, {'sku': 'SKU-0027', 'qty': 1, 'price': 3000}, {'sku': 'SKU-0166', 'qty': 2, 'price': 1700}]",,,,,,,,,,ORD-000225,2023-01-26 20:44,36.61,USD,Kaduna,,CUST-00102,user993@example.com,+2348077196215,144 Alausa Rd,Kaduna,NG
,,,,,,,,,,,,user61@pulse.africa,+2348055873760,CUST-00397,"[{'sku': 'SKU-0100', 'qty': 3, 'price': 1700}, {'sku': 'SKU-0004', 'qty': 2, 'price': 3000}, {'sku': 'SKU-0090', 'qty': 3, 'price': 7000}, {'sku': 'SKU-0060', 'qty': 3, 'price': 18500}]",87600.0,NGN,1682762869.0,Kano,169 Garki Rd,Kano,NG,,,,,,,,,,,,,,
,,,,,,,,,,,,user633@mail.com,+2348029482024,CUST-00208,"[{'sku': 'SKU-0061', 'qty': 3, 'price': 2700}, {'sku': 'SKU-0109', 'qty': 2, 'price': 3000}, {'sku': 'SKU-0114', 'qty': 3, 'price': 2700}, {'sku': 'SKU-0052', 'qty': 3, 'price': 9200}]",49800.0,NGN,1693081557.0,Abuja,145 Garki Rd,Abuja,NG,,,,,,,,,,,,,,
,,,,,,,,,,,,user561@mail.com,+2348024330619,CUST-00653,"[{'sku': 'SKU-0214', 'qty': 1, 'price': 12000}, {'sku': 'SKU-0195', 'qty': 2, 'price': 19000}, {'sku': 'SKU-0105', 'qty': 2, 'price': 5000}]",60000.0,NGN,1676503618.0,Abuja,,,,,,,,,,,,,,,,,
,,,,,,,,,,,,user396@mail.com,,CUST-00486,"[{'productSku': 'SKU-0156', 'qty': 1, 'price': 12200}, {'productSku': 'SKU-0059', 'qty': 3, 'price': 4000}, {'productSku': 'SKU-0091', 'qty': 1, 'price': 10000}, {'productSku': 'SKU-0034', 'qty': 3, 'price': 7500}, {'productSku': 'SKU-0182', 'qty': 3, 'price': 25500}]",133200.0,NGN,1681485623.0,PH,4 Sabon Gari Rd,PH,NG,,,,,,,,,,,,,,
,,,,,,,,,,,,user86@shop.ng,+2348062902012,CUST-00253,"[{'sku': 'SKU-0045', 'qty': 2, 'price': 10000}]",20000.0,NGN,1679337165.0,Abuja,191 GRA Rd,Abuja,NG,,,,,,,,,,,,,,
,,,,,,,,,,,,user586@shop.ng,,CUST-00312,"[{'productSku': 'SKU-0027', 'qty': 2, 'price': 3500}, {'productSku': 'SKU-0211', 'qty': 1, 'price': 2700}, {'productSku': 'SKU-0132', 'qty': 3, 'price': 10000}, {'productSku': 'SKU-0188', 'qty': 1, 'price': 5000}, {'productSku': 'SKU-0132', 'qty': 3, 'price': 9000}]",71700.0,NGN,1698935849.0,Lagos,,,,"236 Alausa Rd, Lagos",,,,,,,,,,,,,
ORD-000232,2023-11-19 07:10:05+00:00,user806@shop.ng,+2348013343647,CUST-00713,"[{'sku': 'SKU-0184', 'quantity': 3, 'unit_price': 1500}]",4500.0,NGN,Kaduna,,,,,,,,,,,,,,,,,,,,,,,,,,,,
,,,,,,,,,,,,user1489@mail.com,+2348061084208,,"[{'sku': 'SKU-0023', 'qty': 2, 'price': 3000}, {'sku': 'SKU-0177', 'qty': 3, 'price': 1700}, {'sku': 'SKU-0183', 'qty': 3, 'price': 18000}, {'sku': 'SKU-0023', 'qty': 1, 'price': 3500}]",68600.0,NGN,1702589089.0,Abuja,,,,,,,,,,,,,,,,,
,,,,,,,,,,,,user241@mail.com,+2348010474177,CUST-00296,"[{'sku': 'SKU-0037', 'qty': 1, 'price': 4000}, {'sku': 'SKU-0107', 'qty': 2, 'price': 25500}]",55000.0,NGN,1701477685.0,Abuja,65 Alausa Rd,Abuja,NG,,,,,,,,,,,,,,
,,,,,,,,,,,,,,CUST-00213,"[{'productSku': 'SKU-0126', 'qty': 1, 'price': 6700}, {'productSku': 'SKU-0150', 'qty': 3, 'price': 13000}, {'productSku': 'SKU-0116', 'qty': 2, 'price': 13000}, {'productSku': 'SKU-0020', 'qty': 3, 'price': 9000}, {'productSku': 'SKU-0062', 'qty': 3, 'price': 18500}]",154200.0,NGN,1699624879.0,Lagos,10 Garki Rd,Lagos,NG,,,,,,,,,,,,,,
,,,,,,,,,,,,user1434@mail.com,+2348087707540,CUST-00626,"[{'productSku': 'SKU-0012', 'qty': 1, 'price': 10000}]",11.22,USD,1682545236.0,Kano,,,,"10 Alausa Rd, Kano",,,,,,,,,,,,,
ORD-000237,2023-11-15 13:25:17+00:00,,+2348094420078,CUST-00627,"[{'sku': 'SKU-0215', 'quantity': 3, 'unit_price': 2500}, {'sku': 'SKU-0074', 'quantity': 2, 'unit_price': 2700}, {'sku': 'SKU-0031', 'quantity': 3, 'unit_price': 9500}, {'sku': 'SKU-0084', 'quantity': 3, 'unit_price': 3500}]",51900.0,NGN,Lagos,,,,,,,,,,,,,,,,"23 Wuse Rd, Lagos",,,,,,,,,,,,
,,,,,,,,,,,,user1452@pulse.africa,+2348010212187,,"[{'sku': 'SKU-0155', 'qty': 2, 'price': 9500}, {'sku': 'SKU-0134', 'qty': 3, 'price': 25500}, {'sku': 'SKU-0033', 'qty': 3, 'price': 13000}, {'sku': 'SKU-0133', 'qty': 3, 'price': 10000}]",164500.0,NGN,1703867404.0,Kano,,,,,,,,,,,,,,,,,
,,,,,,,,,,,,,+2348055816776,CUST-00786,"[{'productSku': 'SKU-0106', 'qty': 2, 'price': 25000}, {'productSku': 'SKU-0085', 'qty': 2, 'price': 25200}, {'productSku': 'SKU-0002', 'qty': 3, 'price': 6700}, {'productSku': 'SKU-0176', 'qty': 2, 'price': 25500}, {'productSku': 'SKU-0202', 'qty': 1, 'price': 4500}]",176000.0,NGN,1700987700.0,Abuja,,,,"146 GRA Rd, Abuja",,,,,,,,,,,,,
,,,,,,,,,,,,,,,"[{'sku': 'SKU-0121', 'qty': 1, 'price': 9200}, {'sku': 'SKU-0123', 'qty': 1, 'price': 26000}, {'sku': 'SKU-0137', 'qty': 2, 'price': 2500}, {'sku': 'SKU-0200', 'qty': 2, 'price': 12000}]",,,,,,,,,,ORD-000240,2023-05-09 08:37,64200.0,NGN,Kano,,,user647@example.com,+2348054522609,228 Sabon Gari Rd,Kano,NG
,,,,,,,,,,,,,,,"[{'sku': 'SKU-0096', 'qty': 3, 'price': 1700}, {'sku': 'SKU-0146', 'qty': 3, 'price': 3500}, {'sku': 'SKU-0047', 'qty': 3, 'price': 12000}]",,,,,,,,,,ORD-000241,2023-04-19 22:04,55.6,USD,Lagos,,CUST-00323,user557@shop.ng,,96 Wuse Rd,Lagos,NG
ORD-000242,2023-03-25 22:34:10+00:00,user991@pulse.africa,+2348029232735,CUST-00158,"[{'sku': 'SKU-0044', 'quantity': 1, 'unit_price': 12500}, {'sku': 'SKU-0200', 'quantity': 1, 'unit_price': 12200}, {'sku': 'SKU-0023', 'quantity': 2, 'unit_price': 2500}]",29700.0,NGN,PH,26 GRA Rd,PH,NG,,,,,,,,,,,,,,,,,,,,,,,,,
,,,,,,,,,,,,,,,"[{'sku': 'SKU-0099', 'qty': 3, 'price': 2500}, {'sku': 'SKU-0001', 'qty': 2, 'price': 9000}, {'sku': 'SKU-0175', 'qty': 3, 'price': 9000}, {'sku': 'SKU-0085', 'qty': 2, 'price': 25000}]",,,,,,,,,,ORD-000243,2023-03-21 16:28,102500.0,NGN,Lagos,"50 Sabon Gari Rd, Lagos",CUST-00764,user1183@pulse.africa,+2348038165011,,,
ORD-000244,2023-10-28 02:53:52+00:00,user1053@example.com,+2348057018904,,"[{'sku': 'SKU-0069', 'quantity': 1, 'unit_price': 9200}]",9200.0,NGN,Kaduna,,,,,,,,,,,,,,,,"70 Garki Rd, Kaduna",,,,,,,,,,,,
ORD-000245,2023-08-11 22:50:27+00:00,,+2348021558774,CUST-00692,"[{'sku': 'SKU-0018', 'quantity': 2, 'unit_price': 18500}, {'sku': 'SKU-0138', 'quantity': 2, 'unit_price': 12000}]",61000.0,NGN,Abuja,,,,,,,,,,,,,,,,"46 GRA Rd, Abuja",,,,,,,,,,,,
,,,,,,,,,,,,user459@mail.com,+2348092804565,CUST-00477,"[{'sku': 'SKU-0091', 'qty': 2, 'price': 9500}, {'sku': 'SKU-0209', 'qty': 1, 'price': 6500}, {'sku': 'SKU-0193', 'qty': 2, 'price': 6700}, {'sku': 'SKU-0023', 'qty': 3, 'price': 3500}, {'sku': 'SKU-0024', 'qty': 2, 'price': 9500}]",68400.0,NGN,1700588557.0,Kaduna,,,,"94 Wuse Rd, Kaduna",,,,,,,,,,,,,
ORD-000247,2023-11-03 07:57:01+00:00,user668@example.com,+2348081503899,CUST-00732,"[{'sku': 'SKU-0124', 'quantity': 1, 'unit_price': 2500}, {'sku': 'SKU-0121', 'quantity': 1, 'unit_price': 9500}, {'sku': 'SKU-0122', 'quantity': 2, 'unit_price': 6700}, {'sku': 'SKU-0072', 'quantity': 2, 'unit_price': 9200}]",43800.0,NGN,Kano,,,,,,,,,,,,,,,,"152 Wuse Rd, Kano",,,,,,,,,,,,
,,,,,,,,,,,,,,,"[{'sku': 'SKU-0098', 'qty': 1, 'price': 7000}, {'sku': 'SKU-0053', 'qty': 3, 'price': 19000}, {'sku': 'SKU-0200', 'qty': 2, 'price': 12500}, {'sku': 'SKU-0139', 'qty': 3, 'price': 1700}]",,,,,,,,,,ORD-000248,2023-08-01 19:15,94100.0,NGN,Abuja,,CUST-00758,user1176@shop.ng,,84 GRA Rd,Abuja,NG
ORD-000249,2023-03-10 10:03:38+00:00,user1089@pulse.africa,+2348087568641,CUST-00677,"[{'sku': 'SKU-0017', 'quantity': 3, 'unit_price': 2500}, {'sku': 'SKU-0175', 'quantity': 3, 'unit_price': 10000}, {'sku': 'SKU-0083', 'quantity': 2, 'unit_price': 6500}, {'sku': 'SKU-0023', 'quantity': 1, 'unit_price': 2700}]",62.59,USD,Kano,,,,,,,,,,,,,,,,"53 Sabon Gari Rd, Kano",,,,,,,,,,,,
,,,,,,,,,,,,,+2348058216998,CUST-00055,"[{'sku': 'SKU-0022', 'qty': 3, 'price': 2500}, {'sku': 'SKU-0156', 'qty': 3, 'price': 13000}, {'sku': 'SKU-0216', 'qty': 1, 'price': 4500}]",51500.0,NGN,1682750206.0,Kaduna,,,,,,,,,,,,,,,,,
ORD-000251,2023-09-30 17:10:56+00:00,user316@pulse.africa,+2348099934747,CUST-00369,"[{'sku': 'SKU-0160', 'quantity': 2, 'unit_price': 10000}, {'sku': 'SKU-0103', 'quantity': 2, 'unit_price': 7500}, {'sku': 'SKU-0139', 'quantity': 1, 'unit_price': 1700}, {'sku': 'SKU-0121', 'quantity': 1, 'unit_price': 9200}]",46400.0,NGN,PH,,,,,,,,,,,,,,,,,,,,,,,,,,,,
,,,,,,,,,,,,user463@mail.com,+2348010997236,CUST-00461,"[{'productSku': 'SKU-0168', 'qty': 2, 'price': 2700}, {'productSku': 'SKU-0021', 'qty': 1, 'price': 26000}, {'productSku': 'SKU-0116', 'qty': 3, 'price': 13000}, {'productSku': 'SKU-0159', 'qty': 1, 'price': 7500}]",77900.0,NGN,1673058266.0,Abuja,217 Garki Rd,Abuja,NG,,,,,,,,,,,,,,
,,,,,,,,,,,,user1415@example.com,,,"[{'sku': 'SKU-0009', 'qty': 3, 'price': 7500}]",22500.0,NGN,1691870375.0,Kano,220 Sabon Gari Rd,Kano,NG,,,,,,,,,,,,,,
,,,,,,,,,,,,user863@pulse.africa,+2348049542951,CUST-00588,"[{'productSku': 'SKU-0161', 'qty': 3, 'price': 12000}, {'productSku': 'SKU-0175', 'qty': 3, 'price': 9500}, {'productSku': 'SKU-0156', 'qty': 1, 'price': 12500}, {'productSku': 'SKU-0136', 'qty': 1, 'price': 7500}]",84500.0,NGN,1675498967.0,Abuja,,,,"10 GRA Rd, Abuja",,,,,,,,,,,,,
,,,,,,,,,,,,user564@pulse.africa,,,"[{'sku': 'SKU-0148', 'qty': 1, 'price': 1500}, {'sku': 'SKU-0168', 'qty': 2, 'price': 2500}, {'sku': 'SKU-0073', 'qty': 2, 'price': 4000}, {'sku': 'SKU-0032', 'qty': 3, 'price': 12000}]",54.83,USD,1681270221.0,Lagos,,,,,,,,,,,,,,,,,
,,,,,,,,,,,,,,,"[{'sku': 'SKU-0206', 'qty': 1, 'price': 25500}, {'sku': 'SKU-0200', 'qty': 3, 'price': 12200}, {'sku': 'SKU-0124', 'qty': 1, 'price': 2500}]",,,,,,,,,,ORD-000256,2023-09-13 23:46,64600.0,NGN,Kaduna,,,user316@shop.ng,+2348065424925,61 Wuse Rd,Kaduna,NG
,,,,,,,,,,,,,,,"[{'sku': 'SKU-0013', 'qty': 3, 'price': 4500}, {'sku': 'SKU-0193', 'qty': 1, 'price': 6500}, {'sku': 'SKU-0042', 'qty': 2, 'price': 13000}]",,,,,,,,,,ORD-000257,2023-03-23 21:19,46000.0,NGN,PH,"38 GRA Rd, PH",CUST-00771,user479@shop.ng,+2348062354374,,,
,,,,,,,,,,,,,,,"[{'sku': 'SKU-0173', 'qty': 2, 'price': 6500}, {'sku': 'SKU-0024', 'qty': 3, 'price': 9500}, {'sku': 'SKU-0216', 'qty': 2, 'price': 4500}, {'sku': 'SKU-0085', 'qty': 2, 'price': 25500}]",,,,,,,,,,ORD-000258,2023-04-23 03:44,101500.0,NGN,Kaduna,,,user945@mail.com,+2348089017236,134 Sabon Gari Rd,Kaduna,NG
,,,,,,,,,,,,,,,"[{'sku': 'SKU-0172', 'qty': 1, 'price': 9000}]",,,,,,,,,,ORD-000259,2023-05-02 15:53,9500.0,NGN,PH,,,,+2348039449560,65 Garki Rd,PH,NG
,,,,,,,,,,,,user567@shop.ng,+2348099600963,CUST-00078,"[{'sku': 'SKU-0168', 'qty': 1, 'price': 2500}, {'sku': 'SKU-0181', 'qty': 1, 'price': 9000}, {'sku': 'SKU-0219', 'qty': 3, 'price': 18200}, {'sku': 'SKU-0096', 'qty': 3, 'price': 1700}, {'sku': 'SKU-0028', 'qty': 3, 'price': 6700}]",91300.0,NGN,1675616237.0,Lagos,83 Sabon Gari Rd,Lagos,NG,,,,,,,,,,,,,,
,,,,,,,,,,,,,,,"[{'sku': 'SKU-0015', 'qty': 2, 'price': 9500}, {'sku': 'SKU-0045', 'qty': 2, 'price': 9000}, {'sku': 'SKU-0125', 'qty': 1, 'price': 2500}]",,,,,,,,,,ORD-000261,2023-05-29 15:56,39500.0,NGN,Kaduna,,CUST-00148,user884@mail.com,+2348024260594,184 Sabon Gari Rd,Kaduna,NG
,,,,,,,,,,,,,,,"[{'sku': 'SKU-0198', 'qty': 2, 'price': 18000}, {'sku': 'SKU-0127', 'qty': 1, 'price': 18000}, {'sku': 'SKU-0009', 'qty': 3, 'price': 7500}]",,,,,,,,,,ORD-000262,2023-01-28 08:17,76500.0,NGN,PH,,CUST-00401,user1056@shop.ng,+2348064212251,200 Alausa Rd,PH,NG
,,,,,,,,,,,,,,,"[{'sku': 'SKU-0145', 'qty': 3, 'price': 7000}]",,,,,,,,,,ORD-000263,2023-05-30 07:05,21000.0,NGN,Kaduna,,CUST-00057,user1326@example.com,+2348055642455,,,
ORD-000264,2023-09-09 13:51:51+00:00,user997@example.com,+2348068785183,CUST-00646,"[{'sku': 'SKU-0141', 'quantity': 1, 'unit_price': 5000}, {'sku': 'SKU-0169', 'quantity': 1, 'unit_price': 9500}]",14500.0,NGN,Abuja,36 Alausa Rd,Abuja,NG,,,,,,,,,,,,,,,,,,,,,,,,,
,,,,,,,,,,,,user1072@shop.ng,+2348082016051,,"[{'sku': 'SKU-0099', 'qty': 1, 'price': 3000}, {'sku': 'SKU-0127', 'qty': 3, 'price': 19000}, {'sku': 'SKU-0004', 'qty': 1, 'price': 3000}, {'sku': 'SKU-0014', 'qty': 2, 'price': 18000}]",99000.0,NGN,1692427147.0,Abuja,,,,,,,,,,,,,,,,,
,,,,,,,,,,,,,,,"[{'sku': 'SKU-0167', 'qty': 1, 'price': 10000}, {'sku': 'SKU-0158', 'qty': 1, 'price': 2700}, {'sku': 'SKU-0179', 'qty': 3, 'price': 1700}, {'sku': 'SKU-0003', 'qty': 1, 'price': 2500}]",,,,,,,,,,ORD-000266,2023-10-13 14:58,23.23,USD,Abuja,,CUST-00175,user131@example.com,,158 Garki Rd,Abuja,NG
,,,,,,,,,,,,,,,"[{'sku': 'SKU-0083', 'qty': 1, 'price': 6700}, {'sku': 'SKU-0082', 'qty': 1, 'price': 6500}, {'sku': 'SKU-0151', 'qty': 1, 'price': 7000}, {'sku': 'SKU-0016', 'qty': 1, 'price': 7000}]",,,,,,,,,,ORD-000267,2023-06-15 12:34,27200.0,NGN,Kano,,CUST-00714,user338@shop.ng,+2348088112812,,,
,,,,,,,,,,,,user260@mail.com,,CUST-00792,"[{'sku': 'SKU-0004', 'qty': 2, 'price': 2500}, {'sku': 'SKU-0001', 'qty': 1, 'price': 9200}]",15.4,USD,1693081326.0,Kaduna,,,,"116 Wuse Rd, Kaduna",,,,,,,,,,,,,
,,,,,,,,,,,,,+2348022842469,CUST-00197,"[{'sku': 'SKU-0183', 'qty': 2, 'price': 18000}, {'sku': 'SKU-0160', 'qty': 2, 'price': 9500}]",55000.0,NGN,1673793558.0,PH,221 GRA Rd,PH,NG,,,,,,,,,,,,,,
,,,,,,,,,,,,user584@mail.com,+2348054868265,,"[{'sku': 'SKU-0013', 'qty': 1, 'price': 4000}, {'sku': 'SKU-0203', 'qty': 1, 'price': 3500}, {'sku': 'SKU-0127', 'qty': 1, 'price': 18200}]",25700.0,NGN,1694654548.0,Abuja,228 Wuse Rd,Abuja,NG,,,,,,,,,,,,,,
,,,,,,,,,,,,user1188@pulse.africa,+2348053712695,,"[{'sku': 'SKU-0124', 'qty': 3, 'price': 2500}]",7500.0,NGN,1678433008.0,Abuja,,,,"29 Sabon Gari Rd, Abuja",,,,,,,,,,,,,
ORD-000272,2023-12-04 19:55:40+00:00,user1295@pulse.africa,+2348037140286,,"[{'sku': 'SKU-0056', 'quantity': 1, 'unit_price': 26000}, {'sku': 'SKU-0149', 'quantity': 2, 'unit_price': 2500}, {'sku': 'SKU-0111', 'quantity': 1, 'unit_price': 18200}, {'sku': 'SKU-0156', 'quantity': 2, 'unit_price': 12200}]",73600.0,NGN,Abuja,,,,,,,,,,,,,,,,"9 GRA Rd, Abuja",,,,,,,,,,,,
,,,,,,,,,,,,,,,"[{'sku': 'SKU-0107', 'qty': 1, 'price': 25500}, {'sku': 'SKU-0056', 'qty': 2, 'price': 25200}, {'sku': 'SKU-0202', 'qty': 3, 'price': 4200}, {'sku': 'SKU-0147', 'qty': 3, 'price': 6700}]",,,,,,,,,,ORD-000273,2023-02-13 03:36,108600.0,NGN,Kaduna,,CUST-00501,user444@shop.ng,+2348047469681,,,
,,,,,,,,,,,,,,,"[{'sku': 'SKU-0148', 'qty': 1, 'price': 1700}, {'sku': 'SKU-0146', 'qty': 1, 'price': 3500}, {'sku': 'SKU-0011', 'qty': 1, 'price': 26000}, {'sku': 'SKU-0187', 'qty': 3, 'price': 1500}]",,,,,,,,,,ORD-000274,2023-04-07 05:57,35700.0,NGN,Kano,,CUST-00714,user927@shop.ng,+2348084958851,178 Wuse Rd,Kano,NG
,,,,,,,,,,,,,,,"[{'sku': 'SKU-0165', 'qty': 1, 'price': 9000}, {'sku': 'SKU-0122', 'qty': 3, 'price': 7000}]",,,,,,,,,,ORD-000275,2023-05-20 04:34,30000.0,NGN,Kano,,CUST-00585,user50@shop.ng,+2348028605786,104 Garki Rd,Kano,NG
ORD-000276,2023-09-01 10:18:05+00:00,user553@mail.com,+2348020866138,CUST-00304,"[{'sku': 'SKU-0160', 'quantity': 1, 'unit_price': 10000}]",10.7,USD,Kaduna,86 Alausa Rd,Kaduna,NG,,,,,,,,,,,,,,,,,,,,,,,,,
,,,,,,,,,,,,user1444@example.com,+2348037476059,CUST-00180,"[{'sku': 'SKU-0098', 'qty': 2, 'price': 7500}]",15000.0,NGN,1684744695.0,Lagos,,,,,,,,,,,,,,,,,
,,,,,,,,,,,,,+2348075260270,CUST-00056,"[{'sku': 'SKU-0192', 'qty': 3, 'price': 6700}, {'sku': 'SKU-0082', 'qty': 2, 'price': 7000}]",34100.0,NGN,1688586776.0,PH,,,,"213 Alausa Rd, PH",,,,,,,,,,,,,
,,,,,,,,,,,,user309@mail.com,+2348094191586,,"[{'sku': 'SKU-0158', 'qty': 2, 'price': 2500}, {'sku': 'SKU-0048', 'qty': 2, 'price': 25000}, {'sku': 'SKU-0020', 'qty': 2, 'price': 9200}, {'sku': 'SKU-0073', 'qty': 1, 'price': 4000}]",77400.0,NGN,1702711774.0,Kano,,,,,,,,,,,,,,,,,
,,,,,,,,,,,,,,,"[{'sku': 'SKU-0113', 'qty': 3, 'price': 1500}, {'sku': 'SKU-0074', 'qty': 1, 'price': 2500}, {'sku': 'SKU-0005', 'qty': 1, 'price': 18500}, {'sku': 'SKU-0105', 'qty': 3, 'price': 4500}]",,,,,,,,,,ORD-000280,2023-07-04 01:06,39000.0,NGN,Kano,,CUST-00498,user1428@shop.ng,+2348086135229,,,
,,,,,,,,,,,,,,,"[{'sku': 'SKU-0123', 'qty': 2, 'price': 25500}, {'sku': 'SKU-0197', 'qty': 1, 'price': 4200}]",,,,,,,,,,ORD-000281,2023-11-03 12:30,55200.0,NGN,Kano,,CUST-00171,user330@pulse.africa,+2348033536332,178 Garki Rd,Kano,NG
,,,,,,,,,,,,,,,"[{'sku': 'SKU-0032', 'qty': 2, 'price': 12500}, {'sku': 'SKU-0094', 'qty': 1, 'price': 6700}, {'sku': 'SKU-0143', 'qty': 3, 'price': 2500}, {'sku': 'SKU-0170', 'qty': 2, 'price': 3000}, {'sku': 'SKU-0037', 'qty': 2, 'price': 5000}]",,,,,,,,,,ORD-000282,2023-01-16 23:33,55200.0,NGN,Kano,,,user52@shop.ng,+2348029513094,238 Sabon Gari Rd,Kano,NG
,,,,,,,,,,,,user83@mail.com,+2348025686844,,"[{'productSku': 'SKU-0165', 'qty': 3, 'price': 9500}, {'productSku': 'SKU-0121', 'qty': 2, 'price': 9200}, {'productSku': 'SKU-0204', 'qty': 3, 'price': 2500}]",54400.0,NGN,1690856804.0,PH,,,,"103 GRA Rd, PH",,,,,,,,,,,,,
,,,,,,,,,,,,,,,"[{'sku': 'SKU-0164', 'qty': 1, 'price': 25200}, {'sku': 'SKU-0200', 'qty': 2, 'price': 12200}, {'sku': 'SKU-0005', 'qty': 1, 'price': 19000}, {'sku': 'SKU-0173', 'qty': 3, 'price': 6500}, {'sku': 'SKU-0131', 'qty': 2, 'price': 1700}]",,,,,,,,,,ORD-000284,2023-05-07 17:57,91500.0,NGN,Lagos,"96 Alausa Rd, Lagos",CUST-00524,user1366@pulse.africa,+2348067396933,,,
ORD-000285,2023-04-30 15:33:48+00:00,user136@shop.ng,,CUST-00538,"[{'sku': 'SKU-0022', 'quantity': 1, 'unit_price': 3500}, {'sku': 'SKU-0189', 'quantity': 2, 'unit_price': 5000}, {'sku': 'SKU-0073', 'quantity': 1, 'unit_price': 5000}, {'sku': 'SKU-0186', 'quantity': 2, 'unit_price': 4200}, {'sku': 'SKU-0213', 'quantity': 3, 'unit_price': 18000}]",80900.0,NGN,Kaduna,,,,,,,,,,,,,,,,"235 Sabon Gari Rd, Kaduna",,,,,,,,,,,,
,,,,,,,,,,,,user1146@shop.ng,+2348010328387,CUST-00600,"[{'sku': 'SKU-0051', 'qty': 1, 'price': 7500}, {'sku': 'SKU-0074', 'qty': 3, 'price': 3500}]",18000.0,NGN,1688037372.0,PH,,,,,,,,,,,,,,,,,
,,,,,,,,,,,,user1191@shop.ng,+2348044616300,CUST-00614,"[{'sku': 'SKU-0106', 'qty': 1, 'price': 26000}, {'sku': 'SKU-0176', 'qty': 3, 'price': 25200}, {'sku': 'SKU-0007', 'qty': 1, 'price': 7000}]",108600.0,NGN,1688387050.0,Lagos,122 Alausa Rd,Lagos,NG,,,,,,,,,,,,,,
,,,,,,,,,,,,,,,"[{'sku': 'SKU-0148', 'qty': 1, 'price': 1700}, {'sku': 'SKU-0081', 'qty': 2, 'price': 12200}]",,,,,,,,,,ORD-000288,2023-11-25 06:34,26100.0,NGN,Kano,"164 Alausa Rd, Kano",,user1304@pulse.africa,,,,
,,,,,,,,,,,,user844@pulse.africa,+2348031881401,,"[{'sku': 'SKU-0192', 'qty': 1, 'price': 7000}, {'sku': 'SKU-0080', 'qty': 3, 'price': 2000}, {'sku': 'SKU-0069', 'qty': 3, 'price': 9500}, {'sku': 'SKU-0024', 'qty': 3, 'price': 9500}, {'sku': 'SKU-0210', 'qty': 1, 'price': 12000}]",82000.0,NGN,1678679965.0,Lagos,,,,,,,,,,,,,,,,,
,,,,,,,,,,,,,,,"[{'sku': 'SKU-0176', 'qty': 3, 'price': 25000}, {'sku': 'SKU-0106', 'qty': 2, 'price': 25000}, {'sku': 'SKU-0029', 'qty': 1, 'price': 2500}, {'sku': 'SKU-0122', 'qty': 2, 'price': 7000}, {'sku': 'SKU-0176', 'qty': 2, 'price': 25200}]",,,,,,,,,,ORD-000290,2023-11-05 18:55,191900.0,NGN,PH,,CUST-00612,user701@mail.com,+2348013860039,31 Garki Rd,PH,NG
,,,,,,,,,,,,,+2348078918010,,"[{'productSku': 'SKU-0032', 'qty': 1, 'price': 12200}, {'productSku': 'SKU-0020', 'qty': 2, 'price': 9000}, {'productSku': 'SKU-0019', 'qty': 1, 'price': 13000}]",43200.0,NGN,1677307986.0,Abuja,121 Alausa Rd,Abuja,NG,,,,,,,,,,,,,,
ORD-000292,2023-09-17 06:21:23+00:00,user60@example.com,,,"[{'sku': 'SKU-0200', 'quantity': 1, 'unit_price': 12200}]",12200.0,NGN,Lagos,72 GRA Rd,Lagos,NG,,,,,,,,,,,,,,,,,,,,,,,,,
,,,,,,,,,,,,,,,"[{'sku': 'SKU-0061', 'qty': 3, 'price': 2500}, {'sku': 'SKU-0025', 'qty': 3, 'price': 12000}, {'sku': 'SKU-0135', 'qty': 1, 'price': 6700}, {'sku': 'SKU-0072', 'qty': 1, 'price': 9000}, {'sku': 'SKU-0185', 'qty': 1, 'price': 2700}]",,,,,,,,,,ORD-000293,2023-11-29 02:27,63.75,USD,PH,,CUST-00604,user1380@example.com,+2348057623448,109 Garki Rd,PH,NG
ORD-000294,2023-02-13 19:47:45+00:00,user84@example.com,+2348025532025,CUST-00296,"[{'sku': 'SKU-0119', 'quantity': 1, 'unit_price': 25200}]",25200.0,NGN,Kano,,,,,,,,,,,,,,,,"117 GRA Rd, Kano",,,,,,,,,,,,
,,,,,,,,,,,,user1381@shop.ng,+2348063199848,CUST-00377,"[{'sku': 'SKU-0141', 'qty': 2, 'price': 4500}, {'sku': 'SKU-0218', 'qty': 2, 'price': 2700}]",14.83,USD,1700753503.0,Kaduna,,,,"169 Alausa Rd, Kaduna",,,,,,,,,,,,,
,,,,,,,,,,,,user1462@pulse.africa,+2348096413557,CUST-00743,"[{'productSku': 'SKU-0016', 'qty': 2, 'price': 6700}, {'productSku': 'SKU-0086', 'qty': 1, 'price': 5000}]",18400.0,NGN,1692347012.0,Lagos,92 Wuse Rd,Lagos,NG,,,,,,,,,,,,,,
ORD-000297,2023-07-18 14:43:43+00:00,,+2348019157497,CUST-00138,"[{'sku': 'SKU-0196', 'quantity': 2, 'unit_price': 4000}, {'sku': 'SKU-0031', 'quantity': 2, 'unit_price': 10000}]",28000.0,NGN,Kano,,,,,,,,,,,,,,,,"7 Garki Rd, Kano",,,,,,,,,,,,
,,,,,,,,,,,,user704@example.com,+2348014241081,CUST-00517,"[{'sku': 'SKU-0159', 'qty': 3, 'price': 6500}, {'sku': 'SKU-0194', 'qty': 1, 'price': 3500}, {'sku': 'SKU-0202', 'qty': 2, 'price': 4200}]",31400.0,NGN,1683502019.0,Abuja,226 Alausa Rd,Abuja,NG,,,,,,,,,,,,,,
ORD-000299,2023-06-21 20:55:20+00:00,user797@shop.ng,+2348086350455,CUST-00138,"[{'sku': 'SKU-0008', 'quantity': 1, 'unit_price': 2000}]",2.24,USD,Kaduna,169 GRA Rd,Kaduna,NG,,,,,,,,,,,,,,,,,,,,,,,,,
,,,,,,,,,,,,user1281@pulse.africa,+2348067465077,CUST-00760,"[{'sku': 'SKU-0218', 'qty': 1, 'price': 2500}, {'sku': 'SKU-0100', 'qty': 2, 'price': 2500}, {'sku': 'SKU-0151', 'qty': 2, 'price': 7000}, {'sku': 'SKU-0196', 'qty': 2, 'price': 4500}, {'sku': 'SKU-0015', 'qty': 1, 'price': 9000}]",39500.0,NGN,1688295688.0,Kaduna,,,,"92 Wuse Rd, Kaduna",,,,,,,,,,,,,
,,,,,,,,,,,,,,,"[{'sku': 'SKU-0021', 'qty': 3, 'price': 25000}, {'sku': 'SKU-0078', 'qty': 1, 'price': 2000}, {'sku': 'SKU-0043', 'qty': 1, 'price': 7000}, {'sku': 'SKU-0009', 'qty': 2, 'price': 7500}, {'sku': 'SKU-0145', 'qty': 3, 'price': 7500}]",,,,,,,,,,ORD-000301,2023-04-02 02:50,121500.0,NGN,Kano,"147 Alausa Rd, Kano",CUST-00603,,+2348086551556,,,
,,,,,,,,,,,,,,,"[{'sku': 'SKU-0127', 'qty': 3, 'price': 18500}, {'sku': 'SKU-0042', 'qty': 3, 'price': 12500}, {'sku': 'SKU-0093', 'qty': 2, 'price': 25200}]",,,,,,,,,,ORD-000302,2023-09-26 07:19,143400.0,NGN,Abuja,"147 Wuse Rd, Abuja",CUST-00078,user1098@mail.com,+2348016379551,,,
,,,,,,,,,,,,user1280@shop.ng,+2348083492593,CUST-00425,"[{'sku': 'SKU-0024', 'qty': 3, 'price': 9500}, {'sku': 'SKU-0069', 'qty': 1, 'price': 10000}, {'sku': 'SKU-0109', 'qty': 1, 'price': 3000}, {'sku': 'SKU-0203', 'qty': 1, 'price': 3000}, {'sku': 'SKU-0129', 'qty': 2, 'price': 19000}]",82500.0,NGN,1697458385.0,Lagos,,,,,,,,,,,,,,,,,
,,,,,,,,,,,,,,,"[{'sku': 'SKU-0169', 'qty': 3, 'price': 10000}, {'sku': 'SKU-0068', 'qty': 3, 'price': 13000}]",,,,,,,,,,ORD-000304,2023-08-13 00:34,79.77,USD,Kaduna,,CUST-00374,user493@mail.com,+2348050302318,106 Sabon Gari Rd,Kaduna,NG
,,,,,,,,,,,,,,,"[{'sku': 'SKU-0068', 'qty': 2, 'price': 12200}, {'sku': 'SKU-0065', 'qty': 3, 'price': 1700}, {'sku': 'SKU-0103', 'qty': 1, 'price': 6500}, {'sku': 'SKU-0038', 'qty': 1, 'price': 6500}]",,,,,,,,,,ORD-000305,2023-09-04 04:37,43000.0,NGN,Abuja,"70 Garki Rd, Abuja",CUST-00476,user894@shop.ng,+2348014966557,,,
ORD-000306,2023-09-13 19:15:21+00:00,user834@pulse.africa,+2348022120705,CUST-00306,"[{'sku': 'SKU-0164', 'quantity': 1, 'unit_price': 26000}, {'sku': 'SKU-0200', 'quantity': 1, 'unit_price': 12000}]",43.63,USD,PH,,,,,,,,,,,,,,,,"215 Garki Rd, PH",,,,,,,,,,,,
,,,,,,,,,,,,user642@pulse.africa,+2348062338292,,"[{'productSku': 'SKU-0133', 'qty': 3, 'price': 9500}]",28500.0,NGN,1697176272.0,PH,191 Garki Rd,PH,NG,,,,,,,,,,,,,,
,,,,,,,,,,,,,,,"[{'sku': 'SKU-0112', 'qty': 2, 'price': 25500}, {'sku': 'SKU-0150', 'qty': 1, 'price': 13000}, {'sku': 'SKU-0136', 'qty': 2, 'price': 6500}]",,,,,,,,,,ORD-000308,2023-03-10 00:33,77500.0,NGN,Abuja,,CUST-00700,user569@mail.com,+2348059357131,6 GRA Rd,Abuja,NG
,,,,,,,,,,,,user796@example.com,+2348062744287,CUST-00243,"[{'sku': 'SKU-0064', 'qty': 3, 'price': 10000}, {'sku': 'SKU-0079', 'qty': 3, 'price': 12500}]",76.62,USD,1694751731.0,Lagos,235 Sabon Gari Rd,Lagos,NG,,,,,,,,,,,,,,
,,,,,,,,,,,,,,,"[{'sku': 'SKU-0112', 'qty': 3, 'price': 25500}, {'sku': 'SKU-0207', 'qty': 3, 'price': 10000}]",,,,,,,,,,ORD-000310,2023-04-26 12:10,106500.0,NGN,Abuja,"106 Sabon Gari Rd, Abuja",,,+2348075993764,,,
,,,,,,,,,,,,,,,"[{'sku': 'SKU-0129', 'qty': 1, 'price': 18500}, {'sku': 'SKU-0107', 'qty': 3, 'price': 25500}, {'sku': 'SKU-0116', 'qty': 3, 'price': 12000}]",,,,,,,,,,ORD-000311,2023-11-17 03:58,131000.0,NGN,Abuja,"79 Sabon Gari Rd, Abuja",CUST-00189,user1313@mail.com,,,,
,,,,,,,,,,,,,,,"[{'sku': 'SKU-0182', 'qty': 3, 'price': 25200}, {'sku': 'SKU-0216', 'qty': 3, 'price': 5000}, {'sku': 'SKU-0202', 'qty': 2, 'price': 5000}, {'sku': 'SKU-0122', 'qty': 3, 'price': 6700}, {'sku': 'SKU-0066', 'qty': 1, 'price': 3000}]",,,,,,,,,,ORD-000312,2023-03-03 07:00,123700.0,NGN,Abuja,"243 Alausa Rd, Abuja",,user373@shop.ng,+2348086556525,,,
,,,,,,,,,,,,user879@pulse.africa,,,"[{'sku': 'SKU-0118', 'qty': 1, 'price': 7000}]",7000.0,NGN,1693066618.0,Abuja,44 GRA Rd,Abuja,NG,,,,,,,,,,,,,,
ORD-000314,2023-10-28 08:13:52+00:00,user388@shop.ng,+2348029588118,CUST-00290,"[{'sku': 'SKU-0030', 'quantity': 1, 'unit_price': 2700}, {'sku': 'SKU-0048', 'quantity': 2, 'unit_price': 25500}, {'sku': 'SKU-0191', 'quantity': 2, 'unit_price': 2500}, {'sku': 'SKU-0033', 'quantity': 2, 'unit_price': 12200}]",83100.0,NGN,Kaduna,,,,,,,,,,,,,,,,,,,,,,,,,,,,
,,,,,,,,,,,,,,,"[{'sku': 'SKU-0094', 'qty': 3, 'price': 7500}, {'sku': 'SKU-0021', 'qty': 1, 'price': 26000}]",,,,,,,,,,ORD-000315,2023-08-28 21:11,48500.0,NGN,Kaduna,"25 GRA Rd, Kaduna",CUST-00710,user435@shop.ng,+2348090154282,,,
ORD-000316,2023-12-28 14:09:04+00:00,user695@shop.ng,,,"[{'sku': 'SKU-0090', 'quantity': 3, 'unit_price': 6500}, {'sku': 'SKU-0001', 'quantity': 2, 'unit_price': 10000}, {'sku': 'SKU-0077', 'quantity': 2, 'unit_price': 12500}, {'sku': 'SKU-0033', 'quantity': 3, 'unit_price': 12000}]",100500.0,NGN,Abuja,,,,,,,,,,,,,,,,"136 Wuse Rd, Abuja",,,,,,,,,,,,
,,,,,,,,,,,,,,,"[{'sku': 'SKU-0127', 'qty': 2, 'price': 18500}, {'sku': 'SKU-0110', 'qty': 2, 'price': 18500}]",,,,,,,,,,ORD-000317,2023-05-02 15:53,74000.0,NGN,Lagos,,CUST-00271,user893@mail.com,+2348075937784,39 GRA Rd,Lagos,NG
,,,,,,,,,,,,user1446@shop.ng,+2348076425800,,"[{'sku': 'SKU-0048', 'qty': 1, 'price': 25000}]",25000.0,NGN,1693893702.0,Kaduna,,,,,,,,,,,,,,,,,
ORD-000319,2023-06-27 18:37:46+00:00,user370@mail.com,+2348046613462,,"[{'sku': 'SKU-0216', 'quantity': 3, 'unit_price': 4200}]",12600.0,NGN,Kaduna,170 GRA Rd,Kaduna,NG,,,,,,,,,,,,,,,,,,,,,,,,,
,,,,,,,,,,,,,,,"[{'sku': 'SKU-0106', 'qty': 1, 'price': 25200}, {'sku': 'SKU-0196', 'qty': 2, 'price': 4000}]",,,,,,,,,,ORD-000320,2023-07-24 06:49,38.79,USD,PH,,,user250@shop.ng,+2348024236463,40 Alausa Rd,PH,NG
,,,,,,,,,,,,,+2348061189424,,"[{'sku': 'SKU-0160', 'qty': 2, 'price': 9000}, {'sku': 'SKU-0084', 'qty': 1, 'price': 3500}, {'sku': 'SKU-0083', 'qty': 3, 'price': 6700}, {'sku': 'SKU-0054', 'qty': 1, 'price': 18500}]",60100.0,NGN,1694661667.0,Kaduna,,,,,,,,,,,,,,,,,
ORD-000322,2023-02-04 15:17:43+00:00,user636@mail.com,+2348022899866,CUST-00443,"[{'sku': 'SKU-0041', 'quantity': 2, 'unit_price': 7500}, {'sku': 'SKU-0072', 'quantity': 3, 'unit_price': 9200}]",42600.0,NGN,Lagos,132 Garki Rd,Lagos,NG,,,,,,,,,,,,,,,,,,,,,,,,,
ORD-000323,2023-07-05 00:44:23+00:00,user1015@example.com,+2348068700864,CUST-00731,"[{'sku': 'SKU-0153', 'quantity': 2, 'unit_price': 9000}, {'sku': 'SKU-0193', 'quantity': 2, 'unit_price': 7000}, {'sku': 'SKU-0157', 'quantity': 1, 'unit_price': 2500}, {'sku': 'SKU-0161', 'quantity': 2, 'unit_price': 12000}, {'sku': 'SKU-0010', 'quantity': 3, 'unit_price': 18500}]",125.69,USD,Kano,,,,,,,,,,,,,,,,,,,,,,,,,,,,
ORD-000324,2023-02-27 17:06:47+00:00,,+2348086299853,CUST-00423,"[{'sku': 'SKU-0215', 'quantity': 1, 'unit_price': 3500}, {'sku': 'SKU-0075', 'quantity': 3, 'unit_price': 9000}, {'sku': 'SKU-0141', 'quantity': 1, 'unit_price': 4000}]",34500.0,NGN,Abuja,91 Sabon Gari Rd,Abuja,NG,,,,,,,,,,,,,,,,,,,,,,,,,
,,,,,,,,,,,,user384@mail.com,+2348091074604,CUST-00272,"[{'sku': 'SKU-0045', 'qty': 1, 'price': 10000}, {'sku': 'SKU-0011', 'qty': 1, 'price': 26000}, {'sku': 'SKU-0180', 'qty': 2, 'price': 12500}, {'sku': 'SKU-0150', 'qty': 3, 'price': 13000}]",100500.0,NGN,1673077086.0,Lagos,,,,"173 Alausa Rd, Lagos",,,,,,,,,,,,,
ORD-000326,2023-02-15 07:31:12+00:00,user1380@shop.ng,+2348021762188,CUST-00632,"[{'sku': 'SKU-0167', 'quantity': 2, 'unit_price': 10000}, {'sku': 'SKU-0177', 'quantity': 2, 'unit_price': 2500}]",25500.0,NGN,Lagos,,,,,,,,,,,,,,,,,,,,,,,,,,,,
,,,,,,,,,,,,,,,"[{'sku': 'SKU-0219', 'qty': 1, 'price': 18200}, {'sku': 'SKU-0123', 'qty': 3, 'price': 25200}]",,,,,,,,,,ORD-000327,2023-11-13 21:22,93800.0,NGN,Lagos,,CUST-00642,user1104@mail.com,,38 Wuse Rd,Lagos,NG
,,,,,,,,,,,,,,,"[{'sku': 'SKU-0124', 'qty': 2, 'price': 2500}, {'sku': 'SKU-0115', 'qty': 3, 'price': 18200}, {'sku': 'SKU-0051', 'qty': 2, 'price': 7500}, {'sku': 'SKU-0013', 'qty': 2, 'price': 4000}]",,,,,,,,,,ORD-000328,2023-03-06 12:12,82600.0,NGN,Abuja,"132 GRA Rd, Abuja",CUST-00443,user1016@pulse.africa,,,,
,,,,,,,,,,,,user970@example.com,+2348096728786,,"[{'sku': 'SKU-0182', 'qty': 1, 'price': 25000}, {'sku': 'SKU-0108', 'qty': 3, 'price': 7000}]",46000.0,NGN,1702900415.0,Kaduna,,,,"179 Wuse Rd, Kaduna",,,,,,,,,,,,,
,,,,,,,,,,,,,,,"[{'sku': 'SKU-0059', 'qty': 3, 'price': 4200}, {'sku': 'SKU-0150', 'qty': 3, 'price': 12500}, {'sku': 'SKU-0154', 'qty': 3, 'price': 5000}, {'sku': 'SKU-0033', 'qty': 2, 'price': 13000}]",,,,,,,,,,ORD-000330,2023-07-02 05:38,96.71,USD,Kano,,CUST-00166,user579@example.com,+2348027327046,,,
ORD-000331,2023-02-09 04:29:27+00:00,user692@shop.ng,,CUST-00033,"[{'sku': 'SKU-0077', 'quantity': 1, 'unit_price': 12200}, {'sku': 'SKU-0142', 'quantity': 1, 'unit_price': 2500}, {'sku': 'SKU-0091', 'quantity': 2, 'unit_price': 9500}, {'sku': 'SKU-0173', 'quantity': 1, 'unit_price': 6700}]",40400.0,NGN,Kaduna,,,,,,,,,,,,,,,,"144 Garki Rd, Kaduna",,,,,,,,,,,,
ORD-000332,2023-11-01 19:39:57+00:00,user228@example.com,+2348091826622,CUST-00449,"[{'sku': 'SKU-0197', 'quantity': 3, 'unit_price': 4500}]",15.41,USD,Kano,243 Alausa Rd,Kano,NG,,,,,,,,,,,,,,,,,,,,,,,,,
,,,,,,,,,,,,,,,"[{'sku': 'SKU-0161', 'qty': 1, 'price': 12200}, {'sku': 'SKU-0092', 'qty': 1, 'price': 12500}]",,,,,,,,,,ORD-000333,2023-07-17 00:25,24700.0,NGN,Lagos,,CUST-00511,user204@mail.com,+2348054910261,32 Garki Rd,Lagos,NG
ORD-000334,2023-10-26 17:38:36+00:00,user1290@mail.com,,CUST-00773,"[{'sku': 'SKU-0213', 'quantity': 2, 'unit_price': 18500}, {'sku': 'SKU-0073', 'quantity': 3, 'unit_price': 4200}]",49600.0,NGN,Lagos,108 Garki Rd,Lagos,NG,,,,,,,,,,,,,,,,,,,,,,,,,
ORD-000335,2023-06-10 13:15:18+00:00,,+2348098607345,CUST-00445,"[{'sku': 'SKU-0218', 'quantity': 3, 'unit_price': 3000}, {'sku': 'SKU-0007', 'quantity': 2, 'unit_price': 6700}, {'sku': 'SKU-0197', 'quantity': 1, 'unit_price': 4000}, {'sku': 'SKU-0021', 'quantity': 2, 'unit_price': 25500}]",77400.0,NGN,Kaduna,39 GRA Rd,Kaduna,NG,,,,,,,,,,,,,,,,,,,,,,,,,
,,,,,,,,,,,,user1115@shop.ng,+2348097074691,CUST-00457,"[{'sku': 'SKU-0107', 'qty': 2, 'price': 25500}, {'sku': 'SKU-0184', 'qty': 3, 'price': 2000}, {'sku': 'SKU-0088', 'qty': 1, 'price': 4500}]",69.33,USD,1696467908.0,PH,,,,"51 Sabon Gari Rd, PH",,,,,,,,,,,,,
ORD-000337,2023-10-09 14:24:34+00:00,user1040@pulse.africa,,CUST-00382,"[{'sku': 'SKU-0138', 'quantity': 2, 'unit_price': 12200}, {'sku': 'SKU-0023', 'quantity': 3, 'unit_price': 3000}, {'sku': 'SKU-0133', 'quantity': 2, 'unit_price': 9200}, {'sku': 'SKU-0005', 'quantity': 1, 'unit_price': 18500}, {'sku': 'SKU-0061', 'quantity': 2, 'unit_price': 3500}]",88.04,USD,Abuja,241 Alausa Rd,Abuja,NG,,,,,,,,,,,,,,,,,,,,,,,,,
,,,,,,,,,,,,user740@shop.ng,,CUST-00198,"[{'sku': 'SKU-0086', 'qty': 1, 'price': 4200}, {'sku': 'SKU-0089', 'qty': 2, 'price': 18500}, {'sku': 'SKU-0170', 'qty': 3, 'price': 2700}, {'sku': 'SKU-0182', 'qty': 2, 'price': 25200}]",99700.0,NGN,1697256075.0,Lagos,213 Wuse Rd,Lagos,NG,,,,,,,,,,,,,,
,,,,,,,,,,,,,,,"[{'sku': 'SKU-0019', 'qty': 2, 'price': 13000}, {'sku': 'SKU-0150', 'qty': 3, 'price': 13000}, {'sku': 'SKU-0067', 'qty': 3, 'price': 10000}, {'sku': 'SKU-0162', 'qty': 2, 'price': 7500}]",,,,,,,,,,ORD-000339,2023-07-04 23:00,110000.0,NGN,Abuja,,CUST-00750,user334@mail.com,+2348075063976,34 GRA Rd,Abuja,NG
,,,,,,,,,,,,,,,"[{'sku': 'SKU-0121', 'qty': 1, 'price': 9200}, {'sku': 'SKU-0143', 'qty': 2, 'price': 2500}, {'sku': 'SKU-0154', 'qty': 2, 'price': 4000}, {'sku': 'SKU-0030', 'qty': 2, 'price': 3000}]",,,,,,,,,,ORD-000340,2023-09-27 16:56,28200.0,NGN,Abuja,,,user767@pulse.africa,+2348013755114,37 GRA Rd,Abuja,NG
ORD-000341,2023-12-12 06:36:49+00:00,user635@shop.ng,+2348060641104,,"[{'sku': 'SKU-0046', 'quantity': 3, 'unit_price': 7500}, {'sku': 'SKU-0000', 'quantity': 1, 'unit_price': 3000}]",25500.0,NGN,Kano,,,,,,,,,,,,,,,,"185 GRA Rd, Kano",,,,,,,,,,,,
,,,,,,,,,,,,,,,"[{'sku': 'SKU-0170', 'qty': 2, 'price': 2700}, {'sku': 'SKU-0186', 'qty': 2, 'price': 4000}, {'sku': 'SKU-0204', 'qty': 3, 'price': 2500}, {'sku': 'SKU-0099', 'qty': 1, 'price': 3500}]",,,,,,,,,,ORD-000342,2023-07-16 00:44,24400.0,NGN,Kaduna,,,user908@pulse.africa,+2348032228439,147 Sabon Gari Rd,Kaduna,NG
,,,,,,,,,,,,,,,"[{'sku': 'SKU-0049', 'qty': 3, 'price': 25000}]",,,,,,,,,,ORD-000343,2023-09-08 01:42,83.52,USD,PH,,CUST-00515,user247@mail.com,+2348046904845,63 GRA Rd,PH,NG
,,,,,,,,,,,,,,,"[{'sku': 'SKU-0150', 'qty': 1, 'price': 13000}, {'sku': 'SKU-0005', 'qty': 2, 'price': 19000}, {'sku': 'SKU-0046', 'qty': 2, 'price': 6500}, {'sku': 'SKU-0135', 'qty': 2, 'price': 7500}]",79000.0,NGN,1692893868.0,Kano,,,,,,,,,,,,,,,,,
ORD-000345,2023-06-08 04:05:29+00:00,user656@mail.com,+2348053515775,,"[{'sku': 'SKU-0157', 'quantity': 2, 'unit_price': 1700}]",3400.0,NGN,Abuja,,,,,,,,,,,,,,,,"242 Alausa Rd, Abuja",,,,,,,,,,,,
,,,,,,,,,,,,,,,"[{'sku': 'SKU-0060', 'qty': 2, 'price': 19000}, {'sku': 'SKU-0029', 'qty': 2, 'price': 2500}, {'sku': 'SKU-0081', 'qty': 2, 'price': 13000}, {'sku': 'SKU-0016', 'qty': 2, 'price': 6500}, {'sku': 'SKU-0104', 'qty': 3, 'price': 25200}]",,,,,,,,,,ORD-000346,2023-10-20 02:23,184.54,USD,PH,,,user1383@example.com,+2348084451573,33 Sabon Gari Rd,PH,NG
ORD-000347,2023-02-02 14:04:57+00:00,user3@shop.ng,+2348093312959,CUST-00569,"[{'sku': 'SKU-0200', 'quantity': 1, 'unit_price': 12500}, {'sku': 'SKU-0138', 'quantity': 1, 'unit_price': 12200}]",25200.0,NGN,PH,,,,,,,,,,,,,,,,"249 Garki Rd, PH",,,,,,,,,,,,
ORD-000348,2023-04-17 03:22:04+00:00,,,CUST-00577,"[{'sku': 'SKU-0214', 'quantity': 3, 'unit_price': 13000}, {'sku': 'SKU-0089', 'quantity': 3, 'unit_price': 18200}, {'sku': 'SKU-0149', 'quantity': 3, 'unit_price': 3000}]",102600.0,NGN,PH,213 Garki Rd,PH,NG,,,,,,,,,,,,,,,,,,,,,,,,,
ORD-000349,2023-12-08 02:09:22+00:00,user659@pulse.africa,+2348090465362,,"[{'sku': 'SKU-0156', 'quantity': 3, 'unit_price': 12500}, {'sku': 'SKU-0174', 'quantity': 2, 'unit_price': 12500}]",64.77,USD,Kaduna,,,,,,,,,,,,,,,,"234 Garki Rd, Kaduna",,,,,,,,,,,,
,,,,,,,,,,,,,,,"[{'sku': 'SKU-0002', 'qty': 3, 'price': 6700}]",,,,,,,,,,ORD-000350,2023-08-25 10:18,20100.0,NGN,Kaduna,,CUST-00721,user805@example.com,+2348097120361,138 Alausa Rd,Kaduna,NG
,,,,,,,,,,,,user576@pulse.africa,+2348092334886,,"[{'sku': 'SKU-0208', 'qty': 2, 'price': 7000}, {'sku': 'SKU-0099', 'qty': 1, 'price': 2500}, {'sku': 'SKU-0031', 'qty': 2, 'price': 9500}]",36.86,USD,1687468853.0,Lagos,207 Garki Rd,Lagos,NG,,,,,,,,,,,,,,
ORD-000352,2023-01-15 06:57:50+00:00,user360@example.com,+2348018730772,CUST-00699,"[{'sku': 'SKU-0180', 'quantity': 3, 'unit_price': 12200}, {'sku': 'SKU-0001', 'quantity': 1, 'unit_price': 10000}, {'sku': 'SKU-0028', 'quantity': 2, 'unit_price': 7500}, {'sku': 'SKU-0043', 'quantity': 3, 'unit_price': 6700}]",81700.0,NGN,Kano,,,,,,,,,,,,,,,,,,,,,,,,,,,,
,,,,,,,,,,,,,,,"[{'sku': 'SKU-0049', 'qty': 3, 'price': 25000}, {'sku': 'SKU-0177', 'qty': 3, 'price': 2000}, {'sku': 'SKU-0174', 'qty': 3, 'price': 13000}]",,,,,,,,,,ORD-000353,2023-12-09 03:32,120000.0,NGN,PH,"175 GRA Rd, PH",CUST-00690,user107@pulse.africa,+2348064609958,,,
ORD-000354,2023-07-20 21:11:01+00:00,,+2348013405363,,"[{'sku': 'SKU-0012', 'quantity': 2, 'unit_price': 10000}, {'sku': 'SKU-0136', 'quantity': 2, 'unit_price': 7000}]",34000.0,NGN,Lagos,58 Wuse Rd,Lagos,NG,,,,,,,,,,,,,,,,,,,,,,,,,
,,,,,,,,,,,,,,,"[{'sku': 'SKU-0079', 'qty': 1, 'price': 12000}, {'sku': 'SKU-0007', 'qty': 2, 'price': 7500}, {'sku': 'SKU-0206', 'qty': 1, 'price': 25500}]",,,,,,,,,,ORD-000355,2023-03-18 11:01,52500.0,NGN,Abuja,,,user698@example.com,+2348079749603,242 Alausa Rd,Abuja,NG
,,,,,,,,,,,,user885@example.com,,,"[{'sku': 'SKU-0148', 'qty': 1, 'price': 1500}, {'sku': 'SKU-0015', 'qty': 1, 'price': 10000}, {'sku': 'SKU-0080', 'qty': 3, 'price': 1500}, {'sku': 'SKU-0200', 'qty': 1, 'price': 12000}]",29.08,USD,1687245807.0,Lagos,,,,,,,,,,,,,,,,,
ORD-000357,2023-02-07 05:12:09+00:00,,,CUST-00198,"[{'sku': 'SKU-0059', 'quantity': 3, 'unit_price': 4000}, {'sku': 'SKU-0116', 'quantity': 2, 'unit_price': 13000}, {'sku': 'SKU-0203', 'quantity': 2, 'unit_price': 2500}, {'sku': 'SKU-0086', 'quantity': 3, 'unit_price': 4000}]",55000.0,NGN,PH,152 Garki Rd,PH,NG,,,,,,,,,,,,,,,,,,,,,,,,,
,,,,,,,,,,,,,,,"[{'sku': 'SKU-0090', 'qty': 2, 'price': 7500}, {'sku': 'SKU-0185', 'qty': 3, 'price': 3500}, {'sku': 'SKU-0047', 'qty': 1, 'price': 12200}]",,,,,,,,,,ORD-000358,2023-09-05 12:39,37700.0,NGN,PH,,,user893@pulse.africa,+2348082631078,38 Wuse Rd,PH,NG
ORD-000359,2023-04-24 00:54:45+00:00,user865@pulse.africa,+2348036893461,CUST-00573,"[{'sku': 'SKU-0132', 'quantity': 3, 'unit_price': 9200}]",27600.0,NGN,Kano,52 Alausa Rd,Kano,NG,,,,,,,,,,,,,,,,,,,,,,,,,
,,,,,,,,,,,,user679@shop.ng,+2348034728879,CUST-00219,"[{'sku': 'SKU-0177', 'qty': 2, 'price': 2000}, {'sku': 'SKU-0157', 'qty': 2, 'price': 2500}, {'sku': 'SKU-0084', 'qty': 1, 'price': 2500}, {'sku': 'SKU-0116', 'qty': 1, 'price': 13000}, {'sku': 'SKU-0056', 'qty': 1, 'price': 25200}]",49700.0,NGN,1688493884.0,Kaduna,2 Sabon Gari Rd,Kaduna,NG,,,,,,,,,,,,,,
,,,,,,,,,,,,user1136@mail.com,,,"[{'productSku': 'SKU-0112', 'qty': 1, 'price': 25500}, {'productSku': 'SKU-0011', 'qty': 1, 'price': 25200}, {'productSku': 'SKU-0050', 'qty': 2, 'price': 9200}]",69100.0,NGN,1676396311.0,Abuja,,,,,,,,,,,,,,,,,
,,,,,,,,,,,,,,,"[{'sku': 'SKU-0167', 'qty': 1, 'price': 9500}, {'sku': 'SKU-0053', 'qty': 2, 'price': 19000}, {'sku': 'SKU-0061', 'qty': 2, 'price': 3000}, {'sku': 'SKU-0169', 'qty': 1, 'price': 10000}]",,,,,,,,,,ORD-000362,2023-11-19 21:38,73.33,USD,Abuja,,,user268@mail.com,+2348060760544,82 GRA Rd,Abuja,NG
,,,,,,,,,,,,,+2348096580039,CUST-00630,"[{'sku': 'SKU-0150', 'qty': 1, 'price': 12500}, {'sku': 'SKU-0202', 'qty': 1, 'price': 4500}, {'sku': 'SKU-0063', 'qty': 1, 'price': 25500}, {'sku': 'SKU-0032', 'qty': 3, 'price': 13000}, {'sku': 'SKU-0053', 'qty': 3, 'price': 18000}]",135500.0,NGN,1680736924.0,Lagos,96 Wuse Rd,Lagos,NG,,,,,,,,,,,,,,
,,,,,,,,,,,,user871@shop.ng,+2348060211839,,"[{'productSku': 'SKU-0183', 'qty': 2, 'price': 19000}, {'productSku': 'SKU-0068', 'qty': 3, 'price': 13000}, {'productSku': 'SKU-0163', 'qty': 3, 'price': 9000}, {'productSku': 'SKU-0053', 'qty': 1, 'price': 18200}]",122200.0,NGN,1685076488.0,PH,,,,"22 Garki Rd, PH",,,,,,,,,,,,,
,,,,,,,,,,,,user736@example.com,+2348077345747,,"[{'productSku': 'SKU-0010', 'qty': 2, 'price': 18500}, {'productSku': 'SKU-0109', 'qty': 2, 'price': 3500}, {'productSku': 'SKU-0110', 'qty': 2, 'price': 18500}, {'productSku': 'SKU-0205', 'qty': 2, 'price': 7000}, {'productSku': 'SKU-0069', 'qty': 2, 'price': 9000}]",113000.0,NGN,1684328097.0,Abuja,,,,"165 Alausa Rd, Abuja",,,,,,,,,,,,,
,,,,,,,,,,,,,,,"[{'sku': 'SKU-0009', 'qty': 3, 'price': 6700}, {'sku': 'SKU-0085', 'qty': 1, 'price': 25500}, {'sku': 'SKU-0064', 'qty': 2, 'price': 9500}]",,,,,,,,,,ORD-000366,2023-02-16 01:19,64600.0,NGN,Lagos,"211 Sabon Gari Rd, Lagos",CUST-00142,user1467@pulse.africa,,,,
ORD-000367,2023-06-07 13:56:35+00:00,user972@mail.com,+2348084170763,,"[{'sku': 'SKU-0120', 'quantity': 3, 'unit_price': 18200}]",60.13,USD,PH,185 Wuse Rd,PH,NG,,,,,,,,,,,,,,,,,,,,,,,,,
,,,,,,,,,,,,,,,"[{'sku': 'SKU-0197', 'qty': 3, 'price': 5000}, {'sku': 'SKU-0053', 'qty': 2, 'price': 19000}, {'sku': 'SKU-0218', 'qty': 3, 'price': 2500}, {'sku': 'SKU-0095', 'qty': 1, 'price': 2700}]",,,,,,,,,,ORD-000368,2023-05-02 14:04,63200.0,NGN,Abuja,,CUST-00512,user727@pulse.africa,+2348067139083,104 GRA Rd,Abuja,NG
,,,,,,,,,,,,user801@shop.ng,+2348062430296,CUST-00623,"[{'sku': 'SKU-0035', 'qty': 1, 'price': 9500}]",9500.0,NGN,1673310999.0,PH,,,,,,,,,,,,,,,,,
ORD-000370,2023-08-10 04:15:52+00:00,user791@pulse.africa,+2348049071522,,"[{'sku': 'SKU-0023', 'quantity': 1, 'unit_price': 2500}, {'sku': 'SKU-0172', 'quantity': 3, 'unit_price': 9200}, {'sku': 'SKU-0008', 'quantity': 3, 'unit_price': 2500}]",37600.0,NGN,Kaduna,18 Wuse Rd,Kaduna,NG,,,,,,,,,,,,,,,,,,,,,,,,,
,,,,,,,,,,,,user422@pulse.africa,+2348099226958,CUST-00212,"[{'productSku': 'SKU-0105', 'qty': 2, 'price': 4200}, {'productSku': 'SKU-0028', 'qty': 1, 'price': 7500}, {'productSku': 'SKU-0122', 'qty': 3, 'price': 6500}]",35400.0,NGN,1672901878.0,Abuja,,,,"155 GRA Rd, Abuja",,,,,,,,,,,,,
,,,,,,,,,,,,,,CUST-00590,"[{'sku': 'SKU-0051', 'qty': 1, 'price': 6700}, {'sku': 'SKU-0114', 'qty': 1, 'price': 3500}, {'sku': 'SKU-0154', 'qty': 1, 'price': 4500}]",15.08,USD,1696582078.0,Kaduna,236 Wuse Rd,Kaduna,NG,,,,,,,,,,,,,,
ORD-000373,2023-06-01 21:13:35+00:00,user196@shop.ng,+2348015860545,CUST-00188,"[{'sku': 'SKU-0106', 'quantity': 1, 'unit_price': 25200}, {'sku': 'SKU-0158', 'quantity': 3, 'unit_price': 3500}]",35700.0,NGN,PH,,,,,,,,,,,,,,,,"223 Garki Rd, PH",,,,,,,,,,,,
,,,,,,,,,,,,user756@example.com,+2348077698729,CUST-00567,"[{'sku': 'SKU-0178', 'qty': 3, 'price': 18200}]",57.17,USD,1690574677.0,Kano,84 Wuse Rd,Kano,NG,,,,,,,,,,,,,,
,,,,,,,,,,,,user22@pulse.africa,,CUST-00200,"[{'sku': 'SKU-0018', 'qty': 3, 'price': 19000}]",57000.0,NGN,1674028907.0,Kaduna,84 Wuse Rd,Kaduna,NG,,,,,,,,,,,,,,
,,,,,,,,,,,,user23@pulse.africa,,CUST-00080,"[{'productSku': 'SKU-0035', 'qty': 2, 'price': 9500}, {'productSku': 'SKU-0215', 'qty': 1, 'price': 2700}, {'productSku': 'SKU-0214', 'qty': 1, 'price': 12000}, {'productSku': 'SKU-0045', 'qty': 2, 'price': 9000}]",51700.0,NGN,1694577220.0,Abuja,,,,"56 Alausa Rd, Abuja",,,,,,,,,,,,,
ORD-000377,2023-09-28 14:06:34+00:00,,,,"[{'sku': 'SKU-0164', 'quantity': 3, 'unit_price': 25000}, {'sku': 'SKU-0099', 'quantity': 3, 'unit_price': 3000}, {'sku': 'SKU-0113', 'quantity': 1, 'unit_price': 1500}, {'sku': 'SKU-0012', 'quantity': 2, 'unit_price': 9200}, {'sku': 'SKU-0063', 'quantity': 2, 'unit_price': 25200}]",154300.0,NGN,Lagos,175 Alausa Rd,Lagos,NG,,,,,,,,,,,,,,,,,,,,,,,,,
,,,,,,,,,,,,,,,"[{'sku': 'SKU-0011', 'qty': 2, 'price': 25000}, {'sku': 'SKU-0208', 'qty': 2, 'price': 7000}]",,,,,,,,,,ORD-000378,2023-11-06 11:52,64000.0,NGN,Abuja,"28 Sabon Gari Rd, Abuja",,user1110@shop.ng,+2348026214033,,,
,,,,,,,,,,,,,,,"[{'sku': 'SKU-0099', 'qty': 1, 'price': 3500}]",,,,,,,,,,ORD-000379,2023-06-06 04:12,3500.0,NGN,Kano,"78 GRA Rd, Kano",CUST-00286,user756@example.com,,,,
,,,,,,,,,,,,,,,"[{'sku': 'SKU-0043', 'qty': 2, 'price': 6500}, {'sku': 'SKU-0153', 'qty': 2, 'price': 10000}, {'sku': 'SKU-0173', 'qty': 3, 'price': 6700}, {'sku': 'SKU-0085', 'qty': 1, 'price': 25500}, {'sku': 'SKU-0217', 'qty': 3, 'price': 10000}]",,,,,,,,,,ORD-000380,2023-10-04 17:16,108600.0,NGN,PH,"181 Alausa Rd, PH",,user920@shop.ng,+2348041195619,,,
,,,,,,,,,,,,user1315@example.com,+2348090272292,,"[{'sku': 'SKU-0060', 'qty': 3, 'price': 19000}, {'sku': 'SKU-0193', 'qty': 1, 'price': 6500}, {'sku': 'SKU-0015', 'qty': 1, 'price': 9500}]",73000.0,NGN,1697997035.0,Lagos,114 Sabon Gari Rd,Lagos,NG,,,,,,,,,,,,,,
,,,,,,,,,,,,,,,"[{'sku': 'SKU-0192', 'qty': 1, 'price': 6700}, {'sku': 'SKU-0216', 'qty': 3, 'price': 4500}, {'sku': 'SKU-0087', 'qty': 1, 'price': 25200}]",,,,,,,,,,ORD-000382,2023-07-22 06:53,45400.0,NGN,Kaduna,"47 Wuse Rd, Kaduna",CUST-00681,user1408@mail.com,+2348061202173,,,
,,,,,,,,,,,,,,,"[{'sku': 'SKU-0049', 'qty': 1, 'price': 25200}]",,,,,,,,,,ORD-000383,2023-12-04 19:44,28.57,USD,Kaduna,,,user419@mail.com,+2348067208939,80 Garki Rd,Kaduna,NG
,,,,,,,,,,,,,,,"[{'sku': 'SKU-0063', 'qty': 2, 'price': 25500}, {'sku': 'SKU-0147', 'qty': 2, 'price': 6700}, {'sku': 'SKU-0069', 'qty': 2, 'price': 9000}, {'sku': 'SKU-0092', 'qty': 2, 'price': 13000}, {'sku': 'SKU-0042', 'qty': 2, 'price': 13000}]",,,,,,,,,,ORD-000384,2023-06-14 16:07,134400.0,NGN,Abuja,,CUST-00444,user988@example.com,+2348067364292,195 Sabon Gari Rd,Abuja,NG
,,,,,,,,,,,,,,,"[{'sku': 'SKU-0097', 'qty': 2, 'price': 7000}, {'sku': 'SKU-0116', 'qty': 2, 'price': 13000}, {'sku': 'SKU-0143', 'qty': 3, 'price': 3500}]",,,,,,,,,,ORD-000385,2023-08-03 16:57,50500.0,NGN,Abuja,,,user317@mail.com,,187 Sabon Gari Rd,Abuja,NG
ORD-000386,2023-06-03 06:24:06+00:00,user1001@pulse.africa,+2348097363169,CUST-00357,"[{'sku': 'SKU-0125', 'quantity': 2, 'unit_price': 1500}, {'sku': 'SKU-0104', 'quantity': 1, 'unit_price': 25000}, {'sku': 'SKU-0098', 'quantity': 3, 'unit_price': 6700}, {'sku': 'SKU-0049', 'quantity': 2, 'unit_price': 25500}]",99100.0,NGN,Kano,,,,,,,,,,,,,,,,"109 Garki Rd, Kano",,,,,,,,,,,,
,,,,,,,,,,,,,,,"[{'sku': 'SKU-0178', 'qty': 3, 'price': 18200}]",,,,,,,,,,ORD-000387,2023-12-24 20:42,54600.0,NGN,Kano,,CUST-00698,user507@mail.com,,165 Wuse Rd,Kano,NG
,,,,,,,,,,,,user551@mail.com,+2348063414658,CUST-00353,"[{'productSku': 'SKU-0048', 'qty': 2, 'price': 25200}, {'productSku': 'SKU-0212', 'qty': 2, 'price': 12500}, {'productSku': 'SKU-0177', 'qty': 2, 'price': 2500}, {'productSku': 'SKU-0150', 'qty': 2, 'price': 13000}, {'productSku': 'SKU-0192', 'qty': 3, 'price': 6500}]",126400.0,NGN,1702763597.0,Lagos,2 Garki Rd,Lagos,NG,,,,,,,,,,,,,,
,,,,,,,,,,,,,,,"[{'sku': 'SKU-0106', 'qty': 3, 'price': 25500}, {'sku': 'SKU-0187', 'qty': 2, 'price': 1700}, {'sku': 'SKU-0045', 'qty': 2, 'price': 9200}, {'sku': 'SKU-0180', 'qty': 1, 'price': 12200}, {'sku': 'SKU-0124', 'qty': 1, 'price': 2500}]",,,,,,,,,,ORD-000389,2023-10-28 11:48,113000.0,NGN,Kaduna,"234 GRA Rd, Kaduna",CUST-00191,user375@mail.com,+2348064867187,,,
,,,,,,,,,,,,,+2348010969945,CUST-00104,"[{'sku': 'SKU-0021', 'qty': 2, 'price': 25000}, {'sku': 'SKU-0070', 'qty': 1, 'price': 4500}, {'sku': 'SKU-0007', 'qty': 3, 'price': 6700}]",74600.0,NGN,1678105468.0,Lagos,203 Alausa Rd,Lagos,NG,,,,,,,,,,,,,,
,,,,,,,,,,,,,,,"[{'sku': 'SKU-0194', 'qty': 2, 'price': 3500}, {'sku': 'SKU-0121', 'qty': 2, 'price': 10000}, {'sku': 'SKU-0086', 'qty': 2, 'price': 4500}, {'sku': 'SKU-0080', 'qty': 1, 'price': 2000}, {'sku': 'SKU-0170', 'qty': 2, 'price': 3500}]",,,,,,,,,,ORD-000391,2023-05-26 21:27,45500.0,NGN,PH,,CUST-00339,user7@shop.ng,+2348063929804,228 Garki Rd,PH,NG
,,,,,,,,,,,,,,,"[{'sku': 'SKU-0179', 'qty': 1, 'price': 2000}, {'sku': 'SKU-0115', 'qty': 3, 'price': 19000}, {'sku': 'SKU-0131', 'qty': 2, 'price': 1700}]",,,,,,,,,,ORD-000392,2023-12-04 11:42,62400.0,NGN,PH,,CUST-00330,,+2348016141035,189 Sabon Gari Rd,PH,NG
,,,,,,,,,,,,,,,"[{'sku': 'SKU-0189', 'qty': 3, 'price': 4000}, {'sku': 'SKU-0089', 'qty': 2, 'price': 19000}, {'sku': 'SKU-0168', 'qty': 3, 'price': 2500}, {'sku': 'SKU-0187', 'qty': 2, 'price': 2000}]",,,,,,,,,,ORD-000393,2023-08-24 15:26,61500.0,NGN,Kaduna,,CUST-00533,user1468@example.com,,78 GRA Rd,Kaduna,NG
ORD-000394,2023-03-07 06:21:57+00:00,user1434@example.com,,,"[{'sku': 'SKU-0123', 'quantity': 3, 'unit_price': 25200}]",75600.0,NGN,Kaduna,8 Garki Rd,Kaduna,NG,,,,,,,,,,,,,,,,,,,,,,,,,
ORD-000395,2023-12-17 13:17:38+00:00,user1231@example.com,+2348060601468,CUST-00230,"[{'sku': 'SKU-0056', 'quantity': 3, 'unit_price': 25500}, {'sku': 'SKU-0170', 'quantity': 2, 'unit_price': 2500}, {'sku': 'SKU-0170', 'quantity': 1, 'unit_price': 3500}]",85000.0,NGN,Kaduna,191 Wuse Rd,Kaduna,NG,,,,,,,,,,,,,,,,,,,,,,,,,
,,,,,,,,,,,,user238@pulse.africa,,CUST-00193,"[{'productSku': 'SKU-0057', 'qty': 2, 'price': 1500}, {'productSku': 'SKU-0074', 'qty': 1, 'price': 2500}]",5500.0,NGN,1701258525.0,Kaduna,,,,"98 GRA Rd, Kaduna",,,,,,,,,,,,,
,,,,,,,,,,,,user608@mail.com,+2348071174364,CUST-00149,"[{'sku': 'SKU-0108', 'qty': 2, 'price': 7000}, {'sku': 'SKU-0204', 'qty': 3, 'price': 1700}, {'sku': 'SKU-0133', 'qty': 3, 'price': 9200}, {'sku': 'SKU-0027', 'qty': 2, 'price': 2500}]",51700.0,NGN,1690503055.0,Abuja,,,,,,,,,,,,,,,,,
,,,,,,,,,,,,user683@mail.com,+2348038268009,CUST-00061,"[{'productSku': 'SKU-0079', 'qty': 3, 'price': 12000}, {'productSku': 'SKU-0070', 'qty': 3, 'price': 5000}, {'productSku': 'SKU-0161', 'qty': 1, 'price': 13000}]",64000.0,NGN,1673683588.0,PH,240 Garki Rd,PH,NG,,,,,,,,,,,,,,
,,,,,,,,,,,,,,,"[{'sku': 'SKU-0076', 'qty': 3, 'price': 6700}, {'sku': 'SKU-0005', 'qty': 3, 'price': 19000}, {'sku': 'SKU-0086', 'qty': 2, 'price': 5000}, {'sku': 'SKU-0089', 'qty': 2, 'price': 19000}]",,,,,,,,,,ORD-000399,2023-11-29 17:45,125100.0,NGN,Kaduna,"203 GRA Rd, Kaduna",CUST-00290,user400@shop.ng,,,,
,,,,,,,,,,,,,,,"[{'sku': 'SKU-0167', 'qty': 1, 'price': 9200}, {'sku': 'SKU-0113', 'qty': 3, 'price': 2500}, {'sku': 'SKU-0074', 'qty': 1, 'price': 2700}, {'sku': 'SKU-0055', 'qty': 3, 'price': 6700}]",,,,,,,,,,ORD-000400,2023-11-27 00:48,39500.0,NGN,Kano,"110 Garki Rd, Kano",,user1179@example.com,+2348029811269,,,
,,,,,,,,,,,,,,,"[{'sku': 'SKU-0013', 'qty': 1, 'price': 4500}, {'sku': 'SKU-0151', 'qty': 2, 'price': 6700}]",,,,,,,,,,ORD-000401,2023-05-19 02:16,17900.0,NGN,Kaduna,,CUST-00035,,+2348050626311,245 Garki Rd,Kaduna,NG
ORD-000402,2023-10-29 07:26:39+00:00,user1202@shop.ng,+2348022690720,CUST-00522,"[{'sku': 'SKU-0209', 'quantity': 3, 'unit_price': 7500}, {'sku': 'SKU-0070', 'quantity': 3, 'unit_price': 5000}, {'sku': 'SKU-0094', 'quantity': 1, 'unit_price': 6500}, {'sku': 'SKU-0029', 'quantity': 1, 'unit_price': 2500}]",46500.0,NGN,Lagos,47 Wuse Rd,Lagos,NG,,,,,,,,,,,,,,,,,,,,,,,,,
,,,,,,,,,,,,user1063@example.com,+2348037845315,CUST-00543,"[{'sku': 'SKU-0146', 'qty': 1, 'price': 2500}, {'sku': 'SKU-0083', 'qty': 1, 'price': 6700}, {'sku': 'SKU-0103', 'qty': 3, 'price': 6500}]",28700.0,NGN,1696111140.0,Kaduna,230 Alausa Rd,Kaduna,NG,,,,,,,,,,,,,,
,,,,,,,,,,,,,,,"[{'sku': 'SKU-0204', 'qty': 2, 'price': 1500}, {'sku': 'SKU-0010', 'qty': 1, 'price': 18200}, {'sku': 'SKU-0167', 'qty': 1, 'price': 9000}, {'sku': 'SKU-0143', 'qty': 2, 'price': 2500}]",,,,,,,,,,ORD-000404,2023-01-03 01:37,35200.0,NGN,PH,,,user1115@mail.com,+2348098336655,,,
,,,,,,,,,,,,user1234@mail.com,+2348047231423,CUST-00221,"[{'productSku': 'SKU-0113', 'qty': 1, 'price': 2500}, {'productSku': 'SKU-0177', 'qty': 2, 'price': 2000}, {'productSku': 'SKU-0155', 'qty': 3, 'price': 9200}, {'productSku': 'SKU-0176', 'qty': 1, 'price': 25000}, {'productSku': 'SKU-0060', 'qty': 1, 'price': 18200}]",77300.0,NGN,1702885193.0,Kano,,,,,,,,,,,,,,,,,
ORD-000406,2023-04-12 05:39:42+00:00,user552@mail.com,+2348085650769,CUST-00073,"[{'sku': 'SKU-0102', 'quantity': 2, 'unit_price': 12000}, {'sku': 'SKU-0065', 'quantity': 3, 'unit_price': 2500}]",35.55,USD,Kaduna,211 GRA Rd,Kaduna,NG,,,,,,,,,,,,,,,,,,,,,,,,,
ORD-000407,2023-11-16 01:34:01+00:00,,+2348058696806,CUST-00417,"[{'sku': 'SKU-0201', 'quantity': 2, 'unit_price': 7500}, {'sku': 'SKU-0006', 'quantity': 3, 'unit_price': 1700}, {'sku': 'SKU-0019', 'quantity': 2, 'unit_price': 12000}]",44100.0,NGN,Abuja,200 Sabon Gari Rd,Abuja,NG,,,,,,,,,,,,,,,,,,,,,,,,,
,,,,,,,,,,,,,,,"[{'sku': 'SKU-0096', 'qty': 1, 'price': 2500}]",,,,,,,,,,ORD-000408,2023-04-17 06:34,2.84,USD,Lagos,"147 Sabon Gari Rd, Lagos",,user628@shop.ng,,,,
,,,,,,,,,,,,,+2348030869686,,"[{'sku': 'SKU-0081', 'qty': 2, 'price': 12200}, {'sku': 'SKU-0088', 'qty': 3, 'price': 5000}]",39400.0,NGN,1675855308.0,Lagos,37 Wuse Rd,Lagos,NG,,,,,,,,,,,,,,
,,,,,,,,,,,,user565@shop.ng,+2348040704198,CUST-00480,"[{'productSku': 'SKU-0173', 'qty': 3, 'price': 7500}, {'productSku': 'SKU-0180', 'qty': 2, 'price': 12200}]",46900.0,NGN,1693978974.0,Kano,,,,"220 Alausa Rd, Kano",,,,,,,,,,,,,
ORD-000411,2023-11-25 06:15:36+00:00,user1135@shop.ng,+2348011435415,CUST-00087,"[{'sku': 'SKU-0019', 'quantity': 3, 'unit_price': 12200}]",41.03,USD,Lagos,109 GRA Rd,Lagos,NG,,,,,,,,,,,,,,,,,,,,,,,,,
,,,,,,,,,,,,,,,"[{'sku': 'SKU-0175', 'qty': 3, 'price': 9000}, {'sku': 'SKU-0103', 'qty': 1, 'price': 6700}, {'sku': 'SKU-0212', 'qty': 3, 'price': 12000}, {'sku': 'SKU-0182', 'qty': 2, 'price': 25500}, {'sku': 'SKU-0062', 'qty': 3, 'price': 18000}]",,,,,,,,,,ORD-000412,2023-07-06 06:43,174700.0,NGN,Kaduna,"35 GRA Rd, Kaduna",CUST-00691,user1073@mail.com,,,,
,,,,,,,,,,,,,,,"[{'sku': 'SKU-0043', 'qty': 2, 'price': 6500}, {'sku': 'SKU-0086', 'qty': 3, 'price': 4200}, {'sku': 'SKU-0212', 'qty': 3, 'price': 12000}, {'sku': 'SKU-0074', 'qty': 2, 'price': 3500}]",,,,,,,,,,ORD-000413,2023-06-14 04:03,68600.0,NGN,Kaduna,,,user1165@shop.ng,+2348050912220,246 GRA Rd,Kaduna,NG
,,,,,,,,,,,,,,,"[{'sku': 'SKU-0217', 'qty': 2, 'price': 9000}, {'sku': 'SKU-0091', 'qty': 1, 'price': 10000}, {'sku': 'SKU-0084', 'qty': 2, 'price': 3000}, {'sku': 'SKU-0027', 'qty': 1, 'price': 3000}, {'sku': 'SKU-0184', 'qty': 1, 'price': 2500}]",,,,,,,,,,ORD-000414,2023-12-30 06:41,39500.0,NGN,Kaduna,,,user174@mail.com,+2348075419352,,,
ORD-000415,2023-03-29 19:21:37+00:00,user1453@mail.com,,,"[{'sku': 'SKU-0095', 'quantity': 2, 'unit_price': 3000}, {'sku': 'SKU-0109', 'quantity': 1, 'unit_price': 3000}, {'sku': 'SKU-0027', 'quantity': 2, 'unit_price': 3500}, {'sku': 'SKU-0041', 'quantity': 1, 'unit_price': 7000}]",23000.0,NGN,Kaduna,,,,,,,,,,,,,,,,"35 Wuse Rd, Kaduna",,,,,,,,,,,,
ORD-000416,2023-12-16 21:54:29+00:00,user666@shop.ng,+2348062190363,CUST-00699,"[{'sku': 'SKU-0170', 'quantity': 1, 'unit_price': 3500}, {'sku': 'SKU-0170', 'quantity': 2, 'unit_price': 2500}]",8500.0,NGN,Lagos,,,,,,,,,,,,,,,,,,,,,,,,,,,,
,,,,,,,,,,,,,,,"[{'sku': 'SKU-0128', 'qty': 1, 'price': 25200}, {'sku': 'SKU-0013', 'qty': 3, 'price': 4500}, {'sku': 'SKU-0109', 'qty': 3, 'price': 2500}]",,,,,,,,,,ORD-000417,2023-02-18 23:33,46200.0,NGN,Abuja,,,user879@mail.com,+2348078617449,,,
,,,,,,,,,,,,,,,"[{'sku': 'SKU-0170', 'qty': 2, 'price': 2700}, {'sku': 'SKU-0121', 'qty': 3, 'price': 9000}]",,,,,,,,,,ORD-000418,2023-12-02 14:37,32400.0,NGN,Kano,"71 Garki Rd, Kano",CUST-00186,user1211@mail.com,+2348027756443,,,
ORD-000419,2023-01-07 20:36:56+00:00,user982@example.com,+2348096419192,CUST-00228,"[{'sku': 'SKU-0023', 'quantity': 1, 'unit_price': 3500}, {'sku': 'SKU-0104', 'quantity': 3, 'unit_price': 25500}]",80000.0,NGN,PH,,,,,,,,,,,,,,,,,,,,,,,,,,,,
ORD-000420,2023-04-19 22:58:15+00:00,user1007@pulse.africa,+2348024969117,CUST-00442,"[{'sku': 'SKU-0063', 'quantity': 2, 'unit_price': 25000}, {'sku': 'SKU-0046', 'quantity': 1, 'unit_price': 6500}, {'sku': 'SKU-0013', 'quantity': 3, 'unit_price': 4500}, {'sku': 'SKU-0054', 'quantity': 2, 'unit_price': 19000}]",108500.0,NGN,Kano,,,,,,,,,,,,,,,,,,,,,,,,,,,,
,,,,,,,,,,,,user1233@example.com,,CUST-00109,"[{'sku': 'SKU-0092', 'qty': 3, 'price': 12500}, {'sku': 'SKU-0190', 'qty': 3, 'price': 9500}, {'sku': 'SKU-0060', 'qty': 3, 'price': 18500}]",121500.0,NGN,1698383669.0,Abuja,227 Garki Rd,Abuja,NG,,,,,,,,,,,,,,
,,,,,,,,,,,,,,,"[{'sku': 'SKU-0087', 'qty': 2, 'price': 26000}, {'sku': 'SKU-0194', 'qty': 1, 'price': 2700}, {'sku': 'SKU-0011', 'qty': 1, 'price': 25200}, {'sku': 'SKU-0107', 'qty': 3, 'price': 25500}, {'sku': 'SKU-0194', 'qty': 3, 'price': 3000}]",,,,,,,,,,ORD-000422,2023-01-30 01:55,171.58,USD,PH,,CUST-00121,user139@shop.ng,+2348077628209,43 GRA Rd,PH,NG
,,,,,,,,,,,,,,,"[{'sku': 'SKU-0015', 'qty': 3, 'price': 9200}, {'sku': 'SKU-0189', 'qty': 2, 'price': 5000}, {'sku': 'SKU-0175', 'qty': 3, 'price': 9000}, {'sku': 'SKU-0042', 'qty': 2, 'price': 13000}, {'sku': 'SKU-0143', 'qty': 2, 'price': 3500}]",,,,,,,,,,ORD-000423,2023-04-23 11:47,97600.0,NGN,Lagos,,,,+2348089472028,226 GRA Rd,Lagos,NG
,,,,,,,,,,,,user569@mail.com,+2348016914893,,"[{'sku': 'SKU-0077', 'qty': 1, 'price': 12500}, {'sku': 'SKU-0181', 'qty': 2, 'price': 9000}, {'sku': 'SKU-0043', 'qty': 1, 'price': 6500}]",37500.0,NGN,1696709824.0,PH,64 Garki Rd,PH,NG,,,,,,,,,,,,,,
ORD-000425,2023-09-03 17:01:54+00:00,user573@mail.com,+2348012098962,CUST-00225,"[{'sku': 'SKU-0083', 'quantity': 1, 'unit_price': 7000}, {'sku': 'SKU-0184', 'quantity': 1, 'unit_price': 2500}, {'sku': 'SKU-0156', 'quantity': 2, 'unit_price': 12500}]",40.49,USD,PH,,,,,,,,,,,,,,,,"223 GRA Rd, PH",,,,,,,,,,,,
,,,,,,,,,,,,user914@mail.com,+2348068237550,CUST-00771,"[{'sku': 'SKU-0160', 'qty': 3, 'price': 9200}, {'sku': 'SKU-0209', 'qty': 2, 'price': 6700}, {'sku': 'SKU-0083', 'qty': 2, 'price': 6700}]",54400.0,NGN,1695620521.0,Kaduna,,,,"231 Wuse Rd, Kaduna",,,,,,,,,,,,,
,,,,,,,,,,,,,,,"[{'sku': 'SKU-0145', 'qty': 2, 'price': 6700}, {'sku': 'SKU-0165', 'qty': 2, 'price': 9000}]",,,,,,,,,,ORD-000427,2023-11-13 17:55,31400.0,NGN,Abuja,"117 Wuse Rd, Abuja",CUST-00404,user385@example.com,,,,
,,,,,,,,,,,,user1111@pulse.africa,+2348021403835,,"[{'productSku': 'SKU-0025', 'qty': 2, 'price': 13000}, {'productSku': 'SKU-0005', 'qty': 1, 'price': 18000}, {'productSku': 'SKU-0195', 'qty': 3, 'price': 18000}, {'productSku': 'SKU-0033', 'qty': 1, 'price': 12000}, {'productSku': 'SKU-0068', 'qty': 1, 'price': 12000}]",122000.0,NGN,1677137931.0,Lagos,,,,"123 GRA Rd, Lagos",,,,,,,,,,,,,
ORD-000429,2023-05-09 20:11:34+00:00,user211@shop.ng,,,"[{'sku': 'SKU-0062', 'quantity': 1, 'unit_price': 18500}, {'sku': 'SKU-0160', 'quantity': 3, 'unit_price': 9000}]",45500.0,NGN,Kaduna,7 Garki Rd,Kaduna,NG,,,,,,,,,,,,,,,,,,,,,,,,,
,,,,,,,,,,,,,,,"[{'sku': 'SKU-0175', 'qty': 2, 'price': 9000}, {'sku': 'SKU-0125', 'qty': 1, 'price': 1500}]",,,,,,,,,,ORD-000430,2023-05-18 05:05,19500.0,NGN,Kano,,CUST-00289,user1261@pulse.africa,,236 Alausa Rd,Kano,NG
,,,,,,,,,,,,user544@example.com,+2348029950518,CUST-00678,"[{'sku': 'SKU-0135', 'qty': 2, 'price': 6700}, {'sku': 'SKU-0173', 'qty': 2, 'price': 6700}, {'sku': 'SKU-0170', 'qty': 3, 'price': 3000}, {'sku': 'SKU-0159', 'qty': 2, 'price': 7000}]",54.19,USD,1677601374.0,Abuja,38 Sabon Gari Rd,Abuja,NG,,,,,,,,,,,,,,
ORD-000432,2023-11-13 09:05:10+00:00,user789@pulse.africa,+2348066885777,CUST-00131,"[{'sku': 'SKU-0147', 'quantity': 2, 'unit_price': 7000}]",14000.0,NGN,Lagos,,,,,,,,,,,,,,,,"250 Wuse Rd, Lagos",,,,,,,,,,,,
,,,,,,,,,,,,,+2348080725487,CUST-00394,"[{'productSku': 'SKU-0098', 'qty': 2, 'price': 7500}, {'productSku': 'SKU-0137', 'qty': 3, 'price': 2500}]",22500.0,NGN,1683720433.0,Abuja,178 Garki Rd,Abuja,NG,,,,,,,,,,,,,,
,,,,,,,,,,,,,,,"[{'sku': 'SKU-0142', 'qty': 2, 'price': 2700}, {'sku': 'SKU-0028', 'qty': 1, 'price': 7000}, {'sku': 'SKU-0092', 'qty': 1, 'price': 12500}]",,,,,,,,,,ORD-000434,2023-03-20 22:42,24900.0,NGN,Lagos,,CUST-00565,user863@mail.com,+2348040143583,,,
,,,,,,,,,,,,user26@shop.ng,,CUST-00081,"[{'productSku': 'SKU-0187', 'qty': 1, 'price': 2500}, {'productSku': 'SKU-0095', 'qty': 1, 'price': 2500}, {'productSku': 'SKU-0169', 'qty': 3, 'price': 9000}, {'productSku': 'SKU-0122', 'qty': 3, 'price': 6700}]",52100.0,NGN,1696152273.0,Abuja,,,,,,,,,,,,,,,,,
,,,,,,,,,,,,user812@shop.ng,+2348070974645,,"[{'productSku': 'SKU-0184', 'qty': 2, 'price': 2500}, {'productSku': 'SKU-0200', 'qty': 3, 'price': 12000}, {'productSku': 'SKU-0073', 'qty': 1, 'price': 4200}, {'productSku': 'SKU-0015', 'qty': 3, 'price': 9000}]",72200.0,NGN,1682581010.0,Kaduna,213 Sabon Gari Rd,Kaduna,NG,,,,,,,,,,,,,,
,,,,,,,,,,,,user1146@example.com,+2348072872428,,"[{'productSku': 'SKU-0069', 'qty': 1, 'price': 10000}, {'productSku': 'SKU-0032', 'qty': 3, 'price': 12200}]",46600.0,NGN,1680158620.0,Kaduna,,,,"168 Wuse Rd, Kaduna",,,,,,,,,,,,,
ORD-000438,2023-09-09 03:11:19+00:00,user134@mail.com,+2348051489399,,"[{'sku': 'SKU-0069', 'quantity': 1, 'unit_price': 9000}, {'sku': 'SKU-0019', 'quantity': 2, 'unit_price': 12500}]",34000.0,NGN,Kaduna,,,,,,,,,,,,,,,,,,,,,,,,,,,,
,,,,,,,,,,,,,,,"[{'sku': 'SKU-0145', 'qty': 3, 'price': 6500}]",,,,,,,,,,ORD-000439,2023-04-04 08:05,19500.0,NGN,Kano,"92 Sabon Gari Rd, Kano",CUST-00047,,,,,
,,,,,,,,,,,,user77@pulse.africa,,CUST-00601,"[{'productSku': 'SKU-0185', 'qty': 2, 'price': 2700}, {'productSku': 'SKU-0179', 'qty': 3, 'price': 1500}, {'productSku': 'SKU-0084', 'qty': 2, 'price': 2500}, {'productSku': 'SKU-0128', 'qty': 1, 'price': 25000}]",39900.0,NGN,1679070412.0,Kano,21 Alausa Rd,Kano,NG,,,,,,,,,,,,,,
,,,,,,,,,,,,,,,"[{'sku': 'SKU-0128', 'qty': 3, 'price': 25500}, {'sku': 'SKU-0114', 'qty': 1, 'price': 3000}]",,,,,,,,,,ORD-000441,2023-11-10 14:13,79500.0,NGN,Abuja,"157 GRA Rd, Abuja",CUST-00442,,+2348062027391,,,
,,,,,,,,,,,,,,,"[{'sku': 'SKU-0206', 'qty': 1, 'price': 25200}]",,,,,,,,,,ORD-000442,2023-08-09 03:53,25200.0,NGN,Kaduna,"18 Sabon Gari Rd, Kaduna",CUST-00090,user932@pulse.africa,,,,
ORD-000443,2023-02-04 15:40:36+00:00,user1165@shop.ng,,,"[{'sku': 'SKU-0181', 'quantity': 2, 'unit_price': 9500}, {'sku': 'SKU-0121', 'quantity': 2, 'unit_price': 10000}]",39000.0,NGN,Lagos,103 Wuse Rd,Lagos,NG,,,,,,,,,,,,,,,,,,,,,,,,,
,,,,,,,,,,,,,+2348085269356,CUST-00660,"[{'productSku': 'SKU-0131', 'qty': 3, 'price': 2000}, {'productSku': 'SKU-0095', 'qty': 1, 'price': 3500}, {'productSku': 'SKU-0129', 'qty': 2, 'price': 18500}]",54.07,USD,1676859192.0,Kaduna,,,,,,,,,,,,,,,,,
,,,,,,,,,,,,,,,"[{'sku': 'SKU-0057', 'qty': 2, 'price': 2500}]",,,,,,,,,,ORD-000445,2023-08-10 10:01,5000.0,NGN,Kaduna,,CUST-00480,user953@example.com,,235 Wuse Rd,Kaduna,NG
,,,,,,,,,,,,,,,"[{'sku': 'SKU-0081', 'qty': 2, 'price': 13000}]",,,,,,,,,,ORD-000446,2023-06-05 22:26,26500.0,NGN,Kano,,CUST-00118,user79@mail.com,+2348029530531,82 GRA Rd,Kano,NG
,,,,,,,,,,,,user1401@shop.ng,+2348095320504,,"[{'sku': 'SKU-0206', 'qty': 2, 'price': 26000}]",57.52,USD,1698509226.0,Kaduna,,,,,,,,,,,,,,,,,
,,,,,,,,,,,,,,,"[{'sku': 'SKU-0134', 'qty': 1, 'price': 25500}, {'sku': 'SKU-0047', 'qty': 1, 'price': 12000}, {'sku': 'SKU-0109', 'qty': 2, 'price': 3000}, {'sku': 'SKU-0042', 'qty': 1, 'price': 12500}]",,,,,,,,,,ORD-000448,2023-04-26 20:42,57.55,USD,Kaduna,"3 GRA Rd, Kaduna",CUST-00706,user1427@shop.ng,+2348086546634,,,
,,,,,,,,,,,,user258@shop.ng,+2348087628449,CUST-00462,"[{'sku': 'SKU-0157', 'qty': 1, 'price': 2000}, {'sku': 'SKU-0170', 'qty': 3, 'price': 3000}, {'sku': 'SKU-0003', 'qty': 1, 'price': 3500}, {'sku': 'SKU-0037', 'qty': 2, 'price': 4500}, {'sku': 'SKU-0029', 'qty': 3, 'price': 3500}]",34000.0,NGN,1679193767.0,Lagos,,,,,,,,,,,,,,,,,
ORD-000450,2023-09-28 11:20:52+00:00,,+2348077388734,CUST-00373,"[{'sku': 'SKU-0153', 'quantity': 2, 'unit_price': 9200}, {'sku': 'SKU-0089', 'quantity': 1, 'unit_price': 18200}]",42.91,USD,PH,32 Wuse Rd,PH,NG,,,,,,,,,,,,,,,,,,,,,,,,,
ORD-000451,2023-06-10 19:15:37+00:00,user782@pulse.africa,+2348068719406,CUST-00167,"[{'sku': 'SKU-0090', 'quantity': 3, 'unit_price': 7500}, {'sku': 'SKU-0133', 'quantity': 2, 'unit_price': 9000}, {'sku': 'SKU-0045', 'quantity': 2, 'unit_price': 10000}]",60500.0,NGN,Kaduna,180 GRA Rd,Kaduna,NG,,,,,,,,,,,,,,,,,,,,,,,,,
,,,,,,,,,,,,,,,"[{'sku': 'SKU-0166', 'qty': 1, 'price': 2500}]",,,,,,,,,,ORD-000452,2023-02-04 00:40,2500.0,NGN,Lagos,,CUST-00639,user205@shop.ng,+2348014380267,219 Wuse Rd,Lagos,NG
ORD-000453,2023-08-03 05:10:19+00:00,user1321@shop.ng,,CUST-00476,"[{'sku': 'SKU-0050', 'quantity': 2, 'unit_price': 9000}]",18000.0,NGN,Kaduna,,,,,,,,,,,,,,,,"58 GRA Rd, Kaduna",,,,,,,,,,,,
,,,,,,,,,,,,user802@mail.com,+2348062790213,CUST-00441,"[{'sku': 'SKU-0172', 'qty': 1, 'price': 9000}, {'sku': 'SKU-0106', 'qty': 1, 'price': 25000}, {'sku': 'SKU-0006', 'qty': 1, 'price': 2000}, {'sku': 'SKU-0215', 'qty': 3, 'price': 3000}]",45000.0,NGN,1681406316.0,Kano,206 GRA Rd,Kano,NG,,,,,,,,,,,,,,
ORD-000455,2023-10-10 18:30:08+00:00,user326@pulse.africa,+2348022517871,CUST-00267,"[{'sku': 'SKU-0081', 'quantity': 3, 'unit_price': 12200}, {'sku': 'SKU-0111', 'quantity': 1, 'unit_price': 18000}, {'sku': 'SKU-0181', 'quantity': 1, 'unit_price': 9000}, {'sku': 'SKU-0161', 'quantity': 3, 'unit_price': 13000}]",103100.0,NGN,Abuja,,,,,,,,,,,,,,,,,,,,,,,,,,,,
,,,,,,,,,,,,user775@pulse.africa,+2348046905154,CUST-00252,"[{'sku': 'SKU-0181', 'qty': 3, 'price': 9000}, {'sku': 'SKU-0146', 'qty': 2, 'price': 2500}, {'sku': 'SKU-0190', 'qty': 3, 'price': 9200}, {'sku': 'SKU-0116', 'qty': 3, 'price': 12500}, {'sku': 'SKU-0047', 'qty': 1, 'price': 12200}]",109800.0,NGN,1677666659.0,Lagos,,,,,,,,,,,,,,,,,
,,,,,,,,,,,,user191@example.com,+2348058505926,,"[{'sku': 'SKU-0117', 'qty': 3, 'price': 6500}]",19500.0,NGN,1701620847.0,Lagos,54 Wuse Rd,Lagos,NG,,,,,,,,,,,,,,
ORD-000458,2023-01-29 13:46:39+00:00,user369@pulse.africa,,CUST-00462,"[{'sku': 'SKU-0053', 'quantity': 3, 'unit_price': 19000}]",57000.0,NGN,Kaduna,,,,,,,,,,,,,,,,,,,,,,,,,,,,
,,,,,,,,,,,,user250@mail.com,+2348081934552,,"[{'sku': 'SKU-0087', 'qty': 2, 'price': 26000}]",61.1,USD,1701213828.0,Lagos,,,,,,,,,,,,,,,,,
ORD-000460,2023-02-14 13:54:21+00:00,user987@mail.com,+2348056782042,CUST-00130,"[{'sku': 'SKU-0083', 'quantity': 1, 'unit_price': 6700}]",6700.0,NGN,Abuja,167 Sabon Gari Rd,Abuja,NG,,,,,,,,,,,,,,,,,,,,,,,,,
ORD-000461,2023-06-19 08:23:32+00:00,user653@example.com,+2348067621412,CUST-00611,"[{'sku': 'SKU-0049', 'quantity': 2, 'unit_price': 25200}, {'sku': 'SKU-0050', 'quantity': 3, 'unit_price': 9500}, {'sku': 'SKU-0100', 'quantity': 1, 'unit_price': 2000}, {'sku': 'SKU-0042', 'quantity': 1, 'unit_price': 13000}]",93900.0,NGN,PH,,,,,,,,,,,,,,,,,,,,,,,,,,,,
,,,,,,,,,,,,user149@mail.com,+2348059924201,CUST-00191,"[{'sku': 'SKU-0042', 'qty': 1, 'price': 12500}, {'sku': 'SKU-0150', 'qty': 2, 'price': 12500}, {'sku': 'SKU-0154', 'qty': 3, 'price': 4500}, {'sku': 'SKU-0101', 'qty': 1, 'price': 2500}]",54000.0,NGN,1700023745.0,Lagos,,,,,,,,,,,,,,,,,
,,,,,,,,,,,,user1149@pulse.africa,+2348020042733,CUST-00540,"[{'productSku': 'SKU-0119', 'qty': 3, 'price': 25500}, {'productSku': 'SKU-0059', 'qty': 3, 'price': 4000}]",88500.0,NGN,1672896977.0,Kano,166 Wuse Rd,Kano,NG,,,,,,,,,,,,,,
ORD-000464,2023-03-18 22:53:44+00:00,,+2348090722659,,"[{'sku': 'SKU-0205', 'quantity': 2, 'unit_price': 7500}]",15000.0,NGN,Abuja,,,,,,,,,,,,,,,,"99 Garki Rd, Abuja",,,,,,,,,,,,
ORD-000465,2023-01-07 22:14:46+00:00,user81@pulse.africa,+2348019321973,CUST-00547,"[{'sku': 'SKU-0118', 'quantity': 2, 'unit_price': 6700}]",13400.0,NGN,PH,,,,,,,,,,,,,,,,"213 Wuse Rd, PH",,,,,,,,,,,,
ORD-000466,2023-05-04 04:25:18+00:00,,,CUST-00106,"[{'sku': 'SKU-0020', 'quantity': 3, 'unit_price': 9500}, {'sku': 'SKU-0126', 'quantity': 3, 'unit_price': 6500}, {'sku': 'SKU-0100', 'quantity': 2, 'unit_price': 2500}, {'sku': 'SKU-0126', 'quantity': 3, 'unit_price': 6500}]",72500.0,NGN,Kano,,,,,,,,,,,,,,,,,,,,,,,,,,,,
ORD-000467,2023-12-01 12:43:30+00:00,user227@example.com,+2348020071990,,"[{'sku': 'SKU-0043', 'quantity': 1, 'unit_price': 6700}, {'sku': 'SKU-0185', 'quantity': 2, 'unit_price': 2500}]",13.56,USD,Kaduna,,,,,,,,,,,,,,,,"177 GRA Rd, Kaduna",,,,,,,,,,,,
ORD-000468,2023-04-15 19:45:45+00:00,user1369@example.com,+2348042282510,CUST-00424,"[{'sku': 'SKU-0149', 'quantity': 2, 'unit_price': 2500}, {'sku': 'SKU-0032', 'quantity': 2, 'unit_price': 12200}]",29400.0,NGN,Abuja,170 Wuse Rd,Abuja,NG,,,,,,,,,,,,,,,,,,,,,,,,,
ORD-000469,2023-10-28 01:33:49+00:00,user422@example.com,,CUST-00676,"[{'sku': 'SKU-0023', 'quantity': 2, 'unit_price': 3000}, {'sku': 'SKU-0182', 'quantity': 1, 'unit_price': 25500}]",31500.0,NGN,Kaduna,,,,,,,,,,,,,,,,"55 Alausa Rd, Kaduna",,,,,,,,,,,,
ORD-000470,2023-11-14 21:04:46+00:00,user1034@example.com,+2348039364802,CUST-00465,"[{'sku': 'SKU-0124', 'quantity': 1, 'unit_price': 3000}, {'sku': 'SKU-0053', 'quantity': 3, 'unit_price': 18500}]",58500.0,NGN,Kaduna,99 Wuse Rd,Kaduna,NG,,,,,,,,,,,,,,,,,,,,,,,,,
,,,,,,,,,,,,user226@mail.com,,,"[{'sku': 'SKU-0017', 'qty': 2, 'price': 3500}, {'sku': 'SKU-0042', 'qty': 3, 'price': 12500}]",50.8,USD,1679343445.0,Kaduna,,,,"69 Alausa Rd, Kaduna",,,,,,,,,,,,,
ORD-000472,2023-04-14 03:22:23+00:00,user388@shop.ng,,CUST-00433,"[{'sku': 'SKU-0021', 'quantity': 2, 'unit_price': 26000}, {'sku': 'SKU-0054', 'quantity': 1, 'unit_price': 19000}, {'sku': 'SKU-0128', 'quantity': 2, 'unit_price': 25500}, {'sku': 'SKU-0013', 'quantity': 2, 'unit_price': 4500}, {'sku': 'SKU-0094', 'quantity': 1, 'unit_price': 6500}]",137500.0,NGN,Lagos,,,,,,,,,,,,,,,,"156 Wuse Rd, Lagos",,,,,,,,,,,,
,,,,,,,,,,,,,,,"[{'sku': 'SKU-0028', 'qty': 1, 'price': 6500}, {'sku': 'SKU-0013', 'qty': 1, 'price': 4500}]",,,,,,,,,,ORD-000473,2023-09-22 12:52,11000.0,NGN,Lagos,"211 Sabon Gari Rd, Lagos",CUST-00283,user1271@shop.ng,+2348023596829,,,
,,,,,,,,,,,,,,,"[{'sku': 'SKU-0163', 'qty': 2, 'price': 9500}, {'sku': 'SKU-0187', 'qty': 1, 'price': 1500}, {'sku': 'SKU-0047', 'qty': 3, 'price': 13000}]",,,,,,,,,,ORD-000474,2023-11-02 03:30,59500.0,NGN,Abuja,"117 Garki Rd, Abuja",CUST-00705,user646@example.com,,,,
,,,,,,,,,,,,user93@example.com,+2348049011532,CUST-00254,"[{'sku': 'SKU-0005', 'qty': 1, 'price': 18500}, {'sku': 'SKU-0019', 'qty': 1, 'price': 12000}, {'sku': 'SKU-0152', 'qty': 2, 'price': 13000}]",56500.0,NGN,1688456156.0,Kaduna,135 GRA Rd,Kaduna,NG,,,,,,,,,,,,,,
,,,,,,,,,,,,,,,"[{'sku': 'SKU-0115', 'qty': 2, 'price': 18500}, {'sku': 'SKU-0139', 'qty': 2, 'price': 2500}, {'sku': 'SKU-0064', 'qty': 2, 'price': 10000}]",,,,,,,,,,ORD-000476,2023-02-08 19:59,62000.0,NGN,Kano,,CUST-00728,user1061@shop.ng,,187 Alausa Rd,Kano,NG
ORD-000477,2023-11-29 12:58:23+00:00,user774@example.com,+2348094139980,CUST-00199,"[{'sku': 'SKU-0091', 'quantity': 2, 'unit_price': 9000}, {'sku': 'SKU-0062', 'quantity': 3, 'unit_price': 19000}]",75000.0,NGN,Abuja,231 Wuse Rd,Abuja,NG,,,,,,,,,,,,,,,,,,,,,,,,,
,,,,,,,,,,,,user1161@pulse.africa,+2348011118688,,"[{'sku': 'SKU-0084', 'qty': 2, 'price': 3500}, {'sku': 'SKU-0070', 'qty': 2, 'price': 4200}, {'sku': 'SKU-0010', 'qty': 3, 'price': 18500}]",70900.0,NGN,1678401623.0,Kano,,,,"176 Garki Rd, Kano",,,,,,,,,,,,,
ORD-000479,2023-08-31 06:11:31+00:00,user253@example.com,+2348010683201,,"[{'sku': 'SKU-0077', 'quantity': 2, 'unit_price': 12500}, {'sku': 'SKU-0016', 'quantity': 2, 'unit_price': 6500}]",38000.0,NGN,PH,,,,,,,,,,,,,,,,"170 Alausa Rd, PH",,,,,,,,,,,,
,,,,,,,,,,,,,,,"[{'sku': 'SKU-0170', 'qty': 3, 'price': 2700}, {'sku': 'SKU-0022', 'qty': 3, 'price': 3000}, {'sku': 'SKU-0036', 'qty': 3, 'price': 2700}, {'sku': 'SKU-0110', 'qty': 3, 'price': 18000}, {'sku': 'SKU-0074', 'qty': 1, 'price': 2500}]",,,,,,,,,,ORD-000480,2023-05-17 00:16,81700.0,NGN,Kano,,CUST-00695,user866@shop.ng,+2348023171952,236 Sabon Gari Rd,Kano,NG
,,,,,,,,,,,,,,,"[{'sku': 'SKU-0205', 'qty': 3, 'price': 6700}, {'sku': 'SKU-0174', 'qty': 1, 'price': 12500}, {'sku': 'SKU-0034', 'qty': 2, 'price': 6700}]",,,,,,,,,,ORD-000481,2023-08-07 23:59,46000.0,NGN,Kaduna,,,user1287@shop.ng,+2348060461294,214 Wuse Rd,Kaduna,NG
,,,,,,,,,,,,user1189@pulse.africa,,CUST-00310,"[{'sku': 'SKU-0175', 'qty': 3, 'price': 9500}, {'sku': 'SKU-0119', 'qty': 2, 'price': 26000}, {'sku': 'SKU-0119', 'qty': 2, 'price': 26000}, {'sku': 'SKU-0118', 'qty': 1, 'price': 6500}, {'sku': 'SKU-0196', 'qty': 2, 'price': 4000}]",147000.0,NGN,1687358948.0,Kano,,,,"145 Sabon Gari Rd, Kano",,,,,,,,,,,,,
,,,,,,,,,,,,,,,"[{'sku': 'SKU-0206', 'qty': 3, 'price': 26000}, {'sku': 'SKU-0214', 'qty': 1, 'price': 12000}, {'sku': 'SKU-0014', 'qty': 2, 'price': 18000}, {'sku': 'SKU-0085', 'qty': 3, 'price': 25000}]",,,,,,,,,,ORD-000483,2023-06-06 11:41,201000.0,NGN,Lagos,,CUST-00708,user125@example.com,+2348078561216,14 Garki Rd,Lagos,NG
,,,,,,,,,,,,user412@example.com,,CUST-00497,"[{'productSku': 'SKU-0057', 'qty': 3, 'price': 1700}, {'productSku': 'SKU-0077', 'qty': 3, 'price': 12500}]",42600.0,NGN,1697375710.0,Kaduna,,,,,,,,,,,,,,,,,
,,,,,,,,,,,,,,,"[{'sku': 'SKU-0006', 'qty': 3, 'price': 2500}, {'sku': 'SKU-0100', 'qty': 1, 'price': 1500}, {'sku': 'SKU-0076', 'qty': 2, 'price': 7500}, {'sku': 'SKU-0047', 'qty': 1, 'price': 12500}]",,,,,,,,,,ORD-000485,2023-03-21 08:09,36500.0,NGN,Lagos,,CUST-00674,user886@mail.com,+2348034804490,,,
,,,,,,,,,,,,,,,"[{'sku': 'SKU-0051', 'qty': 2, 'price': 7500}, {'sku': 'SKU-0074', 'qty': 2, 'price': 2500}, {'sku': 'SKU-0150', 'qty': 2, 'price': 12500}, {'sku': 'SKU-0170', 'qty': 2, 'price': 3500}, {'sku': 'SKU-0098', 'qty': 3, 'price': 6500}]",,,,,,,,,,ORD-000486,2023-03-08 07:44,72000.0,NGN,PH,"149 Sabon Gari Rd, PH",CUST-00152,,+2348085726861,,,
,,,,,,,,,,,,user358@mail.com,+2348085584413,CUST-00400,"[{'sku': 'SKU-0010', 'qty': 2, 'price': 18200}, {'sku': 'SKU-0119', 'qty': 3, 'price': 26000}, {'sku': 'SKU-0070', 'qty': 1, 'price': 4200}, {'sku': 'SKU-0091', 'qty': 3, 'price': 9200}]",146200.0,NGN,1702502722.0,PH,,,,"184 Garki Rd, PH",,,,,,,,,,,,,
ORD-000488,2023-12-25 15:25:44+00:00,user1452@pulse.africa,,CUST-00675,"[{'sku': 'SKU-0214', 'quantity': 3, 'unit_price': 13000}]",39000.0,NGN,Kaduna,,,,,,,,,,,,,,,,"245 GRA Rd, Kaduna",,,,,,,,,,,,
,,,,,,,,,,,,user976@pulse.africa,+2348041758221,CUST-00512,"[{'productSku': 'SKU-0011', 'qty': 1, 'price': 25200}]",25200.0,NGN,1700377562.0,Kaduna,,,,,,,,,,,,,,,,,
ORD-000490,2023-10-21 12:41:45+00:00,user767@example.com,+2348053105260,CUST-00075,"[{'sku': 'SKU-0015', 'quantity': 3, 'unit_price': 9500}]",28500.0,NGN,Kaduna,,,,,,,,,,,,,,,,,,,,,,,,,,,,
,,,,,,,,,,,,,,,"[{'sku': 'SKU-0051', 'qty': 1, 'price': 7000}, {'sku': 'SKU-0125', 'qty': 2, 'price': 2000}, {'sku': 'SKU-0057', 'qty': 1, 'price': 1700}, {'sku': 'SKU-0111', 'qty': 3, 'price': 18200}, {'sku': 'SKU-0022', 'qty': 3, 'price': 2500}]",,,,,,,,,,ORD-000491,2023-09-05 12:57,74800.0,NGN,PH,,CUST-00209,,,,,
,,,,,,,,,,,,user899@shop.ng,+2348019511690,CUST-00142,"[{'sku': 'SKU-0047', 'qty': 3, 'price': 13000}, {'sku': 'SKU-0048', 'qty': 1, 'price': 26000}, {'sku': 'SKU-0128', 'qty': 2, 'price': 25500}]",116000.0,NGN,1690871409.0,Lagos,33 GRA Rd,Lagos,NG,,,,,,,,,,,,,,
,,,,,,,,,,,,,,,"[{'sku': 'SKU-0084', 'qty': 1, 'price': 2700}, {'sku': 'SKU-0210', 'qty': 2, 'price': 12500}, {'sku': 'SKU-0099', 'qty': 3, 'price': 3000}, {'sku': 'SKU-0017', 'qty': 1, 'price': 3000}, {'sku': 'SKU-0019', 'qty': 3, 'price': 12200}]",,,,,,,,,,ORD-000493,2023-01-20 23:49,78.02,USD,PH,,CUST-00634,,+2348024881319,240 Sabon Gari Rd,PH,NG
,,,,,,,,,,,,,,,"[{'sku': 'SKU-0051', 'qty': 2, 'price': 6500}, {'sku': 'SKU-0035', 'qty': 1, 'price': 9500}, {'sku': 'SKU-0193', 'qty': 3, 'price': 6500}]",,,,,,,,,,ORD-000494,2023-05-12 06:48,42000.0,NGN,Kaduna,,,user1250@example.com,+2348019497661,154 GRA Rd,Kaduna,NG
,,,,,,,,,,,,,,CUST-00234,"[{'sku': 'SKU-0185', 'qty': 1, 'price': 2500}, {'sku': 'SKU-0009', 'qty': 2, 'price': 6700}, {'sku': 'SKU-0166', 'qty': 2, 'price': 2500}]",20900.0,NGN,1688596105.0,Abuja,208 Garki Rd,Abuja,NG,,,,,,,,,,,,,,
,,,,,,,,,,,,user189@example.com,+2348081969904,CUST-00060,"[{'productSku': 'SKU-0123', 'qty': 1, 'price': 26000}, {'productSku': 'SKU-0196', 'qty': 2, 'price': 4200}, {'productSku': 'SKU-0110', 'qty': 3, 'price': 19000}, {'productSku': 'SKU-0140', 'qty': 1, 'price': 25000}, {'productSku': 'SKU-0112', 'qty': 1, 'price': 25500}]",141900.0,NGN,1695468844.0,Lagos,206 Alausa Rd,Lagos,NG,,,,,,,,,,,,,,
,,,,,,,,,,,,,,,"[{'sku': 'SKU-0112', 'qty': 1, 'price': 25500}, {'sku': 'SKU-0011', 'qty': 2, 'price': 25500}]",,,,,,,,,,ORD-000497,2023-01-30 18:04,76500.0,NGN,Lagos,,CUST-00300,user815@shop.ng,+2348098126056,,,
,,,,,,,,,,,,user1109@example.com,,CUST-00274,"[{'sku': 'SKU-0219', 'qty': 1, 'price': 19000}, {'sku': 'SKU-0182', 'qty': 2, 'price': 25500}, {'sku': 'SKU-0199', 'qty': 3, 'price': 4500}]",91.56,USD,1679438747.0,Kaduna,181 GRA Rd,Kaduna,NG,,,,,,,,,,,,,,
,,,,,,,,,,,,,,,"[{'sku': 'SKU-0078', 'qty': 3, 'price': 1700}, {'sku': 'SKU-0031', 'qty': 2, 'price': 9200}]",,,,,,,,,,ORD-000499,2023-11-23 18:39,23500.0,NGN,PH,,,user930@example.com,,70 Sabon Gari Rd,PH,NG
ORD-000500,2023-11-18 05:51:56+00:00,user460@mail.com,+2348098573727,CUST-00394,"[{'sku': 'SKU-0071', 'quantity': 3, 'unit_price': 2500}]",8000.0,NGN,Lagos,,,,,,,,,,,,,,,,"14 Sabon Gari Rd, Lagos",,,,,,,,,,,,
ORD-000501,2023-12-30 23:33:35+00:00,user589@shop.ng,+2348086276344,CUST-00739,"[{'sku': 'SKU-0193', 'quantity': 2, 'unit_price': 7000}, {'sku': 'SKU-0207', 'quantity': 3, 'unit_price': 9200}, {'sku': 'SKU-0193', 'quantity': 1, 'unit_price': 7000}, {'sku': 'SKU-0185', 'quantity': 3, 'unit_price': 3500}, {'sku': 'SKU-0109', 'quantity': 3, 'unit_price': 2500}]",66600.0,NGN,Lagos,67 Garki Rd,Lagos,NG,,,,,,,,,,,,,,,,,,,,,,,,,
ORD-000502,2023-10-17 13:48:40+00:00,user551@pulse.africa,+2348091604268,CUST-00631,"[{'sku': 'SKU-0003', 'quantity': 2, 'unit_price': 3000}, {'sku': 'SKU-0021', 'quantity': 1, 'unit_price': 25500}]",31500.0,NGN,Abuja,,,,,,,,,,,,,,,,,,,,,,,,,,,,
,,,,,,,,,,,,user447@shop.ng,,CUST-00654,"[{'sku': 'SKU-0113', 'qty': 2, 'price': 1500}, {'sku': 'SKU-0112', 'qty': 1, 'price': 26000}]",29000.0,NGN,1683301816.0,Kano,71 GRA Rd,Kano,NG,,,,,,,,,,,,,,
ORD-000504,2023-03-11 19:53:38+00:00,user902@pulse.africa,,CUST-00189,"[{'sku': 'SKU-0066', 'quantity': 2, 'unit_price': 2700}, {'sku': 'SKU-0058', 'quantity': 3, 'unit_price': 4200}, {'sku': 'SKU-0037', 'quantity': 3, 'unit_price': 4000}]",30000.0,NGN,Kano,16 Sabon Gari Rd,Kano,NG,,,,,,,,,,,,,,,,,,,,,,,,,
,,,,,,,,,,,,,,,"[{'sku': 'SKU-0183', 'qty': 1, 'price': 18200}, {'sku': 'SKU-0089', 'qty': 1, 'price': 18000}, {'sku': 'SKU-0129', 'qty': 2, 'price': 18000}, {'sku': 'SKU-0130', 'qty': 1, 'price': 4200}, {'sku': 'SKU-0052', 'qty': 2, 'price': 9500}]",,,,,,,,,,ORD-000505,2023-09-21 11:01,95400.0,NGN,Kano,,CUST-00074,user580@mail.com,,93 Sabon Gari Rd,Kano,NG
,,,,,,,,,,,,user1466@pulse.africa,+2348060847002,,"[{'sku': 'SKU-0159', 'qty': 1, 'price': 6700}, {'sku': 'SKU-0094', 'qty': 1, 'price': 7000}, {'sku': 'SKU-0038', 'qty': 3, 'price': 6500}]",33200.0,NGN,1685104569.0,Kaduna,9 Garki Rd,Kaduna,NG,,,,,,,,,,,,,,
,,,,,,,,,,,,,,,"[{'sku': 'SKU-0128', 'qty': 3, 'price': 26000}, {'sku': 'SKU-0137', 'qty': 3, 'price': 1500}, {'sku': 'SKU-0216', 'qty': 3, 'price': 4000}, {'sku': 'SKU-0155', 'qty': 2, 'price': 10000}, {'sku': 'SKU-0081', 'qty': 2, 'price': 12200}]",,,,,,,,,,ORD-000507,2023-01-31 00:35,138900.0,NGN,Abuja,,,user498@pulse.africa,+2348052253938,30 Garki Rd,Abuja,NG
ORD-000508,2023-05-21 12:58:36+00:00,user257@mail.com,+2348064709486,,"[{'sku': 'SKU-0143', 'quantity': 3, 'unit_price': 2500}, {'sku': 'SKU-0092', 'quantity': 3, 'unit_price': 13000}, {'sku': 'SKU-0154', 'quantity': 1, 'unit_price': 5000}]",51500.0,NGN,Lagos,171 Garki Rd,Lagos,NG,,,,,,,,,,,,,,,,,,,,,,,,,
ORD-000509,2023-05-13 15:40:47+00:00,user406@mail.com,+2348012082019,,"[{'sku': 'SKU-0020', 'quantity': 2, 'unit_price': 10000}]",20000.0,NGN,Kano,,,,,,,,,,,,,,,,,,,,,,,,,,,,
,,,,,,,,,,,,,+2348081042742,,"[{'sku': 'SKU-0032', 'qty': 1, 'price': 13000}]",13000.0,NGN,1696401214.0,Kaduna,232 Wuse Rd,Kaduna,NG,,,,,,,,,,,,,,
,,,,,,,,,,,,user920@shop.ng,+2348068477341,,"[{'productSku': 'SKU-0086', 'qty': 2, 'price': 4000}]",9.29,USD,1680632411.0,Kano,,,,"123 Garki Rd, Kano",,,,,,,,,,,,,
,,,,,,,,,,,,user1042@pulse.africa,+2348023005510,CUST-00329,"[{'sku': 'SKU-0038', 'qty': 1, 'price': 7000}]",7000.0,NGN,1703278530.0,PH,,,,"127 Sabon Gari Rd, PH",,,,,,,,,,,,,
,,,,,,,,,,,,user340@example.com,+2348075315141,CUST-00102,"[{'sku': 'SKU-0073', 'qty': 2, 'price': 5000}, {'sku': 'SKU-0081', 'qty': 1, 'price': 12200}, {'sku': 'SKU-0010', 'qty': 3, 'price': 18200}, {'sku': 'SKU-0110', 'qty': 3, 'price': 18500}]",132300.0,NGN,1691987006.0,PH,,,,"227 Garki Rd, PH",,,,,,,,,,,,,
,,,,,,,,,,,,user400@example.com,+2348013459771,CUST-00553,"[{'sku': 'SKU-0170', 'qty': 2, 'price': 2700}, {'sku': 'SKU-0024', 'qty': 1, 'price': 9200}]",14600.0,NGN,1697813417.0,Lagos,,,,"73 GRA Rd, Lagos",,,,,,,,,,,,,
,,,,,,,,,,,,,,,"[{'sku': 'SKU-0028', 'qty': 3, 'price': 6500}, {'sku': 'SKU-0113', 'qty': 2, 'price': 2500}, {'sku': 'SKU-0067', 'qty': 1, 'price': 9200}]",,,,,,,,,,ORD-000515,2023-11-19 17:50,38.34,USD,Kaduna,"117 GRA Rd, Kaduna",CUST-00081,user456@example.com,+2348078056464,,,
,,,,,,,,,,,,,,,"[{'sku': 'SKU-0110', 'qty': 1, 'price': 18500}]",,,,,,,,,,ORD-000516,2023-10-02 11:56,18500.0,NGN,Kano,"151 Wuse Rd, Kano",CUST-00642,,+2348011069794,,,
,,,,,,,,,,,,,,,"[{'sku': 'SKU-0120', 'qty': 1, 'price': 19000}, {'sku': 'SKU-0208', 'qty': 1, 'price': 7500}, {'sku': 'SKU-0072', 'qty': 1, 'price': 9200}]",,,,,,,,,,ORD-000517,2023-09-19 12:03,35700.0,NGN,Abuja,,,user1482@mail.com,,,,
,,,,,,,,,,,,,,,"[{'sku': 'SKU-0107', 'qty': 3, 'price': 25500}]",,,,,,,,,,ORD-000518,2023-10-03 17:35,76500.0,NGN,Abuja,,CUST-00241,user992@mail.com,+2348041124196,172 Wuse Rd,Abuja,NG
,,,,,,,,,,,,user361@shop.ng,+2348098665957,,"[{'productSku': 'SKU-0139', 'qty': 2, 'price': 2000}, {'productSku': 'SKU-0024', 'qty': 1, 'price': 9000}, {'productSku': 'SKU-0193', 'qty': 2, 'price': 7500}]",30.01,USD,1685691585.0,PH,,,,,,,,,,,,,,,,,
ORD-000520,2023-11-23 06:29:37+00:00,user112@pulse.africa,+2348039386729,CUST-00436,"[{'sku': 'SKU-0105', 'quantity': 3, 'unit_price': 4200}, {'sku': 'SKU-0007', 'quantity': 2, 'unit_price': 7000}, {'sku': 'SKU-0129', 'quantity': 1, 'unit_price': 19000}, {'sku': 'SKU-0015', 'quantity': 3, 'unit_price': 9500}, {'sku': 'SKU-0066', 'quantity': 3, 'unit_price': 3000}]",83100.0,NGN,Kaduna,,,,,,,,,,,,,,,,"210 Alausa Rd, Kaduna",,,,,,,,,,,,
ORD-000521,2023-03-27 22:45:32+00:00,,+2348054733168,CUST-00740,"[{'sku': 'SKU-0137', 'quantity': 1, 'unit_price': 1500}, {'sku': 'SKU-0157', 'quantity': 3, 'unit_price': 2000}]",7500.0,NGN,PH,197 GRA Rd,PH,NG,,,,,,,,,,,,,,,,,,,,,,,,,
,,,,,,,,,,,,,,,"[{'sku': 'SKU-0137', 'qty': 1, 'price': 1700}, {'sku': 'SKU-0214', 'qty': 3, 'price': 13000}, {'sku': 'SKU-0183', 'qty': 1, 'price': 18500}]",,,,,,,,,,ORD-000522,2023-07-21 10:09,59200.0,NGN,Abuja,,CUST-00340,user1133@mail.com,+2348014841900,194 GRA Rd,Abuja,NG
ORD-000523,2023-11-04 07:51:20+00:00,user558@example.com,+2348060715072,CUST-00705,"[{'sku': 'SKU-0040', 'quantity': 2, 'unit_price': 9500}]",19000.0,NGN,Kaduna,34 Sabon Gari Rd,Kaduna,NG,,,,,,,,,,,,,,,,,,,,,,,,,
,,,,,,,,,,,,,,,"[{'sku': 'SKU-0005', 'qty': 1, 'price': 18200}, {'sku': 'SKU-0024', 'qty': 3, 'price': 10000}, {'sku': 'SKU-0049', 'qty': 3, 'price': 25500}, {'sku': 'SKU-0200', 'qty': 2, 'price': 13000}]",,,,,,,,,,ORD-000524,2023-01-29 16:42,150700.0,NGN,PH,,,user416@example.com,+2348098053635,97 Sabon Gari Rd,PH,NG
,,,,,,,,,,,,,,,"[{'sku': 'SKU-0123', 'qty': 2, 'price': 25200}, {'sku': 'SKU-0097', 'qty': 1, 'price': 7500}, {'sku': 'SKU-0186', 'qty': 2, 'price': 4500}]",,,,,,,,,,ORD-000525,2023-06-07 19:16,66900.0,NGN,PH,"145 Alausa Rd, PH",CUST-00464,user51@shop.ng,+2348070006771,,,
ORD-000526,2023-02-25 20:02:42+00:00,user1263@shop.ng,+2348086053026,CUST-00086,"[{'sku': 'SKU-0143', 'quantity': 1, 'unit_price': 2700}]",2.77,USD,Lagos,16 Wuse Rd,Lagos,NG,,,,,,,,,,,,,,,,,,,,,,,,,
ORD-000527,2023-10-15 14:03:50+00:00,user1336@mail.com,+2348074826670,CUST-00559,"[{'sku': 'SKU-0009', 'quantity': 2, 'unit_price': 7500}, {'sku': 'SKU-0001', 'quantity': 2, 'unit_price': 9200}]",33400.0,NGN,Kano,,,,,,,,,,,,,,,,"220 Alausa Rd, Kano",,,,,,,,,,,,
ORD-000528,2023-09-29 13:32:03+00:00,user1121@shop.ng,+2348049829248,CUST-00538,"[{'sku': 'SKU-0032', 'quantity': 1, 'unit_price': 12200}, {'sku': 'SKU-0133', 'quantity': 3, 'unit_price': 9000}, {'sku': 'SKU-0042', 'quantity': 1, 'unit_price': 13000}, {'sku': 'SKU-0029', 'quantity': 1, 'unit_price': 3500}]",55700.0,NGN,Lagos,,,,,,,,,,,,,,,,,,,,,,,,,,,,
,,,,,,,,,,,,user1475@mail.com,,,"[{'sku': 'SKU-0082', 'qty': 3, 'price': 7000}, {'sku': 'SKU-0144', 'qty': 3, 'price': 2700}, {'sku': 'SKU-0036', 'qty': 2, 'price': 2700}, {'sku': 'SKU-0205', 'qty': 3, 'price': 7000}, {'sku': 'SKU-0132', 'qty': 3, 'price': 9500}]",84000.0,NGN,1703467386.0,Kano,122 Alausa Rd,Kano,NG,,,,,,,,,,,,,,
ORD-000530,2023-01-27 00:55:57+00:00,user1146@mail.com,+2348011896427,CUST-00069,"[{'sku': 'SKU-0179', 'quantity': 1, 'unit_price': 1700}, {'sku': 'SKU-0177', 'quantity': 1, 'unit_price': 2500}, {'sku': 'SKU-0084', 'quantity': 1, 'unit_price': 2500}]",6700.0,NGN,Lagos,71 Sabon Gari Rd,Lagos,NG,,,,,,,,,,,,,,,,,,,,,,,,,
ORD-000531,2023-08-15 23:38:24+00:00,user1155@example.com,,,"[{'sku': 'SKU-0159', 'quantity': 2, 'unit_price': 7000}, {'sku': 'SKU-0143', 'quantity': 3, 'unit_price': 2700}, {'sku': 'SKU-0019', 'quantity': 3, 'unit_price': 12200}]",58700.0,NGN,Kano,,,,,,,,,,,,,,,,"166 Wuse Rd, Kano",,,,,,,,,,,,
,,,,,,,,,,,,user872@shop.ng,+2348077159209,,"[{'sku': 'SKU-0171', 'qty': 2, 'price': 4200}, {'sku': 'SKU-0043', 'qty': 1, 'price': 6700}, {'sku': 'SKU-0055', 'qty': 1, 'price': 6700}, {'sku': 'SKU-0036', 'qty': 1, 'price': 3500}, {'sku': 'SKU-0000', 'qty': 2, 'price': 2500}]",35.11,USD,1692824088.0,Kano,62 GRA Rd,Kano,NG,,,,,,,,,,,,,,
,,,,,,,,,,,,user1424@pulse.africa,+2348084880752,CUST-00574,"[{'sku': 'SKU-0214', 'qty': 3, 'price': 12500}, {'sku': 'SKU-0135', 'qty': 1, 'price': 6700}, {'sku': 'SKU-0042', 'qty': 3, 'price': 12500}]",81700.0,NGN,1688452039.0,Kano,167 Sabon Gari Rd,Kano,NG,,,,,,,,,,,,,,
ORD-000534,2023-10-27 07:51:43+00:00,user520@example.com,+2348014500077,CUST-00097,"[{'sku': 'SKU-0054', 'quantity': 3, 'unit_price': 18200}, {'sku': 'SKU-0097', 'quantity': 2, 'unit_price': 6700}, {'sku': 'SKU-0191', 'quantity': 1, 'unit_price': 1700}, {'sku': 'SKU-0113', 'quantity': 2, 'unit_price': 1700}]",73100.0,NGN,Kano,165 Wuse Rd,Kano,NG,,,,,,,,,,,,,,,,,,,,,,,,,
,,,,,,,,,,,,user79@pulse.africa,,CUST-00559,"[{'productSku': 'SKU-0160', 'qty': 1, 'price': 9000}, {'productSku': 'SKU-0183', 'qty': 2, 'price': 19000}, {'productSku': 'SKU-0125', 'qty': 1, 'price': 2500}]",49500.0,NGN,1696162394.0,Kano,40 Garki Rd,Kano,NG,,,,,,,,,,,,,,
ORD-000536,2023-11-20 22:02:38+00:00,user398@example.com,+2348052477264,CUST-00285,"[{'sku': 'SKU-0113', 'quantity': 3, 'unit_price': 1500}]",4500.0,NGN,Lagos,44 GRA Rd,Lagos,NG,,,,,,,,,,,,,,,,,,,,,,,,,
ORD-000537,2023-07-20 12:38:30+00:00,user355@example.com,+2348085237007,,"[{'sku': 'SKU-0106', 'quantity': 3, 'unit_price': 25000}, {'sku': 'SKU-0016', 'quantity': 1, 'unit_price': 6700}, {'sku': 'SKU-0186', 'quantity': 2, 'unit_price': 4000}, {'sku': 'SKU-0044', 'quantity': 2, 'unit_price': 12000}]",113700.0,NGN,Lagos,,,,,,,,,,,,,,,,"88 Wuse Rd, Lagos",,,,,,,,,,,,
,,,,,,,,,,,,user506@pulse.africa,+2348096210380,CUST-00084,"[{'productSku': 'SKU-0022', 'qty': 1, 'price': 2500}, {'productSku': 'SKU-0046', 'qty': 3, 'price': 6500}, {'productSku': 'SKU-0047', 'qty': 2, 'price': 12000}, {'productSku': 'SKU-0196', 'qty': 1, 'price': 4000}]",50000.0,NGN,1675420076.0,PH,222 Garki Rd,PH,NG,,,,,,,,,,,,,,
ORD-000539,2023-01-21 17:07:15+00:00,user542@example.com,+2348087671284,CUST-00266,"[{'sku': 'SKU-0045', 'quantity': 2, 'unit_price': 9200}, {'sku': 'SKU-0144', 'quantity': 2, 'unit_price': 3500}, {'sku': 'SKU-0057', 'quantity': 1, 'unit_price': 2000}]",30.61,USD,Kaduna,,,,,,,,,,,,,,,,"198 GRA Rd, Kaduna",,,,,,,,,,,,
,,,,,,,,,,,,user1324@pulse.africa,+2348077614227,CUST-00720,"[{'sku': 'SKU-0213', 'qty': 3, 'price': 19000}]",57000.0,NGN,1695584432.0,Abuja,191 Sabon Gari Rd,Abuja,NG,,,,,,,,,,,,,,
ORD-000541,2023-03-26 18:16:59+00:00,user215@pulse.africa,+2348011060092,CUST-00035,"[{'sku': 'SKU-0008', 'quantity': 1, 'unit_price': 1700}, {'sku': 'SKU-0121', 'quantity': 1, 'unit_price': 10000}, {'sku': 'SKU-0150', 'quantity': 2, 'unit_price': 12500}]",36700.0,NGN,Kaduna,,,,,,,,,,,,,,,,,,,,,,,,,,,,
ORD-000542,2023-09-09 14:41:29+00:00,user1180@shop.ng,+2348073561767,CUST-00632,"[{'sku': 'SKU-0091', 'quantity': 2, 'unit_price': 9200}, {'sku': 'SKU-0119', 'quantity': 3, 'unit_price': 25200}]",94000.0,NGN,Lagos,65 Sabon Gari Rd,Lagos,NG,,,,,,,,,,,,,,,,,,,,,,,,,
ORD-000543,2023-09-21 12:35:55+00:00,user1223@mail.com,+2348086234095,,"[{'sku': 'SKU-0010', 'quantity': 1, 'unit_price': 18000}, {'sku': 'SKU-0107', 'quantity': 2, 'unit_price': 25500}, {'sku': 'SKU-0147', 'quantity': 2, 'unit_price': 6500}]",82000.0,NGN,Kaduna,34 Sabon Gari Rd,Kaduna,NG,,,,,,,,,,,,,,,,,,,,,,,,,
,,,,,,,,,,,,,,,"[{'sku': 'SKU-0205', 'qty': 2, 'price': 7500}, {'sku': 'SKU-0101', 'qty': 1, 'price': 3500}]",,,,,,,,,,ORD-000544,2023-02-05 02:34,18500.0,NGN,Kano,"53 Wuse Rd, Kano",,user618@pulse.africa,,,,
,,,,,,,,,,,,,,,"[{'sku': 'SKU-0001', 'qty': 2, 'price': 9200}, {'sku': 'SKU-0088', 'qty': 1, 'price': 5000}, {'sku': 'SKU-0140', 'qty': 3, 'price': 26000}]",,,,,,,,,,ORD-000545,2023-03-01 20:40,101400.0,NGN,PH,"82 Garki Rd, PH",CUST-00685,user950@mail.com,+2348022861395,,,
ORD-000546,2023-12-15 18:09:54+00:00,user816@example.com,+2348028532770,CUST-00002,"[{'sku': 'SKU-0152', 'quantity': 2, 'unit_price': 12000}, {'sku': 'SKU-0088', 'quantity': 2, 'unit_price': 4000}, {'sku': 'SKU-0056', 'quantity': 3, 'unit_price': 25200}, {'sku': 'SKU-0196', 'quantity': 1, 'unit_price': 4500}]",112100.0,NGN,Kano,,,,,,,,,,,,,,,,"12 Garki Rd, Kano",,,,,,,,,,,,
,,,,,,,,,,,,,,,"[{'sku': 'SKU-0108', 'qty': 1, 'price': 7000}, {'sku': 'SKU-0079', 'qty': 2, 'price': 13000}]",,,,,,,,,,ORD-000547,2023-05-12 21:10,33000.0,NGN,Kaduna,"188 Alausa Rd, Kaduna",CUST-00432,user816@example.com,+2348021091816,,,
ORD-000548,2023-11-09 01:37:52+00:00,user112@pulse.africa,+2348095109767,CUST-00412,"[{'sku': 'SKU-0081', 'quantity': 1, 'unit_price': 13000}, {'sku': 'SKU-0175', 'quantity': 2, 'unit_price': 9000}]",31000.0,NGN,Lagos,,,,,,,,,,,,,,,,,,,,,,,,,,,,
ORD-000549,2023-07-14 23:33:11+00:00,user1491@shop.ng,+2348072379457,,"[{'sku': 'SKU-0182', 'quantity': 2, 'unit_price': 25500}, {'sku': 'SKU-0028', 'quantity': 1, 'unit_price': 7500}, {'sku': 'SKU-0136', 'quantity': 2, 'unit_price': 6500}, {'sku': 'SKU-0038', 'quantity': 1, 'unit_price': 7000}]",85.7,USD,Kano,,,,,,,,,,,,,,,,"32 Wuse Rd, Kano",,,,,,,,,,,,
,,,,,,,,,,,,,,,"[{'sku': 'SKU-0064', 'qty': 2, 'price': 9500}, {'sku': 'SKU-0172', 'qty': 2, 'price': 9000}, {'sku': 'SKU-0138', 'qty': 2, 'price': 12200}]",,,,,,,,,,ORD-000550,2023-12-12 07:37,61400.0,NGN,PH,,CUST-00458,user1303@example.com,+2348057948542,137 Wuse Rd,PH,NG
,,,,,,,,,,,,,,,"[{'sku': 'SKU-0186', 'qty': 1, 'price': 5000}, {'sku': 'SKU-0110', 'qty': 2, 'price': 18500}]",,,,,,,,,,ORD-000551,2023-07-27 18:25,46.05,USD,Lagos,"10 Garki Rd, Lagos",CUST-00751,user1166@shop.ng,,,,
,,,,,,,,,,,,user888@example.com,+2348086624246,CUST-00082,"[{'sku': 'SKU-0131', 'qty': 3, 'price': 1500}, {'sku': 'SKU-0086', 'qty': 3, 'price': 4500}, {'sku': 'SKU-0108', 'qty': 2, 'price': 6500}, {'sku': 'SKU-0047', 'qty': 3, 'price': 12500}]",68500.0,NGN,1693932702.0,Lagos,,,,"78 GRA Rd, Lagos",,,,,,,,,,,,,
,,,,,,,,,,,,,,,"[{'sku': 'SKU-0146', 'qty': 2, 'price': 2700}, {'sku': 'SKU-0194', 'qty': 2, 'price': 3000}, {'sku': 'SKU-0191', 'qty': 3, 'price': 1700}]",,,,,,,,,,ORD-000553,2023-09-27 14:56,16500.0,NGN,Lagos,"201 Wuse Rd, Lagos",CUST-00620,user372@pulse.africa,+2348064651149,,,
ORD-000554,2023-04-14 17:07:01+00:00,user975@example.com,+2348052901731,CUST-00337,"[{'sku': 'SKU-0202', 'quantity': 3, 'unit_price': 4500}, {'sku': 'SKU-0024', 'quantity': 1, 'unit_price': 9200}, {'sku': 'SKU-0004', 'quantity': 3, 'unit_price': 3000}, {'sku': 'SKU-0056', 'quantity': 1, 'unit_price': 25500}, {'sku': 'SKU-0186', 'quantity': 3, 'unit_price': 5000}]",72200.0,NGN,Kaduna,,,,,,,,,,,,,,,,"114 Garki Rd, Kaduna",,,,,,,,,,,,
,,,,,,,,,,,,user61@mail.com,+2348032378699,CUST-00463,"[{'sku': 'SKU-0178', 'qty': 1, 'price': 19000}, {'sku': 'SKU-0065', 'qty': 2, 'price': 1500}, {'sku': 'SKU-0169', 'qty': 3, 'price': 9000}, {'sku': 'SKU-0161', 'qty': 2, 'price': 12500}, {'sku': 'SKU-0021', 'qty': 1, 'price': 25500}]",99500.0,NGN,1689274010.0,Abuja,145 Wuse Rd,Abuja,NG,,,,,,,,,,,,,,
ORD-000556,2023-08-05 02:23:30+00:00,user1169@pulse.africa,,,"[{'sku': 'SKU-0096', 'quantity': 3, 'unit_price': 1700}, {'sku': 'SKU-0096', 'quantity': 3, 'unit_price': 1500}]",9600.0,NGN,Kaduna,,,,,,,,,,,,,,,,,,,,,,,,,,,,
,,,,,,,,,,,,user1014@shop.ng,+2348070324953,CUST-00231,"[{'productSku': 'SKU-0090', 'qty': 1, 'price': 7500}, {'productSku': 'SKU-0153', 'qty': 2, 'price': 9500}, {'productSku': 'SKU-0197', 'qty': 2, 'price': 4000}, {'productSku': 'SKU-0170', 'qty': 3, 'price': 3000}]",43500.0,NGN,1685990436.0,PH,,,,,,,,,,,,,,,,,
,,,,,,,,,,,,,,,"[{'sku': 'SKU-0167', 'qty': 1, 'price': 9000}, {'sku': 'SKU-0098', 'qty': 3, 'price': 7500}, {'sku': 'SKU-0107', 'qty': 2, 'price': 25200}, {'sku': 'SKU-0162', 'qty': 1, 'price': 6700}]",,,,,,,,,,ORD-000558,2023-07-26 20:48,88600.0,NGN,Kano,,CUST-00083,user1500@shop.ng,+2348053623487,43 GRA Rd,Kano,NG
,,,,,,,,,,,,user1481@mail.com,,CUST-00166,"[{'sku': 'SKU-0190', 'qty': 3, 'price': 10000}]",30000.0,NGN,1675583527.0,Kano,236 Garki Rd,Kano,NG,,,,,,,,,,,,,,
,,,,,,,,,,,,,,,"[{'sku': 'SKU-0117', 'qty': 1, 'price': 7500}, {'sku': 'SKU-0061', 'qty': 1, 'price': 3500}, {'sku': 'SKU-0128', 'qty': 3, 'price': 25000}, {'sku': 'SKU-0205', 'qty': 3, 'price': 7000}]",,,,,,,,,,ORD-000560,2023-03-22 09:26,120.22,USD,PH,,,user144@example.com,+2348064538931,121 Wuse Rd,PH,NG
ORD-000561,2023-04-11 23:38:53+00:00,user816@example.com,+2348078660380,CUST-00062,"[{'sku': 'SKU-0183', 'quantity': 3, 'unit_price': 18000}]",54000.0,NGN,PH,113 Wuse Rd,PH,NG,,,,,,,,,,,,,,,,,,,,,,,,,
,,,,,,,,,,,,,,,"[{'sku': 'SKU-0192', 'qty': 1, 'price': 6700}, {'sku': 'SKU-0093', 'qty': 2, 'price': 25500}, {'sku': 'SKU-0036', 'qty': 1, 'price': 3500}, {'sku': 'SKU-0053', 'qty': 2, 'price': 18000}, {'sku': 'SKU-0084', 'qty': 3, 'price': 2500}]",,,,,,,,,,ORD-000562,2023-02-26 16:40,104700.0,NGN,Kano,"116 Sabon Gari Rd, Kano",CUST-00771,user533@pulse.africa,+2348069682874,,,
,,,,,,,,,,,,user1299@pulse.africa,+2348069037325,CUST-00734,"[{'sku': 'SKU-0133', 'qty': 2, 'price': 9000}, {'sku': 'SKU-0056', 'qty': 2, 'price': 25500}]",69000.0,NGN,1673730591.0,Abuja,40 Garki Rd,Abuja,NG,,,,,,,,,,,,,,
ORD-000564,2023-04-10 22:15:48+00:00,user1042@shop.ng,+2348032872059,,"[{'sku': 'SKU-0217', 'quantity': 1, 'unit_price': 9500}]",9500.0,NGN,Abuja,165 Garki Rd,Abuja,NG,,,,,,,,,,,,,,,,,,,,,,,,,
,,,,,,,,,,,,user423@mail.com,,,"[{'productSku': 'SKU-0096', 'qty': 2, 'price': 1700}, {'productSku': 'SKU-0134', 'qty': 2, 'price': 25200}, {'productSku': 'SKU-0123', 'qty': 2, 'price': 25000}]",103800.0,NGN,1683077231.0,PH,187 Alausa Rd,PH,NG,,,,,,,,,,,,,,
ORD-000566,2023-08-10 03:16:01+00:00,user525@mail.com,+2348097349865,CUST-00536,"[{'sku': 'SKU-0058', 'quantity': 3, 'unit_price': 4200}, {'sku': 'SKU-0093', 'quantity': 3, 'unit_price': 25000}, {'sku': 'SKU-0102', 'quantity': 3, 'unit_price': 12000}, {'sku': 'SKU-0084', 'quantity': 3, 'unit_price': 2500}, {'sku': 'SKU-0069', 'quantity': 3, 'unit_price': 9000}]",182.99,USD,Lagos,59 Wuse Rd,Lagos,NG,,,,,,,,,,,,,,,,,,,,,,,,,
,,,,,,,,,,,,user978@shop.ng,,,"[{'productSku': 'SKU-0023', 'qty': 3, 'price': 2700}, {'productSku': 'SKU-0187', 'qty': 1, 'price': 1700}, {'productSku': 'SKU-0133', 'qty': 2, 'price': 9000}]",27800.0,NGN,1681448737.0,PH,14 Sabon Gari Rd,PH,NG,,,,,,,,,,,,,,
ORD-000568,2023-02-15 04:59:10+00:00,user1166@example.com,+2348024968484,,"[{'sku': 'SKU-0121', 'quantity': 1, 'unit_price': 9000}]",9000.0,NGN,Kaduna,114 Garki Rd,Kaduna,NG,,,,,,,,,,,,,,,,,,,,,,,,,
,,,,,,,,,,,,user1054@pulse.africa,+2348050216633,,"[{'sku': 'SKU-0064', 'qty': 2, 'price': 9500}]",19000.0,NGN,1693147488.0,Kaduna,,,,"137 Garki Rd, Kaduna",,,,,,,,,,,,,
,,,,,,,,,,,,user335@mail.com,,CUST-00522,"[{'productSku': 'SKU-0193', 'qty': 1, 'price': 7500}]",7500.0,NGN,1682892943.0,Kaduna,,,,"78 Alausa Rd, Kaduna",,,,,,,,,,,,,
,,,,,,,,,,,,user1249@mail.com,+2348030749745,CUST-00106,"[{'productSku': 'SKU-0049', 'qty': 1, 'price': 25200}, {'productSku': 'SKU-0054', 'qty': 2, 'price': 18500}]",62200.0,NGN,1695581716.0,PH,,,,"50 Wuse Rd, PH",,,,,,,,,,,,,
,,,,,,,,,,,,user725@pulse.africa,+2348067082519,CUST-00314,"[{'sku': 'SKU-0132', 'qty': 2, 'price': 10000}, {'sku': 'SKU-0199', 'qty': 3, 'price': 4500}, {'sku': 'SKU-0058', 'qty': 2, 'price': 5000}]",46.93,USD,1694764056.0,Abuja,196 Wuse Rd,Abuja,NG,,,,,,,,,,,,,,
,,,,,,,,,,,,,,,"[{'sku': 'SKU-0116', 'qty': 2, 'price': 12000}, {'sku': 'SKU-0209', 'qty': 3, 'price': 6700}]",,,,,,,,,,ORD-000573,2023-06-08 18:10,44100.0,NGN,Kano,"144 Garki Rd, Kano",CUST-00302,user49@pulse.africa,+2348061325709,,,
,,,,,,,,,,,,user1447@shop.ng,+2348091430545,CUST-00400,"[{'sku': 'SKU-0027', 'qty': 1, 'price': 2700}, {'sku': 'SKU-0041', 'qty': 2, 'price': 7500}, {'sku': 'SKU-0184', 'qty': 3, 'price': 2500}]",29.27,USD,1689407180.0,Kaduna,16 Alausa Rd,Kaduna,NG,,,,,,,,,,,,,,
,,,,,,,,,,,,user410@example.com,+2348054002223,CUST-00604,"[{'sku': 'SKU-0028', 'qty': 2, 'price': 6700}, {'sku': 'SKU-0191', 'qty': 1, 'price': 2000}, {'sku': 'SKU-0198', 'qty': 3, 'price': 19000}]",72400.0,NGN,1684927845.0,Kaduna,196 Sabon Gari Rd,Kaduna,NG,,,,,,,,,,,,,,
,,,,,,,,,,,,user440@mail.com,+2348040558998,CUST-00457,"[{'productSku': 'SKU-0201', 'qty': 3, 'price': 7000}]",22.29,USD,1673264425.0,Abuja,,,,"86 Garki Rd, Abuja",,,,,,,,,,,,,
ORD-000577,2023-08-23 10:07:01+00:00,user1050@pulse.africa,,CUST-00062,"[{'sku': 'SKU-0030', 'quantity': 3, 'unit_price': 3500}, {'sku': 'SKU-0109', 'quantity': 2, 'unit_price': 3500}]",17500.0,NGN,Lagos,,,,,,,,,,,,,,,,"9 GRA Rd, Lagos",,,,,,,,,,,,
ORD-000578,2023-11-03 20:36:55+00:00,user150@shop.ng,+2348072507231,CUST-00666,"[{'sku': 'SKU-0072', 'quantity': 3, 'unit_price': 9500}, {'sku': 'SKU-0162', 'quantity': 1, 'unit_price': 6500}, {'sku': 'SKU-0144', 'quantity': 1, 'unit_price': 2500}, {'sku': 'SKU-0136', 'quantity': 1, 'unit_price': 6500}]",44000.0,NGN,PH,,,,,,,,,,,,,,,,"226 Garki Rd, PH",,,,,,,,,,,,
,,,,,,,,,,,,,,,"[{'sku': 'SKU-0116', 'qty': 3, 'price': 13000}, {'sku': 'SKU-0005', 'qty': 2, 'price': 18500}, {'sku': 'SKU-0001', 'qty': 3, 'price': 10000}]",,,,,,,,,,ORD-000579,2023-03-12 13:19,106000.0,NGN,PH,"168 Garki Rd, PH",,user531@mail.com,+2348053838097,,,
,,,,,,,,,,,,user556@mail.com,+2348039156896,,"[{'productSku': 'SKU-0039', 'qty': 1, 'price': 25200}, {'productSku': 'SKU-0052', 'qty': 2, 'price': 9200}, {'productSku': 'SKU-0025', 'qty': 1, 'price': 12000}, {'productSku': 'SKU-0199', 'qty': 1, 'price': 4500}, {'productSku': 'SKU-0017', 'qty': 2, 'price': 3000}]",73.2,USD,1703581013.0,Kano,7 Garki Rd,Kano,NG,,,,,,,,,,,,,,
,,,,,,,,,,,,,,,"[{'sku': 'SKU-0113', 'qty': 3, 'price': 1700}]",,,,,,,,,,ORD-000581,2023-11-20 22:54,5100.0,NGN,Kaduna,,CUST-00409,user780@example.com,,,,
,,,,,,,,,,,,user186@pulse.africa,+2348078281290,CUST-00196,"[{'sku': 'SKU-0193', 'qty': 1, 'price': 6500}, {'sku': 'SKU-0125', 'qty': 3, 'price': 2000}]",13000.0,NGN,1689861936.0,Lagos,,,,,,,,,,,,,,,,,
ORD-000583,2023-06-05 11:08:39+00:00,,+2348096887136,CUST-00483,"[{'sku': 'SKU-0092', 'quantity': 2, 'unit_price': 12000}, {'sku': 'SKU-0111', 'quantity': 3, 'unit_price': 18500}, {'sku': 'SKU-0058', 'quantity': 3, 'unit_price': 4000}]",91500.0,NGN,Lagos,12 Garki Rd,Lagos,NG,,,,,,,,,,,,,,,,,,,,,,,,,
,,,,,,,,,,,,,,,"[{'sku': 'SKU-0132', 'qty': 1, 'price': 9200}, {'sku': 'SKU-0177', 'qty': 2, 'price': 1500}]",,,,,,,,,,ORD-000584,2023-08-08 06:15,12200.0,NGN,Lagos,,CUST-00758,user762@shop.ng,+2348066269326,,,
,,,,,,,,,,,,,,,"[{'sku': 'SKU-0028', 'qty': 1, 'price': 6500}, {'sku': 'SKU-0127', 'qty': 1, 'price': 18500}, {'sku': 'SKU-0103', 'qty': 3, 'price': 7000}]",,,,,,,,,,ORD-000585,2023-10-16 03:37,50.16,USD,Abuja,,CUST-00030,user680@example.com,+2348014593302,37 Wuse Rd,Abuja,NG
ORD-000586,2023-10-24 03:02:11+00:00,,+2348044475383,CUST-00653,"[{'sku': 'SKU-0043', 'quantity': 1, 'unit_price': 6500}, {'sku': 'SKU-0003', 'quantity': 2, 'unit_price': 2700}, {'sku': 'SKU-0023', 'quantity': 2, 'unit_price': 2500}, {'sku': 'SKU-0028', 'quantity': 2, 'unit_price': 7500}, {'sku': 'SKU-0106', 'quantity': 3, 'unit_price': 26000}]",109900.0,NGN,PH,,,,,,,,,,,,,,,,,,,,,,,,,,,,
ORD-000587,2023-08-27 07:15:20+00:00,user512@mail.com,+2348098499057,,"[{'sku': 'SKU-0126', 'quantity': 3, 'unit_price': 6700}, {'sku': 'SKU-0032', 'quantity': 1, 'unit_price': 12200}, {'sku': 'SKU-0206', 'quantity': 1, 'unit_price': 25200}, {'sku': 'SKU-0168', 'quantity': 1, 'unit_price': 2500}]",60000.0,NGN,Lagos,,,,,,,,,,,,,,,,"182 Wuse Rd, Lagos",,,,,,,,,,,,
,,,,,,,,,,,,,+2348034450775,CUST-00648,"[{'productSku': 'SKU-0194', 'qty': 1, 'price': 3000}, {'productSku': 'SKU-0108', 'qty': 2, 'price': 6700}, {'productSku': 'SKU-0148', 'qty': 3, 'price': 1500}]",20900.0,NGN,1689875632.0,PH,,,,,,,,,,,,,,,,,
,,,,,,,,,,,,,,,"[{'sku': 'SKU-0002', 'qty': 3, 'price': 7500}, {'sku': 'SKU-0123', 'qty': 2, 'price': 25200}, {'sku': 'SKU-0160', 'qty': 3, 'price': 10000}]",,,,,,,,,,ORD-000589,2023-03-04 20:52,102900.0,NGN,Kaduna,"197 GRA Rd, Kaduna",,user1118@shop.ng,,,,
ORD-000590,2023-12-13 14:57:11+00:00,,+2348022694785,CUST-00658,"[{'sku': 'SKU-0087', 'quantity': 2, 'unit_price': 26000}, {'sku': 'SKU-0169', 'quantity': 1, 'unit_price': 9500}, {'sku': 'SKU-0195', 'quantity': 3, 'unit_price': 18500}]",117000.0,NGN,Abuja,,,,,,,,,,,,,,,,"118 Alausa Rd, Abuja",,,,,,,,,,,,
,,,,,,,,,,,,,+2348057504552,CUST-00795,"[{'sku': 'SKU-0078', 'qty': 2, 'price': 2500}, {'sku': 'SKU-0141', 'qty': 1, 'price': 4200}, {'sku': 'SKU-0101', 'qty': 3, 'price': 2700}]",17300.0,NGN,1682453696.0,Abuja,,,,"200 Garki Rd, Abuja",,,,,,,,,,,,,
,,,,,,,,,,,,,,,"[{'sku': 'SKU-0138', 'qty': 1, 'price': 12200}, {'sku': 'SKU-0095', 'qty': 1, 'price': 2500}, {'sku': 'SKU-0174', 'qty': 1, 'price': 12200}]",,,,,,,,,,ORD-000592,2023-11-07 18:57,26900.0,NGN,PH,,CUST-00156,user1249@shop.ng,+2348047369085,,,
ORD-000593,2023-04-26 03:32:49+00:00,user329@mail.com,+2348031400078,CUST-00148,"[{'sku': 'SKU-0107', 'quantity': 2, 'unit_price': 26000}, {'sku': 'SKU-0082', 'quantity': 1, 'unit_price': 7000}, {'sku': 'SKU-0000', 'quantity': 1, 'unit_price': 3000}, {'sku': 'SKU-0181', 'quantity': 3, 'unit_price': 9500}, {'sku': 'SKU-0053', 'quantity': 3, 'unit_price': 18000}]",144500.0,NGN,Kaduna,101 GRA Rd,Kaduna,NG,,,,,,,,,,,,,,,,,,,,,,,,,
ORD-000594,2023-01-28 09:24:09+00:00,user1067@pulse.africa,+2348094361980,CUST-00012,"[{'sku': 'SKU-0035', 'quantity': 2, 'unit_price': 9000}, {'sku': 'SKU-0185', 'quantity': 3, 'unit_price': 2700}, {'sku': 'SKU-0052', 'quantity': 2, 'unit_price': 9200}]",44500.0,NGN,Abuja,60 Wuse Rd,Abuja,NG,,,,,,,,,,,,,,,,,,,,,,,,,
,,,,,,,,,,,,,,,"[{'sku': 'SKU-0039', 'qty': 1, 'price': 25500}, {'sku': 'SKU-0069', 'qty': 1, 'price': 10000}, {'sku': 'SKU-0214', 'qty': 2, 'price': 12000}, {'sku': 'SKU-0160', 'qty': 2, 'price': 10000}]",,,,,,,,,,ORD-000595,2023-07-30 04:54,79500.0,NGN,PH,,CUST-00709,user998@pulse.africa,+2348023831159,,,
,,,,,,,,,,,,user1483@pulse.africa,+2348095934970,CUST-00789,"[{'productSku': 'SKU-0217', 'qty': 3, 'price': 10000}, {'productSku': 'SKU-0214', 'qty': 3, 'price': 13000}]",69000.0,NGN,1701558638.0,Kano,,,,"108 Sabon Gari Rd, Kano",,,,,,,,,,,,,
,,,,,,,,,,,,,,,"[{'sku': 'SKU-0149', 'qty': 2, 'price': 2700}, {'sku': 'SKU-0151', 'qty': 2, 'price': 7000}]",,,,,,,,,,ORD-000597,2023-10-04 22:31,19400.0,NGN,Kaduna,"155 Alausa Rd, Kaduna",CUST-00726,user1243@shop.ng,+2348099597988,,,
,,,,,,,,,,,,user807@example.com,+2348069088694,CUST-00619,"[{'sku': 'SKU-0030', 'qty': 1, 'price': 3000}]",3000.0,NGN,1675838886.0,PH,147 GRA Rd,PH,NG,,,,,,,,,,,,,,
,,,,,,,,,,,,user845@example.com,+2348044026103,CUST-00102,"[{'sku': 'SKU-0055', 'qty': 3, 'price': 6700}]",20100.0,NGN,1697508660.0,Kaduna,,,,"175 Sabon Gari Rd, Kaduna",,,,,,,,,,,,,
ORD-000600,2023-06-23 05:05:11+00:00,user1024@example.com,+2348092732173,CUST-00800,"[{'sku': 'SKU-0117', 'quantity': 3, 'unit_price': 7000}, {'sku': 'SKU-0196', 'quantity': 1, 'unit_price': 4200}, {'sku': 'SKU-0142', 'quantity': 3, 'unit_price': 3000}]",34200.0,NGN,Lagos,,,,,,,,,,,,,,,,"207 Garki Rd, Lagos",,,,,,,,,,,,
ORD-000601,2023-02-09 08:10:02+00:00,,+2348051678306,CUST-00331,"[{'sku': 'SKU-0080', 'quantity': 3, 'unit_price': 2500}, {'sku': 'SKU-0163', 'quantity': 1, 'unit_price': 10000}, {'sku': 'SKU-0051', 'quantity': 2, 'unit_price': 7500}, {'sku': 'SKU-0089', 'quantity': 2, 'unit_price': 19000}]",79.21,USD,Lagos,180 GRA Rd,Lagos,NG,,,,,,,,,,,,,,,,,,,,,,,,,
,,,,,,,,,,,,user789@example.com,+2348049448235,CUST-00407,"[{'sku': 'SKU-0158', 'qty': 3, 'price': 2500}, {'sku': 'SKU-0050', 'qty': 1, 'price': 9000}, {'sku': 'SKU-0182', 'qty': 3, 'price': 26000}, {'sku': 'SKU-0218', 'qty': 2, 'price': 2700}]",99900.0,NGN,1690592019.0,Abuja,249 Alausa Rd,Abuja,NG,,,,,,,,,,,,,,
,,,,,,,,,,,,,,,"[{'sku': 'SKU-0170', 'qty': 2, 'price': 2500}, {'sku': 'SKU-0126', 'qty': 1, 'price': 6700}]",,,,,,,,,,ORD-000603,2023-04-06 11:59,11700.0,NGN,PH,"6 GRA Rd, PH",,user443@mail.com,,,,
ORD-000604,2023-06-10 23:39:39+00:00,user732@example.com,+2348028051318,CUST-00241,"[{'sku': 'SKU-0145', 'quantity': 1, 'unit_price': 7500}, {'sku': 'SKU-0047', 'quantity': 3, 'unit_price': 13000}, {'sku': 'SKU-0160', 'quantity': 3, 'unit_price': 10000}, {'sku': 'SKU-0191', 'quantity': 2, 'unit_price': 2000}, {'sku': 'SKU-0205', 'quantity': 2, 'unit_price': 7500}]",95500.0,NGN,PH,,,,,,,,,,,,,,,,"212 Garki Rd, PH",,,,,,,,,,,,
,,,,,,,,,,,,,+2348097278778,CUST-00176,"[{'sku': 'SKU-0181', 'qty': 2, 'price': 9500}, {'sku': 'SKU-0026', 'qty': 3, 'price': 6700}, {'sku': 'SKU-0184', 'qty': 2, 'price': 1700}, {'sku': 'SKU-0119', 'qty': 2, 'price': 25000}, {'sku': 'SKU-0117', 'qty': 3, 'price': 7500}]",115000.0,NGN,1676851825.0,Lagos,,,,,,,,,,,,,,,,,
,,,,,,,,,,,,,,,"[{'sku': 'SKU-0184', 'qty': 2, 'price': 2000}]",,,,,,,,,,ORD-000606,2023-01-25 18:26,4.67,USD,Kano,"179 Sabon Gari Rd, Kano",CUST-00503,user274@shop.ng,+2348070681408,,,
,,,,,,,,,,,,user1232@mail.com,+2348013957752,CUST-00751,"[{'sku': 'SKU-0036', 'qty': 3, 'price': 3000}, {'sku': 'SKU-0001', 'qty': 3, 'price': 9000}, {'sku': 'SKU-0182', 'qty': 2, 'price': 25000}, {'sku': 'SKU-0198', 'qty': 1, 'price': 18000}]",104000.0,NGN,1699321606.0,PH,127 Alausa Rd,PH,NG,,,,,,,,,,,,,,
ORD-000608,2023-08-11 22:05:40+00:00,user411@mail.com,+2348096869105,,"[{'sku': 'SKU-0097', 'quantity': 3, 'unit_price': 7500}, {'sku': 'SKU-0035', 'quantity': 2, 'unit_price': 9200}, {'sku': 'SKU-0024', 'quantity': 2, 'unit_price': 9500}, {'sku': 'SKU-0045', 'quantity': 3, 'unit_price': 10000}]",92.02,USD,Kaduna,87 Wuse Rd,Kaduna,NG,,,,,,,,,,,,,,,,,,,,,,,,,
,,,,,,,,,,,,user373@mail.com,+2348023014526,,"[{'sku': 'SKU-0015', 'qty': 3, 'price': 9000}, {'sku': 'SKU-0174', 'qty': 2, 'price': 12000}, {'sku': 'SKU-0043', 'qty': 1, 'price': 6500}, {'sku': 'SKU-0001', 'qty': 2, 'price': 10000}, {'sku': 'SKU-0078', 'qty': 1, 'price': 2000}]",88.93,USD,1681180453.0,Lagos,234 Garki Rd,Lagos,NG,,,,,,,,,,,,,,
ORD-000610,2023-10-02 07:49:22+00:00,user1256@pulse.africa,+2348098380763,,"[{'sku': 'SKU-0038', 'quantity': 2, 'unit_price': 6500}, {'sku': 'SKU-0159', 'quantity': 1, 'unit_price': 6500}, {'sku': 'SKU-0206', 'quantity': 2, 'unit_price': 25500}, {'sku': 'SKU-0027', 'quantity': 2, 'unit_price': 2700}, {'sku': 'SKU-0151', 'quantity': 3, 'unit_price': 6700}]",98.26,USD,Abuja,,,,,,,,,,,,,,,,"100 Wuse Rd, Abuja",,,,,,,,,,,,
,,,,,,,,,,,,user1351@example.com,+2348022207568,CUST-00492,"[{'sku': 'SKU-0063', 'qty': 2, 'price': 25200}, {'sku': 'SKU-0061', 'qty': 2, 'price': 2700}, {'sku': 'SKU-0203', 'qty': 2, 'price': 2500}]",60800.0,NGN,1691135852.0,Lagos,83 GRA Rd,Lagos,NG,,,,,,,,,,,,,,
,,,,,,,,,,,,,,CUST-00387,"[{'sku': 'SKU-0072', 'qty': 2, 'price': 9200}, {'sku': 'SKU-0114', 'qty': 1, 'price': 3000}]",22.31,USD,1685757850.0,PH,,,,,,,,,,,,,,,,,
ORD-000613,2023-07-13 06:06:15+00:00,user1112@mail.com,+2348016436549,CUST-00766,"[{'sku': 'SKU-0135', 'quantity': 1, 'unit_price': 6700}]",7.22,USD,Kano,,,,,,,,,,,,,,,,"13 Sabon Gari Rd, Kano",,,,,,,,,,,,
ORD-000614,2023-07-28 20:19:14+00:00,user1312@example.com,,,"[{'sku': 'SKU-0189', 'quantity': 3, 'unit_price': 4200}, {'sku': 'SKU-0130', 'quantity': 2, 'unit_price': 4000}, {'sku': 'SKU-0054', 'quantity': 1, 'unit_price': 19000}, {'sku': 'SKU-0047', 'quantity': 1, 'unit_price': 12500}]",52100.0,NGN,Lagos,,,,,,,,,,,,,,,,"231 Alausa Rd, Lagos",,,,,,,,,,,,
,,,,,,,,,,,,,,,"[{'sku': 'SKU-0045', 'qty': 2, 'price': 9200}, {'sku': 'SKU-0095', 'qty': 2, 'price': 2500}, {'sku': 'SKU-0039', 'qty': 1, 'price': 25200}]",,,,,,,,,,ORD-000615,2023-12-18 05:34,48600.0,NGN,Abuja,,,user1394@pulse.africa,+2348097689321,70 Wuse Rd,Abuja,NG
ORD-000616,2023-11-16 20:05:17+00:00,user237@mail.com,+2348075570300,CUST-00073,"[{'sku': 'SKU-0071', 'quantity': 1, 'unit_price': 2500}, {'sku': 'SKU-0064', 'quantity': 3, 'unit_price': 9000}, {'sku': 'SKU-0160', 'quantity': 3, 'unit_price': 10000}, {'sku': 'SKU-0010', 'quantity': 3, 'unit_price': 19000}]",116500.0,NGN,Kaduna,,,,,,,,,,,,,,,,,,,,,,,,,,,,
,,,,,,,,,,,,,,,"[{'sku': 'SKU-0072', 'qty': 3, 'price': 9500}, {'sku': 'SKU-0072', 'qty': 3, 'price': 9500}, {'sku': 'SKU-0027', 'qty': 1, 'price': 3500}, {'sku': 'SKU-0210', 'qty': 1, 'price': 12000}]",,,,,,,,,,ORD-000617,2023-10-15 10:09,72500.0,NGN,Kano,"214 Wuse Rd, Kano",CUST-00131,user74@shop.ng,+2348024952744,,,
,,,,,,,,,,,,user388@mail.com,+2348015873085,CUST-00679,"[{'sku': 'SKU-0111', 'qty': 3, 'price': 18500}, {'sku': 'SKU-0112', 'qty': 3, 'price': 25200}]",131100.0,NGN,1699589799.0,Lagos,243 Garki Rd,Lagos,NG,,,,,,,,,,,,,,
,,,,,,,,,,,,,,,"[{'sku': 'SKU-0164', 'qty': 1, 'price': 26000}, {'sku': 'SKU-0097', 'qty': 1, 'price': 7000}]",,,,,,,,,,ORD-000619,2023-05-16 23:19,33000.0,NGN,Kaduna,"216 Garki Rd, Kaduna",,user688@shop.ng,,,,
ORD-000620,2023-08-05 06:14:50+00:00,user1483@pulse.africa,+2348029258428,CUST-00634,"[{'sku': 'SKU-0140', 'quantity': 2, 'unit_price': 25000}, {'sku': 'SKU-0028', 'quantity': 3, 'unit_price': 6500}]",70000.0,NGN,Abuja,176 Garki Rd,Abuja,NG,,,,,,,,,,,,,,,,,,,,,,,,,
,,,,,,,,,,,,,,,"[{'sku': 'SKU-0196', 'qty': 3, 'price': 4000}, {'sku': 'SKU-0219', 'qty': 1, 'price': 18000}, {'sku': 'SKU-0144', 'qty': 3, 'price': 2500}, {'sku': 'SKU-0005', 'qty': 3, 'price': 19000}]",,,,,,,,,,ORD-000621,2023-08-07 12:51,99.68,USD,Lagos,"163 Wuse Rd, Lagos",,user921@mail.com,+2348092222921,,,
,,,,,,,,,,,,,,,"[{'sku': 'SKU-0057', 'qty': 1, 'price': 2000}, {'sku': 'SKU-0163', 'qty': 3, 'price': 9200}, {'sku': 'SKU-0099', 'qty': 2, 'price': 2700}]",,,,,,,,,,ORD-000622,2023-06-26 09:40,35000.0,NGN,PH,,,user295@example.com,+2348082678701,103 Garki Rd,PH,NG
ORD-000623,2023-03-22 19:38:28+00:00,user392@mail.com,+2348098493234,,"[{'sku': 'SKU-0106', 'quantity': 2, 'unit_price': 26000}, {'sku': 'SKU-0113', 'quantity': 2, 'unit_price': 2500}, {'sku': 'SKU-0093', 'quantity': 2, 'unit_price': 25500}, {'sku': 'SKU-0170', 'quantity': 2, 'unit_price': 2700}]",113400.0,NGN,Kaduna,94 Wuse Rd,Kaduna,NG,,,,,,,,,,,,,,,,,,,,,,,,,
ORD-000624,2023-05-26 13:32:39+00:00,user845@example.com,+2348055323065,CUST-00794,"[{'sku': 'SKU-0100', 'quantity': 1, 'unit_price': 2500}, {'sku': 'SKU-0027', 'quantity': 3, 'unit_price': 3500}]",13000.0,NGN,Kano,41 Wuse Rd,Kano,NG,,,,,,,,,,,,,,,,,,,,,,,,,
ORD-000625,2023-03-12 00:39:35+00:00,user1394@mail.com,+2348087184473,,"[{'sku': 'SKU-0177', 'quantity': 1, 'unit_price': 2500}]",2500.0,NGN,Kaduna,51 Garki Rd,Kaduna,NG,,,,,,,,,,,,,,,,,,,,,,,,,
ORD-000626,2023-04-06 10:04:32+00:00,user437@pulse.africa,+2348058712990,CUST-00208,"[{'sku': 'SKU-0080', 'quantity': 3, 'unit_price': 1500}, {'sku': 'SKU-0173', 'quantity': 1, 'unit_price': 6500}, {'sku': 'SKU-0021', 'quantity': 1, 'unit_price': 25000}, {'sku': 'SKU-0013', 'quantity': 2, 'unit_price': 4000}]",44000.0,NGN,Abuja,81 GRA Rd,Abuja,NG,,,,,,,,,,,,,,,,,,,,,,,,,
ORD-000627,2023-07-04 12:08:05+00:00,,+2348064986304,,"[{'sku': 'SKU-0074', 'quantity': 2, 'unit_price': 2500}, {'sku': 'SKU-0205', 'quantity': 3, 'unit_price': 6700}]",28.27,USD,Kano,,,,,,,,,,,,,,,,,,,,,,,,,,,,
ORD-000628,2023-09-29 19:11:32+00:00,user41@pulse.africa,+2348088502768,CUST-00389,"[{'sku': 'SKU-0029', 'quantity': 3, 'unit_price': 2700}, {'sku': 'SKU-0113', 'quantity': 1, 'unit_price': 1500}]",9600.0,NGN,Kano,115 Alausa Rd,Kano,NG,,,,,,,,,,,,,,,,,,,,,,,,,
,,,,,,,,,,,,user1299@pulse.africa,+2348021149828,CUST-00685,"[{'sku': 'SKU-0021', 'qty': 2, 'price': 25000}, {'sku': 'SKU-0045', 'qty': 1, 'price': 9500}, {'sku': 'SKU-0173', 'qty': 2, 'price': 6700}]",72900.0,NGN,1691549281.0,Kano,,,,"205 Wuse Rd, Kano",,,,,,,,,,,,,
ORD-000630,2023-03-07 15:45:17+00:00,user887@pulse.africa,,CUST-00270,"[{'sku': 'SKU-0049', 'quantity': 3, 'unit_price': 25500}, {'sku': 'SKU-0133', 'quantity': 1, 'unit_price': 10000}, {'sku': 'SKU-0081', 'quantity': 1, 'unit_price': 12000}]",98500.0,NGN,Kano,195 Wuse Rd,Kano,NG,,,,,,,,,,,,,,,,,,,,,,,,,
ORD-000631,2023-08-03 02:14:49+00:00,user1428@shop.ng,+2348078797888,CUST-00712,"[{'sku': 'SKU-0159', 'quantity': 1, 'unit_price': 6500}, {'sku': 'SKU-0077', 'quantity': 2, 'unit_price': 12200}]",32.63,USD,Lagos,201 Wuse Rd,Lagos,NG,,,,,,,,,,,,,,,,,,,,,,,,,
ORD-000632,2023-02-21 09:29:57+00:00,user48@mail.com,+2348024367955,CUST-00522,"[{'sku': 'SKU-0141', 'quantity': 1, 'unit_price': 5000}, {'sku': 'SKU-0072', 'quantity': 2, 'unit_price': 9000}, {'sku': 'SKU-0115', 'quantity': 3, 'unit_price': 18000}]",77000.0,NGN,Kano,,,,,,,,,,,,,,,,"46 Sabon Gari Rd, Kano",,,,,,,,,,,,
,,,,,,,,,,,,,+2348071842562,CUST-00633,"[{'productSku': 'SKU-0019', 'qty': 1, 'price': 12000}]",12000.0,NGN,1699423636.0,Abuja,85 Alausa Rd,Abuja,NG,,,,,,,,,,,,,,
,,,,,,,,,,,,,,,"[{'sku': 'SKU-0023', 'qty': 3, 'price': 2500}, {'sku': 'SKU-0000', 'qty': 2, 'price': 2700}]",,,,,,,,,,ORD-000634,2023-03-19 11:40,12900.0,NGN,Lagos,,CUST-00397,user1085@mail.com,+2348036481124,127 GRA Rd,Lagos,NG
ORD-000635,2023-04-22 20:56:46+00:00,user1111@mail.com,+2348020170987,CUST-00270,"[{'sku': 'SKU-0113', 'quantity': 1, 'unit_price': 1500}]",1500.0,NGN,PH,,,,,,,,,,,,,,,,,,,,,,,,,,,,
,,,,,,,,,,,,,,,"[{'sku': 'SKU-0075', 'qty': 3, 'price': 10000}, {'sku': 'SKU-0129', 'qty': 3, 'price': 18500}, {'sku': 'SKU-0055', 'qty': 2, 'price': 7000}, {'sku': 'SKU-0211', 'qty': 2, 'price': 2700}, {'sku': 'SKU-0135', 'qty': 1, 'price': 7000}]",,,,,,,,,,ORD-000636,2023-03-05 01:53,111900.0,NGN,Kaduna,,,,+2348018107284,210 Wuse Rd,Kaduna,NG
,,,,,,,,,,,,user1490@pulse.africa,+2348074484747,CUST-00068,"[{'sku': 'SKU-0081', 'qty': 3, 'price': 12500}]",37500.0,NGN,1687494195.0,Lagos,,,,"77 Wuse Rd, Lagos",,,,,,,,,,,,,
,,,,,,,,,,,,,,,"[{'sku': 'SKU-0010', 'qty': 3, 'price': 18500}, {'sku': 'SKU-0104', 'qty': 2, 'price': 26000}]",,,,,,,,,,ORD-000638,2023-03-30 14:09,107500.0,NGN,PH,,CUST-00413,user952@shop.ng,,99 Wuse Rd,PH,NG
,,,,,,,,,,,,,,,"[{'sku': 'SKU-0161', 'qty': 1, 'price': 13000}, {'sku': 'SKU-0093', 'qty': 1, 'price': 26000}, {'sku': 'SKU-0202', 'qty': 3, 'price': 4200}, {'sku': 'SKU-0038', 'qty': 3, 'price': 6700}]",,,,,,,,,,ORD-000639,2023-11-03 03:09,71700.0,NGN,Kano,"78 GRA Rd, Kano",,user555@pulse.africa,+2348076749487,,,
,,,,,,,,,,,,,,,"[{'sku': 'SKU-0110', 'qty': 2, 'price': 18200}, {'sku': 'SKU-0124', 'qty': 3, 'price': 2500}, {'sku': 'SKU-0090', 'qty': 1, 'price': 6500}, {'sku': 'SKU-0082', 'qty': 3, 'price': 7500}]",,,,,,,,,,ORD-000640,2023-07-08 22:49,72900.0,NGN,PH,,,user1013@mail.com,+2348011740480,162 Garki Rd,PH,NG
ORD-000641,2023-09-23 15:52:43+00:00,user669@mail.com,+2348051948011,CUST-00428,"[{'sku': 'SKU-0156', 'quantity': 1, 'unit_price': 12200}, {'sku': 'SKU-0135', 'quantity': 2, 'unit_price': 7000}, {'sku': 'SKU-0185', 'quantity': 2, 'unit_price': 2700}, {'sku': 'SKU-0094', 'quantity': 3, 'unit_price': 7500}]",54100.0,NGN,PH,231 Wuse Rd,PH,NG,,,,,,,,,,,,,,,,,,,,,,,,,
,,,,,,,,,,,,user40@pulse.africa,+2348022828887,,"[{'sku': 'SKU-0178', 'qty': 1, 'price': 18200}, {'sku': 'SKU-0082', 'qty': 3, 'price': 6700}, {'sku': 'SKU-0181', 'qty': 3, 'price': 9200}]",65900.0,NGN,1683965118.0,PH,,,,"38 GRA Rd, PH",,,,,,,,,,,,,
ORD-000643,2023-08-23 00:38:13+00:00,user121@shop.ng,+2348094969193,,"[{'sku': 'SKU-0115', 'quantity': 2, 'unit_price': 18200}]",36400.0,NGN,Kano,,,,,,,,,,,,,,,,,,,,,,,,,,,,
,,,,,,,,,,,,user606@example.com,+2348036164817,CUST-00612,"[{'sku': 'SKU-0200', 'qty': 2, 'price': 12500}, {'sku': 'SKU-0124', 'qty': 2, 'price': 2700}]",30400.0,NGN,1688722995.0,PH,,,,"130 Sabon Gari Rd, PH",,,,,,,,,,,,,
,,,,,,,,,,,,user783@mail.com,+2348052156045,CUST-00152,"[{'sku': 'SKU-0066', 'qty': 1, 'price': 2700}, {'sku': 'SKU-0075', 'qty': 1, 'price': 9000}, {'sku': 'SKU-0166', 'qty': 3, 'price': 2500}]",19200.0,NGN,1699998406.0,Lagos,,,,,,,,,,,,,,,,,
,,,,,,,,,,,,user53@shop.ng,+2348063088171,CUST-00738,"[{'productSku': 'SKU-0041', 'qty': 3, 'price': 6700}, {'productSku': 'SKU-0082', 'qty': 1, 'price': 6500}, {'productSku': 'SKU-0013', 'qty': 2, 'price': 5000}]",36600.0,NGN,1692883388.0,Kaduna,,,,,,,,,,,,,,,,,
,,,,,,,,,,,,user846@pulse.africa,+2348076096285,CUST-00366,"[{'sku': 'SKU-0193', 'qty': 3, 'price': 6500}, {'sku': 'SKU-0130', 'qty': 1, 'price': 4200}, {'sku': 'SKU-0127', 'qty': 1, 'price': 18000}, {'sku': 'SKU-0035', 'qty': 1, 'price': 9000}, {'sku': 'SKU-0133', 'qty': 1, 'price': 9200}]",59900.0,NGN,1682024048.0,Kano,,,,"16 GRA Rd, Kano",,,,,,,,,,,,,
,,,,,,,,,,,,user116@example.com,,CUST-00268,"[{'sku': 'SKU-0208', 'qty': 1, 'price': 7500}]",7500.0,NGN,1677731600.0,PH,58 Wuse Rd,PH,NG,,,,,,,,,,,,,,
,,,,,,,,,,,,,,,"[{'sku': 'SKU-0081', 'qty': 2, 'price': 13000}, {'sku': 'SKU-0193', 'qty': 3, 'price': 7500}, {'sku': 'SKU-0004', 'qty': 3, 'price': 3000}, {'sku': 'SKU-0126', 'qty': 1, 'price': 7500}, {'sku': 'SKU-0140', 'qty': 1, 'price': 25000}]",,,,,,,,,,ORD-000649,2023-03-01 06:37,90000.0,NGN,Abuja,,,user1007@example.com,+2348020821631,95 GRA Rd,Abuja,NG
,,,,,,,,,,,,,,,"[{'sku': 'SKU-0137', 'qty': 1, 'price': 2000}, {'sku': 'SKU-0068', 'qty': 3, 'price': 12500}]",,,,,,,,,,ORD-000650,2023-06-04 05:59,39500.0,NGN,Abuja,,,user1245@pulse.africa,+2348053896992,101 Alausa Rd,Abuja,NG
ORD-000651,2023-01-12 04:35:54+00:00,user740@shop.ng,,CUST-00608,"[{'sku': 'SKU-0166', 'quantity': 3, 'unit_price': 2500}, {'sku': 'SKU-0052', 'quantity': 1, 'unit_price': 9000}, {'sku': 'SKU-0010', 'quantity': 2, 'unit_price': 18000}, {'sku': 'SKU-0190', 'quantity': 1, 'unit_price': 9200}, {'sku': 'SKU-0194', 'quantity': 3, 'unit_price': 3000}]",70700.0,NGN,Kaduna,146 Sabon Gari Rd,Kaduna,NG,,,,,,,,,,,,,,,,,,,,,,,,,
,,,,,,,,,,,,,,,"[{'sku': 'SKU-0212', 'qty': 1, 'price': 12500}, {'sku': 'SKU-0052', 'qty': 2, 'price': 10000}]",,,,,,,,,,ORD-000652,2023-05-01 08:29,32500.0,NGN,Lagos,"171 Garki Rd, Lagos",CUST-00401,user339@shop.ng,+2348090093137,,,
,,,,,,,,,,,,,,,"[{'sku': 'SKU-0158', 'qty': 1, 'price': 2500}]",,,,,,,,,,ORD-000653,2023-12-10 11:19,2.94,USD,Lagos,"49 Wuse Rd, Lagos",CUST-00391,user327@example.com,,,,
ORD-000654,2023-01-30 13:17:55+00:00,user231@example.com,+2348071101892,CUST-00488,"[{'sku': 'SKU-0167', 'quantity': 1, 'unit_price': 9500}, {'sku': 'SKU-0197', 'quantity': 1, 'unit_price': 4000}, {'sku': 'SKU-0077', 'quantity': 1, 'unit_price': 12500}, {'sku': 'SKU-0116', 'quantity': 1, 'unit_price': 12000}]",44.34,USD,Kano,149 GRA Rd,Kano,NG,,,,,,,,,,,,,,,,,,,,,,,,,
,,,,,,,,,,,,,,,"[{'sku': 'SKU-0016', 'qty': 3, 'price': 6700}, {'sku': 'SKU-0055', 'qty': 1, 'price': 7500}, {'sku': 'SKU-0173', 'qty': 2, 'price': 6500}, {'sku': 'SKU-0009', 'qty': 2, 'price': 7500}]",,,,,,,,,,ORD-000655,2023-09-30 23:17,55600.0,NGN,PH,,CUST-00014,user91@example.com,+2348047691414,185 Wuse Rd,PH,NG
ORD-000656,2023-01-10 11:32:40+00:00,user475@example.com,+2348021866994,CUST-00720,"[{'sku': 'SKU-0060', 'quantity': 3, 'unit_price': 19000}, {'sku': 'SKU-0207', 'quantity': 1, 'unit_price': 9000}]",68.68,USD,Kano,117 Wuse Rd,Kano,NG,,,,,,,,,,,,,,,,,,,,,,,,,
ORD-000657,2023-09-13 18:36:33+00:00,user836@pulse.africa,+2348021602526,CUST-00507,"[{'sku': 'SKU-0138', 'quantity': 1, 'unit_price': 12500}, {'sku': 'SKU-0188', 'quantity': 3, 'unit_price': 4500}, {'sku': 'SKU-0104', 'quantity': 1, 'unit_price': 26000}, {'sku': 'SKU-0095', 'quantity': 2, 'unit_price': 3000}, {'sku': 'SKU-0196', 'quantity': 2, 'unit_price': 4200}]",66400.0,NGN,Kano,227 Garki Rd,Kano,NG,,,,,,,,,,,,,,,,,,,,,,,,,
ORD-000658,2023-09-08 16:09:42+00:00,,+2348025016273,CUST-00406,"[{'sku': 'SKU-0192', 'quantity': 3, 'unit_price': 6700}, {'sku': 'SKU-0010', 'quantity': 2, 'unit_price': 18200}, {'sku': 'SKU-0153', 'quantity': 2, 'unit_price': 9200}, {'sku': 'SKU-0217', 'quantity': 3, 'unit_price': 9200}]",113.64,USD,Kaduna,140 Alausa Rd,Kaduna,NG,,,,,,,,,,,,,,,,,,,,,,,,,
,,,,,,,,,,,,user218@mail.com,+2348070888421,CUST-00418,"[{'productSku': 'SKU-0170', 'qty': 1, 'price': 2700}, {'productSku': 'SKU-0175', 'qty': 3, 'price': 9500}, {'productSku': 'SKU-0125', 'qty': 1, 'price': 2000}, {'productSku': 'SKU-0187', 'qty': 2, 'price': 2500}, {'productSku': 'SKU-0133', 'qty': 3, 'price': 10000}]",68200.0,NGN,1672666776.0,Kano,,,,,,,,,,,,,,,,,
,,,,,,,,,,,,user429@example.com,+2348035636468,CUST-00774,"[{'sku': 'SKU-0126', 'qty': 1, 'price': 6500}]",6500.0,NGN,1672551202.0,PH,,,,,,,,,,,,,,,,,
,,,,,,,,,,,,,,,"[{'sku': 'SKU-0064', 'qty': 2, 'price': 9000}]",,,,,,,,,,ORD-000661,2023-11-18 10:19,18000.0,NGN,Lagos,"54 Sabon Gari Rd, Lagos",CUST-00413,,+2348056059442,,,
,,,,,,,,,,,,user1403@shop.ng,+2348060998347,CUST-00360,"[{'sku': 'SKU-0151', 'qty': 1, 'price': 7500}, {'sku': 'SKU-0008', 'qty': 2, 'price': 2000}, {'sku': 'SKU-0089', 'qty': 1, 'price': 18500}, {'sku': 'SKU-0179', 'qty': 2, 'price': 2500}, {'sku': 'SKU-0192', 'qty': 3, 'price': 6500}]",54500.0,NGN,1703386368.0,Kaduna,,,,,,,,,,,,,,,,,
ORD-000663,2023-04-08 22:16:04+00:00,user962@example.com,+2348084172174,CUST-00248,"[{'sku': 'SKU-0021', 'quantity': 1, 'unit_price': 25000}]",25000.0,NGN,PH,219 Wuse Rd,PH,NG,,,,,,,,,,,,,,,,,,,,,,,,,
ORD-000664,2023-02-06 21:01:59+00:00,user1098@example.com,+2348025793207,CUST-00714,"[{'sku': 'SKU-0151', 'quantity': 3, 'unit_price': 6500}, {'sku': 'SKU-0129', 'quantity': 2, 'unit_price': 18000}]",55500.0,NGN,Lagos,126 Garki Rd,Lagos,NG,,,,,,,,,,,,,,,,,,,,,,,,,
ORD-000665,2023-11-28 11:42:35+00:00,user996@mail.com,,CUST-00079,"[{'sku': 'SKU-0074', 'quantity': 3, 'unit_price': 3000}]",9000.0,NGN,Abuja,207 Garki Rd,Abuja,NG,,,,,,,,,,,,,,,,,,,,,,,,,
,,,,,,,,,,,,,,,"[{'sku': 'SKU-0087', 'qty': 3, 'price': 26000}, {'sku': 'SKU-0058', 'qty': 3, 'price': 5000}]",,,,,,,,,,ORD-000666,2023-04-28 09:25,93000.0,NGN,Abuja,,CUST-00119,,,243 GRA Rd,Abuja,NG
ORD-000667,2023-07-12 16:24:45+00:00,user1362@pulse.africa,+2348078063630,,"[{'sku': 'SKU-0005', 'quantity': 3, 'unit_price': 18500}, {'sku': 'SKU-0162', 'quantity': 3, 'unit_price': 6500}, {'sku': 'SKU-0107', 'quantity': 2, 'unit_price': 25000}, {'sku': 'SKU-0071', 'quantity': 2, 'unit_price': 2500}]",130000.0,NGN,Kano,233 Garki Rd,Kano,NG,,,,,,,,,,,,,,,,,,,,,,,,,
,,,,,,,,,,,,,,,"[{'sku': 'SKU-0170', 'qty': 1, 'price': 3500}, {'sku': 'SKU-0168', 'qty': 3, 'price': 3000}]",,,,,,,,,,ORD-000668,2023-02-03 13:05,12500.0,NGN,PH,"77 Garki Rd, PH",CUST-00673,user847@example.com,+2348041171838,,,
ORD-000669,2023-01-05 08:19:55+00:00,user622@mail.com,+2348042705658,,"[{'sku': 'SKU-0130', 'quantity': 1, 'unit_price': 4000}]",4000.0,NGN,Kano,206 Garki Rd,Kano,NG,,,,,,,,,,,,,,,,,,,,,,,,,
ORD-000670,2023-07-05 17:51:00+00:00,user140@shop.ng,+2348019742877,,"[{'sku': 'SKU-0025', 'quantity': 1, 'unit_price': 13000}, {'sku': 'SKU-0141', 'quantity': 3, 'unit_price': 4000}]",25000.0,NGN,Kaduna,64 Wuse Rd,Kaduna,NG,,,,,,,,,,,,,,,,,,,,,,,,,
ORD-000671,2023-12-31 03:08:42+00:00,user261@shop.ng,+2348078390278,CUST-00231,"[{'sku': 'SKU-0104', 'quantity': 1, 'unit_price': 26000}, {'sku': 'SKU-0010', 'quantity': 2, 'unit_price': 19000}, {'sku': 'SKU-0007', 'quantity': 1, 'unit_price': 7000}]",71000.0,NGN,Abuja,166 Garki Rd,Abuja,NG,,,,,,,,,,,,,,,,,,,,,,,,,
,,,,,,,,,,,,user299@example.com,+2348062783449,CUST-00722,"[{'sku': 'SKU-0110', 'qty': 3, 'price': 18000}]",54000.0,NGN,1682182383.0,Kaduna,,,,"167 Sabon Gari Rd, Kaduna",,,,,,,,,,,,,
ORD-000673,2023-12-24 00:44:48+00:00,user550@pulse.africa,+2348089783556,CUST-00065,"[{'sku': 'SKU-0130', 'quantity': 2, 'unit_price': 5000}, {'sku': 'SKU-0193', 'quantity': 3, 'unit_price': 6700}, {'sku': 'SKU-0120', 'quantity': 2, 'unit_price': 18000}, {'sku': 'SKU-0177', 'quantity': 2, 'unit_price': 2000}]",70100.0,NGN,Kano,,,,,,,,,,,,,,,,"81 Sabon Gari Rd, Kano",,,,,,,,,,,,
,,,,,,,,,,,,user1410@pulse.africa,+2348058517955,CUST-00143,"[{'sku': 'SKU-0049', 'qty': 2, 'price': 26000}, {'sku': 'SKU-0071', 'qty': 2, 'price': 2500}, {'sku': 'SKU-0171', 'qty': 3, 'price': 4200}]",69600.0,NGN,1678949041.0,Kano,142 Sabon Gari Rd,Kano,NG,,,,,,,,,,,,,,
,,,,,,,,,,,,user1164@shop.ng,+2348029641411,CUST-00735,"[{'sku': 'SKU-0163', 'qty': 1, 'price': 9200}, {'sku': 'SKU-0153', 'qty': 3, 'price': 9500}, {'sku': 'SKU-0046', 'qty': 3, 'price': 7500}]",60200.0,NGN,1678350062.0,Lagos,,,,"19 Sabon Gari Rd, Lagos",,,,,,,,,,,,,
,,,,,,,,,,,,user1047@shop.ng,+2348016844169,CUST-00598,"[{'sku': 'SKU-0048', 'qty': 2, 'price': 26000}]",52000.0,NGN,1685720808.0,Lagos,161 Wuse Rd,Lagos,NG,,,,,,,,,,,,,,
ORD-000677,2023-05-02 14:41:41+00:00,user550@mail.com,+2348066809516,,"[{'sku': 'SKU-0046', 'quantity': 1, 'unit_price': 7000}, {'sku': 'SKU-0194', 'quantity': 1, 'unit_price': 2500}]",9500.0,NGN,Lagos,,,,,,,,,,,,,,,,"229 GRA Rd, Lagos",,,,,,,,,,,,
,,,,,,,,,,,,,,,"[{'sku': 'SKU-0072', 'qty': 2, 'price': 9200}, {'sku': 'SKU-0059', 'qty': 1, 'price': 4500}, {'sku': 'SKU-0141', 'qty': 2, 'price': 4200}]",,,,,,,,,,ORD-000678,2023-05-12 02:42,31300.0,NGN,PH,,CUST-00325,user352@shop.ng,+2348092717934,,,
,,,,,,,,,,,,user7@mail.com,+2348068410653,CUST-00226,"[{'sku': 'SKU-0207', 'qty': 2, 'price': 9000}, {'sku': 'SKU-0024', 'qty': 1, 'price': 10000}, {'sku': 'SKU-0056', 'qty': 1, 'price': 26000}]",54000.0,NGN,1697376784.0,PH,154 Wuse Rd,PH,NG,,,,,,,,,,,,,,
,,,,,,,,,,,,,,,"[{'sku': 'SKU-0038', 'qty': 3, 'price': 7500}, {'sku': 'SKU-0217', 'qty': 3, 'price': 10000}, {'sku': 'SKU-0005', 'qty': 3, 'price': 18500}, {'sku': 'SKU-0052', 'qty': 3, 'price': 10000}]",,,,,,,,,,ORD-000680,2023-06-08 15:49,138000.0,NGN,Kaduna,"37 Alausa Rd, Kaduna",CUST-00351,user1023@shop.ng,+2348091410291,,,
,,,,,,,,,,,,user473@shop.ng,+2348073043814,,"[{'sku': 'SKU-0201', 'qty': 2, 'price': 6700}, {'sku': 'SKU-0055', 'qty': 2, 'price': 7000}]",27400.0,NGN,1695458220.0,Kaduna,176 GRA Rd,Kaduna,NG,,,,,,,,,,,,,,
ORD-000682,2023-10-04 22:17:27+00:00,user533@shop.ng,,,"[{'sku': 'SKU-0146', 'quantity': 2, 'unit_price': 3000}, {'sku': 'SKU-0097', 'quantity': 1, 'unit_price': 7500}, {'sku': 'SKU-0111', 'quantity': 3, 'unit_price': 19000}, {'sku': 'SKU-0108', 'quantity': 1, 'unit_price': 7500}]",78000.0,NGN,Lagos,,,,,,,,,,,,,,,,"150 GRA Rd, Lagos",,,,,,,,,,,,
,,,,,,,,,,,,,,,"[{'sku': 'SKU-0093', 'qty': 1, 'price': 25200}, {'sku': 'SKU-0023', 'qty': 3, 'price': 2700}, {'sku': 'SKU-0023', 'qty': 3, 'price': 2500}, {'sku': 'SKU-0064', 'qty': 1, 'price': 9500}]",,,,,,,,,,ORD-000683,2023-11-25 12:22,50300.0,NGN,Lagos,,,user571@mail.com,+2348051822022,,,
,,,,,,,,,,,,,,,"[{'sku': 'SKU-0167', 'qty': 3, 'price': 9200}, {'sku': 'SKU-0073', 'qty': 3, 'price': 5000}, {'sku': 'SKU-0108', 'qty': 1, 'price': 6700}, {'sku': 'SKU-0004', 'qty': 1, 'price': 2500}, {'sku': 'SKU-0017', 'qty': 1, 'price': 3000}]",,,,,,,,,,ORD-000684,2023-08-30 03:37,54800.0,NGN,Lagos,"48 Garki Rd, Lagos",,user948@pulse.africa,+2348030497544,,,
ORD-000685,2023-11-29 04:58:27+00:00,user753@pulse.africa,+2348071061571,,"[{'sku': 'SKU-0131', 'quantity': 1, 'unit_price': 1500}, {'sku': 'SKU-0100', 'quantity': 1, 'unit_price': 1700}, {'sku': 'SKU-0012', 'quantity': 2, 'unit_price': 9200}]",21600.0,NGN,Abuja,,,,,,,,,,,,,,,,,,,,,,,,,,,,
,,,,,,,,,,,,,,,"[{'sku': 'SKU-0017', 'qty': 2, 'price': 2700}]",,,,,,,,,,ORD-000686,2023-03-04 22:45,5400.0,NGN,PH,,CUST-00502,user809@shop.ng,+2348072628704,242 GRA Rd,PH,NG
,,,,,,,,,,,,,+2348061347982,CUST-00306,"[{'sku': 'SKU-0134', 'qty': 2, 'price': 25200}, {'sku': 'SKU-0128', 'qty': 2, 'price': 25200}, {'sku': 'SKU-0206', 'qty': 1, 'price': 25200}]",126000.0,NGN,1691907940.0,Kaduna,,,,"96 Alausa Rd, Kaduna",,,,,,,,,,,,,
,,,,,,,,,,,,,,,"[{'sku': 'SKU-0115', 'qty': 3, 'price': 18200}, {'sku': 'SKU-0166', 'qty': 2, 'price': 2500}]",,,,,,,,,,ORD-000688,2023-03-25 17:15,59600.0,NGN,Kaduna,,,user900@pulse.africa,+2348072592309,96 Garki Rd,Kaduna,NG
ORD-000689,2023-01-20 22:34:54+00:00,user160@pulse.africa,+2348078794840,CUST-00670,"[{'sku': 'SKU-0163', 'quantity': 1, 'unit_price': 9500}, {'sku': 'SKU-0095', 'quantity': 1, 'unit_price': 3000}]",12500.0,NGN,Abuja,11 Wuse Rd,Abuja,NG,,,,,,,,,,,,,,,,,,,,,,,,,
ORD-000690,2023-03-17 03:21:28+00:00,user584@pulse.africa,,CUST-00356,"[{'sku': 'SKU-0042', 'quantity': 1, 'unit_price': 12000}, {'sku': 'SKU-0037', 'quantity': 3, 'unit_price': 4500}, {'sku': 'SKU-0015', 'quantity': 1, 'unit_price': 9200}, {'sku': 'SKU-0161', 'quantity': 3, 'unit_price': 12500}, {'sku': 'SKU-0006', 'quantity': 2, 'unit_price': 2500}]",77200.0,NGN,Kano,,,,,,,,,,,,,,,,"32 Wuse Rd, Kano",,,,,,,,,,,,
ORD-000691,2023-10-24 13:38:14+00:00,user1463@shop.ng,+2348095255730,CUST-00387,"[{'sku': 'SKU-0170', 'quantity': 3, 'unit_price': 2500}]",8.44,USD,PH,,,,,,,,,,,,,,,,"37 Garki Rd, PH",,,,,,,,,,,,
ORD-000692,2023-04-18 02:16:04+00:00,user311@shop.ng,+2348044245368,,"[{'sku': 'SKU-0010', 'quantity': 1, 'unit_price': 18500}, {'sku': 'SKU-0003', 'quantity': 1, 'unit_price': 2700}]",21200.0,NGN,Kaduna,54 Alausa Rd,Kaduna,NG,,,,,,,,,,,,,,,,,,,,,,,,,
,,,,,,,,,,,,,,,"[{'sku': 'SKU-0186', 'qty': 2, 'price': 4000}, {'sku': 'SKU-0056', 'qty': 2, 'price': 25200}, {'sku': 'SKU-0172', 'qty': 2, 'price': 9000}]",,,,,,,,,,ORD-000693,2023-11-30 12:58,76400.0,NGN,Lagos,,CUST-00351,user763@shop.ng,+2348044639362,141 Sabon Gari Rd,Lagos,NG
ORD-000694,2023-07-24 13:17:06+00:00,user528@example.com,+2348084492729,,"[{'sku': 'SKU-0133', 'quantity': 3, 'unit_price': 9500}, {'sku': 'SKU-0206', 'quantity': 3, 'unit_price': 25200}, {'sku': 'SKU-0057', 'quantity': 1, 'unit_price': 2500}, {'sku': 'SKU-0123', 'quantity': 2, 'unit_price': 25500}, {'sku': 'SKU-0130', 'quantity': 2, 'unit_price': 5000}]",175.87,USD,Abuja,,,,,,,,,,,,,,,,"201 Garki Rd, Abuja",,,,,,,,,,,,
,,,,,,,,,,,,,,,"[{'sku': 'SKU-0178', 'qty': 3, 'price': 18500}]",,,,,,,,,,ORD-000695,2023-06-30 08:01,55500.0,NGN,Abuja,"238 Alausa Rd, Abuja",CUST-00581,user167@mail.com,,,,
,,,,,,,,,,,,,,,"[{'sku': 'SKU-0039', 'qty': 2, 'price': 26000}, {'sku': 'SKU-0007', 'qty': 2, 'price': 7000}, {'sku': 'SKU-0030', 'qty': 2, 'price': 2700}, {'sku': 'SKU-0124', 'qty': 2, 'price': 3500}]",,,,,,,,,,ORD-000696,2023-06-19 04:18,78400.0,NGN,Kaduna,"97 Alausa Rd, Kaduna",CUST-00241,user1251@mail.com,+2348090259807,,,
,,,,,,,,,,,,,,,"[{'sku': 'SKU-0138', 'qty': 2, 'price': 13000}, {'sku': 'SKU-0023', 'qty': 3, 'price': 2700}]",,,,,,,,,,ORD-000697,2023-11-06 05:04,40.12,USD,Lagos,,CUST-00034,user752@pulse.africa,+2348021746761,,,
ORD-000698,2023-02-08 19:48:00+00:00,,+2348044894223,,"[{'sku': 'SKU-0021', 'quantity': 1, 'unit_price': 25000}, {'sku': 'SKU-0210', 'quantity': 1, 'unit_price': 12200}, {'sku': 'SKU-0100', 'quantity': 2, 'unit_price': 1500}, {'sku': 'SKU-0068', 'quantity': 3, 'unit_price': 12500}, {'sku': 'SKU-0157', 'quantity': 3, 'unit_price': 1500}]",82200.0,NGN,Lagos,,,,,,,,,,,,,,,,,,,,,,,,,,,,
,,,,,,,,,,,,user482@pulse.africa,+2348038259178,CUST-00429,"[{'sku': 'SKU-0057', 'qty': 3, 'price': 2000}, {'sku': 'SKU-0008', 'qty': 2, 'price': 2000}, {'sku': 'SKU-0170', 'qty': 1, 'price': 3500}, {'sku': 'SKU-0207', 'qty': 2, 'price': 9500}, {'sku': 'SKU-0130', 'qty': 2, 'price': 4500}]",41500.0,NGN,1675756458.0,Kaduna,,,,"39 Garki Rd, Kaduna",,,,,,,,,,,,,
,,,,,,,,,,,,,,,"[{'sku': 'SKU-0032', 'qty': 1, 'price': 12000}, {'sku': 'SKU-0072', 'qty': 2, 'price': 9500}, {'sku': 'SKU-0148', 'qty': 1, 'price': 2500}, {'sku': 'SKU-0111', 'qty': 2, 'price': 18000}]",,,,,,,,,,ORD-000700,2023-02-27 08:28,74.97,USD,Lagos,,CUST-00215,user1344@example.com,+2348062451520,,,
,,,,,,,,,,,,,,,"[{'sku': 'SKU-0047', 'qty': 2, 'price': 13000}, {'sku': 'SKU-0168', 'qty': 2, 'price': 3000}, {'sku': 'SKU-0115', 'qty': 1, 'price': 18500}, {'sku': 'SKU-0190', 'qty': 3, 'price': 10000}]",,,,,,,,,,ORD-000701,2023-11-23 15:49,80500.0,NGN,Kano,,CUST-00770,user1434@mail.com,,245 Sabon Gari Rd,Kano,NG
ORD-000702,2023-12-07 00:26:48+00:00,,,CUST-00428,"[{'sku': 'SKU-0010', 'quantity': 1, 'unit_price': 18200}, {'sku': 'SKU-0131', 'quantity': 3, 'unit_price': 2500}]",28.52,USD,Kano,,,,,,,,,,,,,,,,"88 GRA Rd, Kano",,,,,,,,,,,,
,,,,,,,,,,,,,,,"[{'sku': 'SKU-0051', 'qty': 1, 'price': 6700}, {'sku': 'SKU-0085', 'qty': 3, 'price': 25500}, {'sku': 'SKU-0135', 'qty': 2, 'price': 6700}, {'sku': 'SKU-0111', 'qty': 3, 'price': 18000}, {'sku': 'SKU-0116', 'qty': 3, 'price': 12500}]",,,,,,,,,,ORD-000703,2023-02-10 14:55,188100.0,NGN,Kaduna,"225 Wuse Rd, Kaduna",CUST-00046,user37@shop.ng,+2348018428667,,,
,,,,,,,,,,,,user1087@mail.com,,CUST-00405,"[{'sku': 'SKU-0213', 'qty': 3, 'price': 18200}, {'sku': 'SKU-0115', 'qty': 2, 'price': 18500}, {'sku': 'SKU-0166', 'qty': 1, 'price': 1700}]",93300.0,NGN,1691720900.0,Abuja,116 Garki Rd,Abuja,NG,,,,,,,,,,,,,,
,,,,,,,,,,,,,,,"[{'sku': 'SKU-0208', 'qty': 3, 'price': 7500}, {'sku': 'SKU-0004', 'qty': 3, 'price': 3000}, {'sku': 'SKU-0196', 'qty': 3, 'price': 4000}, {'sku': 'SKU-0127', 'qty': 3, 'price': 18200}, {'sku': 'SKU-0136', 'qty': 3, 'price': 7000}]",,,,,,,,,,ORD-000705,2023-11-08 14:49,119100.0,NGN,Kano,,CUST-00399,user673@mail.com,+2348036878050,,,
ORD-000706,2023-09-09 05:00:48+00:00,user200@pulse.africa,+2348082788896,CUST-00747,"[{'sku': 'SKU-0005', 'quantity': 1, 'unit_price': 18200}, {'sku': 'SKU-0191', 'quantity': 3, 'unit_price': 2000}, {'sku': 'SKU-0043', 'quantity': 3, 'unit_price': 7000}, {'sku': 'SKU-0171', 'quantity': 2, 'unit_price': 5000}]",55200.0,NGN,Abuja,164 Alausa Rd,Abuja,NG,,,,,,,,,,,,,,,,,,,,,,,,,
,,,,,,,,,,,,,,,"[{'sku': 'SKU-0061', 'qty': 1, 'price': 3000}]",,,,,,,,,,ORD-000707,2023-12-06 03:00,3.41,USD,Lagos,,CUST-00346,user1095@shop.ng,+2348074591190,72 Alausa Rd,Lagos,NG
,,,,,,,,,,,,,,,"[{'sku': 'SKU-0206', 'qty': 1, 'price': 25500}, {'sku': 'SKU-0185', 'qty': 1, 'price': 2500}, {'sku': 'SKU-0016', 'qty': 1, 'price': 6700}, {'sku': 'SKU-0087', 'qty': 1, 'price': 25200}]",,,,,,,,,,ORD-000708,2023-05-18 04:26,59900.0,NGN,Abuja,,CUST-00647,user697@shop.ng,+2348068035954,,,
ORD-000709,2023-03-24 11:20:18+00:00,user938@shop.ng,+2348059509001,CUST-00800,"[{'sku': 'SKU-0158', 'quantity': 3, 'unit_price': 3500}, {'sku': 'SKU-0198', 'quantity': 3, 'unit_price': 18000}]",71.04,USD,Abuja,,,,,,,,,,,,,,,,,,,,,,,,,,,,
ORD-000710,2023-03-15 01:02:15+00:00,user1487@pulse.africa,,CUST-00567,"[{'sku': 'SKU-0090', 'quantity': 1, 'unit_price': 7000}, {'sku': 'SKU-0166', 'quantity': 2, 'unit_price': 2500}, {'sku': 'SKU-0191', 'quantity': 1, 'unit_price': 2000}, {'sku': 'SKU-0118', 'quantity': 1, 'unit_price': 6700}, {'sku': 'SKU-0215', 'quantity': 1, 'unit_price': 2500}]",23200.0,NGN,Lagos,202 Sabon Gari Rd,Lagos,NG,,,,,,,,,,,,,,,,,,,,,,,,,
,,,,,,,,,,,,user1088@pulse.africa,,CUST-00422,"[{'sku': 'SKU-0009', 'qty': 1, 'price': 6500}, {'sku': 'SKU-0076', 'qty': 3, 'price': 6700}, {'sku': 'SKU-0178', 'qty': 2, 'price': 19000}]",70.14,USD,1700118465.0,Kaduna,,,,"77 Wuse Rd, Kaduna",,,,,,,,,,,,,
ORD-000712,2023-03-13 18:14:18+00:00,user435@example.com,+2348047113201,CUST-00127,"[{'sku': 'SKU-0134', 'quantity': 3, 'unit_price': 25000}, {'sku': 'SKU-0092', 'quantity': 1, 'unit_price': 12000}]",93.05,USD,Lagos,,,,,,,,,,,,,,,,"195 GRA Rd, Lagos",,,,,,,,,,,,
,,,,,,,,,,,,,,,"[{'sku': 'SKU-0176', 'qty': 3, 'price': 25500}, {'sku': 'SKU-0141', 'qty': 3, 'price': 4500}, {'sku': 'SKU-0025', 'qty': 2, 'price': 12000}, {'sku': 'SKU-0079', 'qty': 2, 'price': 12000}, {'sku': 'SKU-0168', 'qty': 2, 'price': 3000}]",,,,,,,,,,ORD-000713,2023-11-12 04:26,144000.0,NGN,PH,,,,+2348010538139,,,
ORD-000714,2023-11-11 09:05:32+00:00,user1451@mail.com,,,"[{'sku': 'SKU-0138', 'quantity': 1, 'unit_price': 12500}, {'sku': 'SKU-0040', 'quantity': 3, 'unit_price': 9200}, {'sku': 'SKU-0020', 'quantity': 2, 'unit_price': 9200}, {'sku': 'SKU-0047', 'quantity': 3, 'unit_price': 12000}]",94500.0,NGN,Kano,222 GRA Rd,Kano,NG,,,,,,,,,,,,,,,,,,,,,,,,,
ORD-000715,2023-01-03 01:16:25+00:00,user279@shop.ng,+2348065236368,CUST-00541,"[{'sku': 'SKU-0147', 'quantity': 3, 'unit_price': 6700}, {'sku': 'SKU-0126', 'quantity': 3, 'unit_price': 6700}, {'sku': 'SKU-0015', 'quantity': 2, 'unit_price': 9200}]",58600.0,NGN,PH,74 Sabon Gari Rd,PH,NG,,,,,,,,,,,,,,,,,,,,,,,,,
,,,,,,,,,,,,,,,"[{'sku': 'SKU-0165', 'qty': 3, 'price': 10000}, {'sku': 'SKU-0000', 'qty': 1, 'price': 3500}, {'sku': 'SKU-0151', 'qty': 1, 'price': 7000}]",,,,,,,,,,ORD-000716,2023-10-02 12:49,40500.0,NGN,Kaduna,,CUST-00657,user1375@mail.com,,,,
,,,,,,,,,,,,user1484@example.com,+2348053635741,CUST-00458,"[{'productSku': 'SKU-0034', 'qty': 1, 'price': 7000}, {'productSku': 'SKU-0028', 'qty': 3, 'price': 6500}, {'productSku': 'SKU-0166', 'qty': 1, 'price': 1500}, {'productSku': 'SKU-0212', 'qty': 3, 'price': 12000}]",64000.0,NGN,1674093635.0,Lagos,97 GRA Rd,Lagos,NG,,,,,,,,,,,,,,
,,,,,,,,,,,,,,,"[{'sku': 'SKU-0099', 'qty': 2, 'price': 2700}, {'sku': 'SKU-0170', 'qty': 3, 'price': 2700}]",,,,,,,,,,ORD-000718,2023-11-30 02:52,13500.0,NGN,Abuja,"16 Alausa Rd, Abuja",CUST-00448,,,,,
,,,,,,,,,,,,user412@pulse.africa,+2348062424760,CUST-00660,"[{'sku': 'SKU-0028', 'qty': 2, 'price': 6700}, {'sku': 'SKU-0072', 'qty': 2, 'price': 9200}, {'sku': 'SKU-0109', 'qty': 1, 'price': 3500}, {'sku': 'SKU-0201', 'qty': 3, 'price': 6500}]",54800.0,NGN,1682230877.0,Abuja,,,,"123 Garki Rd, Abuja",,,,,,,,,,,,,
,,,,,,,,,,,,,,,"[{'sku': 'SKU-0056', 'qty': 3, 'price': 25200}, {'sku': 'SKU-0028', 'qty': 2, 'price': 7000}, {'sku': 'SKU-0133', 'qty': 2, 'price': 9000}, {'sku': 'SKU-0069', 'qty': 3, 'price': 9500}]",,,,,,,,,,ORD-000720,2023-09-08 13:53,136100.0,NGN,Kaduna,,,user220@mail.com,+2348043836123,194 GRA Rd,Kaduna,NG
,,,,,,,,,,,,user3@shop.ng,+2348024558091,CUST-00430,"[{'sku': 'SKU-0160', 'qty': 2, 'price': 9000}, {'sku': 'SKU-0038', 'qty': 1, 'price': 7000}]",25000.0,NGN,1699341011.0,PH,185 Wuse Rd,PH,NG,,,,,,,,,,,,,,
,,,,,,,,,,,,user34@example.com,,CUST-00442,"[{'productSku': 'SKU-0144', 'qty': 3, 'price': 3000}, {'productSku': 'SKU-0024', 'qty': 2, 'price': 10000}, {'productSku': 'SKU-0159', 'qty': 1, 'price': 6700}, {'productSku': 'SKU-0083', 'qty': 1, 'price': 7000}, {'productSku': 'SKU-0091', 'qty': 2, 'price': 9200}]",61100.0,NGN,1679224192.0,Kaduna,60 Wuse Rd,Kaduna,NG,,,,,,,,,,,,,,
ORD-000723,2023-07-27 18:22:53+00:00,user760@example.com,,,"[{'sku': 'SKU-0174', 'quantity': 3, 'unit_price': 13000}]",39000.0,NGN,Lagos,,,,,,,,,,,,,,,,,,,,,,,,,,,,
,,,,,,,,,,,,,,,"[{'sku': 'SKU-0053', 'qty': 1, 'price': 18500}, {'sku': 'SKU-0060', 'qty': 3, 'price': 18000}, {'sku': 'SKU-0023', 'qty': 2, 'price': 2700}, {'sku': 'SKU-0011', 'qty': 2, 'price': 25500}]",,,,,,,,,,ORD-000724,2023-04-19 21:37,128900.0,NGN,PH,,CUST-00713,user1003@mail.com,+2348054391723,,,
,,,,,,,,,,,,,,,"[{'sku': 'SKU-0000', 'qty': 2, 'price': 3000}, {'sku': 'SKU-0091', 'qty': 2, 'price': 9200}, {'sku': 'SKU-0006', 'qty': 3, 'price': 1500}]",,,,,,,,,,ORD-000725,2023-12-26 03:51,33.8,USD,PH,,CUST-00198,user322@mail.com,+2348034077528,,,
,,,,,,,,,,,,,,,"[{'sku': 'SKU-0169', 'qty': 2, 'price': 9200}]",,,,,,,,,,ORD-000726,2023-04-25 13:35,18400.0,NGN,Kaduna,,,user1483@mail.com,+2348050210777,111 Garki Rd,Kaduna,NG
,,,,,,,,,,,,,,,"[{'sku': 'SKU-0043', 'qty': 2, 'price': 6500}]",,,,,,,,,,ORD-000727,2023-07-03 23:29,13000.0,NGN,Kaduna,,CUST-00431,,+2348038425325,,,
ORD-000728,2023-03-31 00:49:52+00:00,user1242@mail.com,+2348012688078,CUST-00286,"[{'sku': 'SKU-0182', 'quantity': 3, 'unit_price': 25500}, {'sku': 'SKU-0115', 'quantity': 1, 'unit_price': 18200}, {'sku': 'SKU-0114', 'quantity': 2, 'unit_price': 2700}]",100100.0,NGN,Abuja,,,,,,,,,,,,,,,,,,,,,,,,,,,,
,,,,,,,,,,,,user104@example.com,+2348084125405,,"[{'sku': 'SKU-0029', 'qty': 3, 'price': 2700}, {'sku': 'SKU-0013', 'qty': 1, 'price': 4000}, {'sku': 'SKU-0143', 'qty': 2, 'price': 3500}, {'sku': 'SKU-0166', 'qty': 3, 'price': 1700}, {'sku': 'SKU-0013', 'qty': 3, 'price': 4200}]",36800.0,NGN,1688129594.0,Lagos,,,,,,,,,,,,,,,,,
ORD-000730,2023-05-09 23:10:16+00:00,user1061@mail.com,+2348019587874,CUST-00716,"[{'sku': 'SKU-0211', 'quantity': 1, 'unit_price': 2500}, {'sku': 'SKU-0109', 'quantity': 2, 'unit_price': 2700}]",7900.0,NGN,PH,,,,,,,,,,,,,,,,"163 GRA Rd, PH",,,,,,,,,,,,
ORD-000731,2023-06-28 23:53:31+00:00,user1305@example.com,,,"[{'sku': 'SKU-0216', 'quantity': 2, 'unit_price': 4000}, {'sku': 'SKU-0008', 'quantity': 1, 'unit_price': 1500}, {'sku': 'SKU-0198', 'quantity': 3, 'unit_price': 18000}]",74.1,USD,Abuja,,,,,,,,,,,,,,,,,,,,,,,,,,,,
,,,,,,,,,,,,,,,"[{'sku': 'SKU-0014', 'qty': 3, 'price': 18000}, {'sku': 'SKU-0184', 'qty': 1, 'price': 2000}, {'sku': 'SKU-0080', 'qty': 2, 'price': 1500}]",,,,,,,,,,ORD-000732,2023-06-20 11:34,59000.0,NGN,PH,,CUST-00297,user535@mail.com,,154 GRA Rd,PH,NG
ORD-000733,2023-07-10 17:44:56+00:00,user83@shop.ng,+2348015925231,CUST-00322,"[{'sku': 'SKU-0038', 'quantity': 1, 'unit_price': 7000}]",7000.0,NGN,PH,1 Sabon Gari Rd,PH,NG,,,,,,,,,,,,,,,,,,,,,,,,,
ORD-000734,2023-05-15 02:54:55+00:00,user846@mail.com,+2348078676872,CUST-00577,"[{'sku': 'SKU-0092', 'quantity': 3, 'unit_price': 12500}]",37500.0,NGN,Kano,,,,,,,,,,,,,,,,"83 Sabon Gari Rd, Kano",,,,,,,,,,,,
ORD-000735,2023-05-01 10:35:14+00:00,user1304@mail.com,,CUST-00018,"[{'sku': 'SKU-0096', 'quantity': 3, 'unit_price': 1500}, {'sku': 'SKU-0141', 'quantity': 3, 'unit_price': 4000}, {'sku': 'SKU-0160', 'quantity': 2, 'unit_price': 9000}, {'sku': 'SKU-0104', 'quantity': 1, 'unit_price': 25200}, {'sku': 'SKU-0105', 'quantity': 3, 'unit_price': 5000}]",74700.0,NGN,Abuja,,,,,,,,,,,,,,,,,,,,,,,,,,,,
,,,,,,,,,,,,,,,"[{'sku': 'SKU-0213', 'qty': 3, 'price': 18000}, {'sku': 'SKU-0142', 'qty': 3, 'price': 2500}, {'sku': 'SKU-0066', 'qty': 3, 'price': 3000}]",,,,,,,,,,ORD-000736,2023-12-03 00:43,78.77,USD,Kaduna,"17 Wuse Rd, Kaduna",CUST-00486,user510@mail.com,+2348035190520,,,
,,,,,,,,,,,,,,,"[{'sku': 'SKU-0178', 'qty': 2, 'price': 18500}, {'sku': 'SKU-0185', 'qty': 1, 'price': 3000}]",,,,,,,,,,ORD-000737,2023-09-19 08:48,40000.0,NGN,Lagos,"27 Sabon Gari Rd, Lagos",,user860@mail.com,+2348080910050,,,
ORD-000738,2023-02-01 21:51:49+00:00,user766@pulse.africa,+2348015679986,,"[{'sku': 'SKU-0210', 'quantity': 2, 'unit_price': 12500}]",26.34,USD,Kaduna,,,,,,,,,,,,,,,,,,,,,,,,,,,,
,,,,,,,,,,,,user1051@example.com,+2348024625059,CUST-00287,"[{'sku': 'SKU-0139', 'qty': 3, 'price': 1700}, {'sku': 'SKU-0075', 'qty': 1, 'price': 9000}, {'sku': 'SKU-0171', 'qty': 1, 'price': 5000}]",19100.0,NGN,1695205637.0,Kano,,,,"143 GRA Rd, Kano",,,,,,,,,,,,,
ORD-000740,2023-05-09 18:16:53+00:00,user728@mail.com,+2348044590202,,"[{'sku': 'SKU-0156', 'quantity': 3, 'unit_price': 12000}, {'sku': 'SKU-0172', 'quantity': 3, 'unit_price': 9500}, {'sku': 'SKU-0009', 'quantity': 2, 'unit_price': 6500}, {'sku': 'SKU-0218', 'quantity': 2, 'unit_price': 2700}]",82900.0,NGN,Abuja,227 Alausa Rd,Abuja,NG,,,,,,,,,,,,,,,,,,,,,,,,,
,,,,,,,,,,,,,,,"[{'sku': 'SKU-0023', 'qty': 1, 'price': 3500}]",,,,,,,,,,ORD-000741,2023-11-10 07:02,3500.0,NGN,Abuja,,CUST-00127,user1243@mail.com,+2348022270008,51 Wuse Rd,Abuja,NG
ORD-000742,2023-09-08 02:46:41+00:00,user196@shop.ng,+2348064653122,CUST-00336,"[{'sku': 'SKU-0010', 'quantity': 2, 'unit_price': 18000}, {'sku': 'SKU-0185', 'quantity': 1, 'unit_price': 2500}]",39.33,USD,Kano,185 GRA Rd,Kano,NG,,,,,,,,,,,,,,,,,,,,,,,,,
,,,,,,,,,,,,,,,"[{'sku': 'SKU-0210', 'qty': 1, 'price': 12000}, {'sku': 'SKU-0150', 'qty': 1, 'price': 12500}]",,,,,,,,,,ORD-000743,2023-12-20 23:53,24500.0,NGN,Abuja,"164 Wuse Rd, Abuja",,user1224@example.com,+2348060639157,,,
ORD-000744,2023-11-16 15:17:50+00:00,user275@example.com,,CUST-00625,"[{'sku': 'SKU-0185', 'quantity': 2, 'unit_price': 2500}]",5.53,USD,PH,207 Alausa Rd,PH,NG,,,,,,,,,,,,,,,,,,,,,,,,,
,,,,,,,,,,,,user399@mail.com,+2348031163196,CUST-00775,"[{'sku': 'SKU-0027', 'qty': 3, 'price': 3000}, {'sku': 'SKU-0057', 'qty': 1, 'price': 2500}, {'sku': 'SKU-0135', 'qty': 2, 'price': 7000}]",25500.0,NGN,1698430772.0,PH,156 GRA Rd,PH,NG,,,,,,,,,,,,,,
ORD-000746,2023-04-17 19:22:08+00:00,,+2348041896662,CUST-00646,"[{'sku': 'SKU-0107', 'quantity': 1, 'unit_price': 25000}, {'sku': 'SKU-0065', 'quantity': 1, 'unit_price': 2000}, {'sku': 'SKU-0033', 'quantity': 3, 'unit_price': 13000}]",76.74,USD,Kano,,,,,,,,,,,,,,,,"102 Wuse Rd, Kano",,,,,,,,,,,,
,,,,,,,,,,,,user114@mail.com,+2348063395880,CUST-00044,"[{'sku': 'SKU-0029', 'qty': 3, 'price': 2700}]",8100.0,NGN,1674086729.0,PH,23 Alausa Rd,PH,NG,,,,,,,,,,,,,,
,,,,,,,,,,,,,,,"[{'sku': 'SKU-0044', 'qty': 1, 'price': 12500}]",,,,,,,,,,ORD-000748,2023-05-05 10:08,13.28,USD,Abuja,"217 Wuse Rd, Abuja",,user1127@mail.com,+2348024599356,,,
,,,,,,,,,,,,user1083@mail.com,+2348038448890,CUST-00684,"[{'productSku': 'SKU-0053', 'qty': 3, 'price': 18500}, {'productSku': 'SKU-0074', 'qty': 3, 'price': 2500}, {'productSku': 'SKU-0029', 'qty': 1, 'price': 3000}, {'productSku': 'SKU-0141', 'qty': 1, 'price': 5000}, {'productSku': 'SKU-0199', 'qty': 1, 'price': 4500}]",75500.0,NGN,1694145318.0,Abuja,,,,"96 GRA Rd, Abuja",,,,,,,,,,,,,
,,,,,,,,,,,,user33@shop.ng,+2348088235393,CUST-00293,"[{'productSku': 'SKU-0155', 'qty': 1, 'price': 9500}]",10.97,USD,1684965225.0,Kaduna,104 GRA Rd,Kaduna,NG,,,,,,,,,,,,,,
,,,,,,,,,,,,,+2348051552908,CUST-00302,"[{'productSku': 'SKU-0206', 'qty': 2, 'price': 25500}, {'productSku': 'SKU-0212', 'qty': 3, 'price': 13000}, {'productSku': 'SKU-0022', 'qty': 3, 'price': 3000}, {'productSku': 'SKU-0037', 'qty': 3, 'price': 4500}, {'productSku': 'SKU-0148', 'qty': 2, 'price': 1700}]",115900.0,NGN,1686648821.0,PH,203 Garki Rd,PH,NG,,,,,,,,,,,,,,
,,,,,,,,,,,,,,,"[{'sku': 'SKU-0199', 'qty': 1, 'price': 5000}, {'sku': 'SKU-0103', 'qty': 3, 'price': 6500}, {'sku': 'SKU-0104', 'qty': 3, 'price': 25000}]",,,,,,,,,,ORD-000752,2023-03-13 19:54,102.47,USD,Abuja,,,user937@shop.ng,+2348014096369,45 Garki Rd,Abuja,NG
,,,,,,,,,,,,user302@shop.ng,+2348058146877,CUST-00563,"[{'productSku': 'SKU-0056', 'qty': 2, 'price': 25500}, {'productSku': 'SKU-0166', 'qty': 1, 'price': 1700}, {'productSku': 'SKU-0168', 'qty': 3, 'price': 2500}, {'productSku': 'SKU-0214', 'qty': 2, 'price': 12000}, {'productSku': 'SKU-0088', 'qty': 2, 'price': 4000}]",95.94,USD,1680185313.0,PH,,,,"38 Wuse Rd, PH",,,,,,,,,,,,,
,,,,,,,,,,,,user247@pulse.africa,+2348045842449,CUST-00322,"[{'sku': 'SKU-0088', 'qty': 2, 'price': 4000}, {'sku': 'SKU-0212', 'qty': 1, 'price': 12000}, {'sku': 'SKU-0143', 'qty': 2, 'price': 3500}, {'sku': 'SKU-0025', 'qty': 3, 'price': 12200}]",63600.0,NGN,1685363551.0,PH,,,,"39 Garki Rd, PH",,,,,,,,,,,,,
,,,,,,,,,,,,user1053@shop.ng,+2348062249121,,"[{'sku': 'SKU-0213', 'qty': 1, 'price': 19000}]",19000.0,NGN,1681654698.0,Lagos,,,,,,,,,,,,,,,,,
ORD-000756,2023-07-15 16:40:55+00:00,,,CUST-00027,"[{'sku': 'SKU-0020', 'quantity': 3, 'unit_price': 9200}]",27600.0,NGN,Abuja,,,,,,,,,,,,,,,,"157 Sabon Gari Rd, Abuja",,,,,,,,,,,,
,,,,,,,,,,,,user1306@pulse.africa,+2348076473852,,"[{'sku': 'SKU-0013', 'qty': 2, 'price': 5000}, {'sku': 'SKU-0198', 'qty': 1, 'price': 18200}, {'sku': 'SKU-0149', 'qty': 2, 'price': 3500}]",35200.0,NGN,1692883093.0,Lagos,,,,"154 Sabon Gari Rd, Lagos",,,,,,,,,,,,,
ORD-000758,2023-12-10 20:51:25+00:00,user1233@example.com,+2348045372528,CUST-00579,"[{'sku': 'SKU-0195', 'quantity': 2, 'unit_price': 18200}, {'sku': 'SKU-0152', 'quantity': 1, 'unit_price': 12500}, {'sku': 'SKU-0004', 'quantity': 3, 'unit_price': 2500}, {'sku': 'SKU-0190', 'quantity': 2, 'unit_price': 10000}]",88.63,USD,Abuja,,,,,,,,,,,,,,,,,,,,,,,,,,,,
,,,,,,,,,,,,user644@pulse.africa,+2348032984583,,"[{'sku': 'SKU-0049', 'qty': 1, 'price': 25200}]",25200.0,NGN,1690433698.0,Kano,,,,"235 Wuse Rd, Kano",,,,,,,,,,,,,
,,,,,,,,,,,,,,,"[{'sku': 'SKU-0217', 'qty': 1, 'price': 9000}, {'sku': 'SKU-0020', 'qty': 3, 'price': 9200}]",,,,,,,,,,ORD-000760,2023-06-30 07:10,36600.0,NGN,Lagos,"147 Sabon Gari Rd, Lagos",,user488@pulse.africa,,,,
,,,,,,,,,,,,,,,"[{'sku': 'SKU-0170', 'qty': 3, 'price': 3000}]",,,,,,,,,,ORD-000761,2023-03-26 18:16,9000.0,NGN,Kaduna,,CUST-00744,user1186@pulse.africa,,76 GRA Rd,Kaduna,NG
,,,,,,,,,,,,,,,"[{'sku': 'SKU-0013', 'qty': 1, 'price': 5000}, {'sku': 'SKU-0052', 'qty': 3, 'price': 9500}, {'sku': 'SKU-0212', 'qty': 1, 'price': 13000}]",,,,,,,,,,ORD-000762,2023-06-17 10:42,46500.0,NGN,Kano,,,user949@shop.ng,+2348032859720,20 Alausa Rd,Kano,NG
,,,,,,,,,,,,user1105@mail.com,+2348079162437,CUST-00238,"[{'productSku': 'SKU-0137', 'qty': 1, 'price': 1500}, {'productSku': 'SKU-0160', 'qty': 1, 'price': 9500}, {'productSku': 'SKU-0132', 'qty': 2, 'price': 9200}, {'productSku': 'SKU-0146', 'qty': 3, 'price': 3000}, {'productSku': 'SKU-0188', 'qty': 2, 'price': 5000}]",48400.0,NGN,1675627218.0,Kaduna,,,,,,,,,,,,,,,,,
,,,,,,,,,,,,,,,"[{'sku': 'SKU-0192', 'qty': 2, 'price': 6500}, {'sku': 'SKU-0126', 'qty': 3, 'price': 7500}, {'sku': 'SKU-0103', 'qty': 3, 'price': 6500}, {'sku': 'SKU-0116', 'qty': 2, 'price': 12000}, {'sku': 'SKU-0103', 'qty': 2, 'price': 6700}]",,,,,,,,,,ORD-000764,2023-05-12 10:46,104.17,USD,Abuja,,CUST-00016,user5@shop.ng,+2348021321601,44 Garki Rd,Abuja,NG
ORD-000765,2023-05-08 08:09:42+00:00,user1407@pulse.africa,+2348030178362,CUST-00459,"[{'sku': 'SKU-0100', 'quantity': 3, 'unit_price': 2000}]",6000.0,NGN,Abuja,134 Garki Rd,Abuja,NG,,,,,,,,,,,,,,,,,,,,,,,,,
,,,,,,,,,,,,user1357@shop.ng,+2348090292116,CUST-00709,"[{'productSku': 'SKU-0101', 'qty': 2, 'price': 2500}, {'productSku': 'SKU-0142', 'qty': 3, 'price': 3000}, {'productSku': 'SKU-0060', 'qty': 2, 'price': 18500}, {'productSku': 'SKU-0200', 'qty': 3, 'price': 12000}, {'productSku': 'SKU-0040', 'qty': 1, 'price': 9000}]",111.89,USD,1677186679.0,Kano,65 GRA Rd,Kano,NG,,,,,,,,,,,,,,
ORD-000767,2023-12-09 17:24:49+00:00,,+2348041578870,CUST-00452,"[{'sku': 'SKU-0216', 'quantity': 3, 'unit_price': 4000}, {'sku': 'SKU-0165', 'quantity': 1, 'unit_price': 9500}, {'sku': 'SKU-0088', 'quantity': 2, 'unit_price': 5000}]",36.67,USD,PH,103 Wuse Rd,PH,NG,,,,,,,,,,,,,,,,,,,,,,,,,
,,,,,,,,,,,,,,,"[{'sku': 'SKU-0157', 'qty': 2, 'price': 2000}]",,,,,,,,,,ORD-000768,2023-07-29 10:21,4000.0,NGN,Abuja,"139 Garki Rd, Abuja",,user1474@shop.ng,+2348081430313,,,
,,,,,,,,,,,,user1398@mail.com,+2348046148486,,"[{'productSku': 'SKU-0127', 'qty': 3, 'price': 18200}, {'productSku': 'SKU-0214', 'qty': 1, 'price': 12500}, {'productSku': 'SKU-0132', 'qty': 3, 'price': 9200}, {'productSku': 'SKU-0126', 'qty': 3, 'price': 6500}, {'productSku': 'SKU-0202', 'qty': 3, 'price': 4500}]",127700.0,NGN,1703244184.0,Kaduna,170 Sabon Gari Rd,Kaduna,NG,,,,,,,,,,,,,,
,,,,,,,,,,,,user806@shop.ng,+2348036321069,,"[{'productSku': 'SKU-0145', 'qty': 1, 'price': 6500}, {'productSku': 'SKU-0172', 'qty': 1, 'price': 9200}, {'productSku': 'SKU-0071', 'qty': 3, 'price': 1700}, {'productSku': 'SKU-0199', 'qty': 3, 'price': 4500}]",37.36,USD,1693319484.0,Kano,,,,,,,,,,,,,,,,,
,,,,,,,,,,,,,,,"[{'sku': 'SKU-0174', 'qty': 3, 'price': 12500}, {'sku': 'SKU-0202', 'qty': 2, 'price': 4200}]",,,,,,,,,,ORD-000771,2023-09-05 21:23,51.06,USD,Abuja,,CUST-00587,user697@shop.ng,,,,
ORD-000772,2023-03-14 11:15:17+00:00,user1246@pulse.africa,,CUST-00228,"[{'sku': 'SKU-0184', 'quantity': 2, 'unit_price': 1700}, {'sku': 'SKU-0087', 'quantity': 2, 'unit_price': 25200}, {'sku': 'SKU-0147', 'quantity': 1, 'unit_price': 7500}]",67.66,USD,PH,241 GRA Rd,PH,NG,,,,,,,,,,,,,,,,,,,,,,,,,
,,,,,,,,,,,,user589@pulse.africa,+2348036059652,CUST-00500,"[{'productSku': 'SKU-0006', 'qty': 3, 'price': 2500}, {'productSku': 'SKU-0132', 'qty': 2, 'price': 10000}, {'productSku': 'SKU-0217', 'qty': 3, 'price': 9500}]",56000.0,NGN,1685658341.0,Kano,,,,"160 Alausa Rd, Kano",,,,,,,,,,,,,
,,,,,,,,,,,,user667@pulse.africa,+2348053858035,,"[{'sku': 'SKU-0153', 'qty': 2, 'price': 9200}, {'sku': 'SKU-0012', 'qty': 1, 'price': 9500}, {'sku': 'SKU-0148', 'qty': 1, 'price': 2000}, {'sku': 'SKU-0203', 'qty': 1, 'price': 2500}]",32400.0,NGN,1675031328.0,Lagos,52 Alausa Rd,Lagos,NG,,,,,,,,,,,,,,
,,,,,,,,,,,,user581@example.com,,CUST-00659,"[{'productSku': 'SKU-0121', 'qty': 3, 'price': 9000}, {'productSku': 'SKU-0060', 'qty': 2, 'price': 19000}, {'productSku': 'SKU-0217', 'qty': 2, 'price': 9000}, {'productSku': 'SKU-0004', 'qty': 3, 'price': 3000}]",103.6,USD,1702263744.0,Abuja,,,,"117 Wuse Rd, Abuja",,,,,,,,,,,,,
,,,,,,,,,,,,,,,"[{'sku': 'SKU-0121', 'qty': 3, 'price': 9000}, {'sku': 'SKU-0154', 'qty': 3, 'price': 4200}, {'sku': 'SKU-0193', 'qty': 2, 'price': 6500}, {'sku': 'SKU-0069', 'qty': 2, 'price': 9200}, {'sku': 'SKU-0060', 'qty': 3, 'price': 18500}]",,,,,,,,,,ORD-000776,2023-09-28 07:55,126500.0,NGN,PH,"198 GRA Rd, PH",CUST-00339,user877@shop.ng,,,,
ORD-000777,2023-07-29 07:03:03+00:00,user745@pulse.africa,+2348092362416,CUST-00603,"[{'sku': 'SKU-0076', 'quantity': 1, 'unit_price': 6700}, {'sku': 'SKU-0126', 'quantity': 3, 'unit_price': 7000}, {'sku': 'SKU-0130', 'quantity': 2, 'unit_price': 4500}]",36700.0,NGN,Kaduna,,,,,,,,,,,,,,,,"129 Garki Rd, Kaduna",,,,,,,,,,,,
,,,,,,,,,,,,user81@example.com,,,"[{'sku': 'SKU-0207', 'qty': 3, 'price': 10000}]",35.05,USD,1703082065.0,Lagos,,,,"164 Garki Rd, Lagos",,,,,,,,,,,,,
,,,,,,,,,,,,,,,"[{'sku': 'SKU-0204', 'qty': 2, 'price': 2000}]",,,,,,,,,,ORD-000779,2023-04-02 19:36,4000.0,NGN,Abuja,,,user70@mail.com,+2348067134182,47 Alausa Rd,Abuja,NG
ORD-000780,2023-11-27 13:01:59+00:00,user1056@mail.com,+2348048643064,,"[{'sku': 'SKU-0157', 'quantity': 2, 'unit_price': 2500}, {'sku': 'SKU-0150', 'quantity': 3, 'unit_price': 13000}, {'sku': 'SKU-0036', 'quantity': 2, 'unit_price': 2700}, {'sku': 'SKU-0108', 'quantity': 2, 'unit_price': 7500}, {'sku': 'SKU-0184', 'quantity': 2, 'unit_price': 2500}]",69400.0,NGN,PH,,,,,,,,,,,,,,,,"246 Alausa Rd, PH",,,,,,,,,,,,
,,,,,,,,,,,,,,,"[{'sku': 'SKU-0188', 'qty': 1, 'price': 4200}]",,,,,,,,,,ORD-000781,2023-10-02 18:59,4200.0,NGN,PH,,,user1322@example.com,+2348093760970,,,
,,,,,,,,,,,,,,,"[{'sku': 'SKU-0062', 'qty': 2, 'price': 18500}, {'sku': 'SKU-0125', 'qty': 1, 'price': 1700}, {'sku': 'SKU-0183', 'qty': 3, 'price': 19000}, {'sku': 'SKU-0088', 'qty': 1, 'price': 4200}, {'sku': 'SKU-0196', 'qty': 2, 'price': 5000}]",,,,,,,,,,ORD-000782,2023-12-10 21:17,109900.0,NGN,Lagos,"250 Sabon Gari Rd, Lagos",,user371@pulse.africa,+2348053063605,,,
ORD-000783,2023-07-07 21:39:13+00:00,user1472@shop.ng,+2348096626846,CUST-00563,"[{'sku': 'SKU-0039', 'quantity': 3, 'unit_price': 25000}, {'sku': 'SKU-0083', 'quantity': 1, 'unit_price': 6500}, {'sku': 'SKU-0130', 'quantity': 3, 'unit_price': 5000}, {'sku': 'SKU-0097', 'quantity': 3, 'unit_price': 6700}]",116600.0,NGN,Abuja,,,,,,,,,,,,,,,,"17 Wuse Rd, Abuja",,,,,,,,,,,,
,,,,,,,,,,,,,,,"[{'sku': 'SKU-0167', 'qty': 3, 'price': 9200}, {'sku': 'SKU-0214', 'qty': 1, 'price': 12500}, {'sku': 'SKU-0046', 'qty': 1, 'price': 6700}, {'sku': 'SKU-0147', 'qty': 3, 'price': 6700}, {'sku': 'SKU-0189', 'qty': 2, 'price': 4200}]",,,,,,,,,,ORD-000784,2023-06-22 00:06,78.52,USD,Abuja,,CUST-00674,user155@pulse.africa,+2348083908190,,,
ORD-000785,2023-09-11 17:22:50+00:00,user949@shop.ng,+2348062758546,,"[{'sku': 'SKU-0202', 'quantity': 3, 'unit_price': 4200}, {'sku': 'SKU-0081', 'quantity': 3, 'unit_price': 12500}]",50100.0,NGN,Kano,,,,,,,,,,,,,,,,"242 Alausa Rd, Kano",,,,,,,,,,,,
ORD-000786,2023-12-03 02:25:18+00:00,user1020@example.com,+2348053872657,CUST-00778,"[{'sku': 'SKU-0207', 'quantity': 2, 'unit_price': 9000}, {'sku': 'SKU-0046', 'quantity': 2, 'unit_price': 7500}, {'sku': 'SKU-0000', 'quantity': 1, 'unit_price': 2700}, {'sku': 'SKU-0112', 'quantity': 1, 'unit_price': 25200}, {'sku': 'SKU-0014', 'quantity': 2, 'unit_price': 18200}]",97300.0,NGN,Kano,,,,,,,,,,,,,,,,,,,,,,,,,,,,
,,,,,,,,,,,,user355@example.com,+2348045609515,CUST-00056,"[{'productSku': 'SKU-0007', 'qty': 3, 'price': 6500}, {'productSku': 'SKU-0034', 'qty': 2, 'price': 7500}]",34500.0,NGN,1680685839.0,Abuja,126 GRA Rd,Abuja,NG,,,,,,,,,,,,,,
ORD-000788,2023-07-21 09:55:33+00:00,user1322@example.com,+2348087021154,CUST-00242,"[{'sku': 'SKU-0145', 'quantity': 2, 'unit_price': 7000}, {'sku': 'SKU-0175', 'quantity': 1, 'unit_price': 9500}, {'sku': 'SKU-0170', 'quantity': 3, 'unit_price': 3000}, {'sku': 'SKU-0047', 'quantity': 1, 'unit_price': 13000}, {'sku': 'SKU-0015', 'quantity': 1, 'unit_price': 9200}]",54700.0,NGN,PH,,,,,,,,,,,,,,,,"118 Alausa Rd, PH",,,,,,,,,,,,
,,,,,,,,,,,,,,,"[{'sku': 'SKU-0005', 'qty': 1, 'price': 18200}]",,,,,,,,,,ORD-000789,2023-03-23 13:49,18200.0,NGN,PH,,CUST-00601,user1360@example.com,,,,
,,,,,,,,,,,,user1216@shop.ng,,CUST-00085,"[{'sku': 'SKU-0156', 'qty': 1, 'price': 12000}]",12000.0,NGN,1689690298.0,Abuja,38 Wuse Rd,Abuja,NG,,,,,,,,,,,,,,
,,,,,,,,,,,,,,,"[{'sku': 'SKU-0030', 'qty': 3, 'price': 3500}, {'sku': 'SKU-0104', 'qty': 2, 'price': 25200}]",,,,,,,,,,ORD-000791,2023-02-14 21:05,60900.0,NGN,Abuja,,CUST-00764,user238@example.com,+2348024026495,,,
,,,,,,,,,,,,,,,"[{'sku': 'SKU-0034', 'qty': 3, 'price': 7000}, {'sku': 'SKU-0169', 'qty': 3, 'price': 10000}, {'sku': 'SKU-0063', 'qty': 1, 'price': 25200}, {'sku': 'SKU-0009', 'qty': 2, 'price': 6700}]",,,,,,,,,,ORD-000792,2023-08-28 19:35,89600.0,NGN,Lagos,,CUST-00550,,,171 Sabon Gari Rd,Lagos,NG
,,,,,,,,,,,,,,,"[{'sku': 'SKU-0025', 'qty': 1, 'price': 12500}, {'sku': 'SKU-0005', 'qty': 3, 'price': 19000}]",,,,,,,,,,ORD-000793,2023-02-28 02:40,70000.0,NGN,Kano,,,user18@pulse.africa,+2348030149849,97 Garki Rd,Kano,NG
,,,,,,,,,,,,user200@mail.com,+2348025924978,CUST-00509,"[{'sku': 'SKU-0184', 'qty': 2, 'price': 1500}, {'sku': 'SKU-0207', 'qty': 3, 'price': 9000}, {'sku': 'SKU-0206', 'qty': 1, 'price': 25500}]",55500.0,NGN,1679029146.0,Kano,,,,,,,,,,,,,,,,,
,,,,,,,,,,,,user742@mail.com,+2348084830195,CUST-00056,"[{'sku': 'SKU-0099', 'qty': 2, 'price': 2700}, {'sku': 'SKU-0054', 'qty': 1, 'price': 18500}, {'sku': 'SKU-0019', 'qty': 3, 'price': 12200}]",60500.0,NGN,1683491384.0,PH,,,,"16 Garki Rd, PH",,,,,,,,,,,,,
,,,,,,,,,,,,user16@mail.com,+2348048313228,CUST-00701,"[{'sku': 'SKU-0109', 'qty': 3, 'price': 2500}, {'sku': 'SKU-0105', 'qty': 1, 'price': 4200}, {'sku': 'SKU-0032', 'qty': 2, 'price': 12000}, {'sku': 'SKU-0087', 'qty': 2, 'price': 25500}]",98.42,USD,1696742316.0,Lagos,,,,,,,,,,,,,,,,,
ORD-000797,2023-12-19 14:59:30+00:00,user515@shop.ng,+2348028368925,CUST-00177,"[{'sku': 'SKU-0144', 'quantity': 3, 'unit_price': 3500}, {'sku': 'SKU-0094', 'quantity': 2, 'unit_price': 7000}, {'sku': 'SKU-0159', 'quantity': 1, 'unit_price': 7000}, {'sku': 'SKU-0113', 'quantity': 3, 'unit_price': 2000}]",37500.0,NGN,Kaduna,65 Wuse Rd,Kaduna,NG,,,,,,,,,,,,,,,,,,,,,,,,,
,,,,,,,,,,,,,,,"[{'sku': 'SKU-0196', 'qty': 1, 'price': 4000}]",,,,,,,,,,ORD-000798,2023-01-18 03:15,4000.0,NGN,PH,"196 Alausa Rd, PH",,user845@mail.com,,,,
ORD-000799,2023-07-20 12:04:39+00:00,,+2348043085073,,"[{'sku': 'SKU-0003', 'quantity': 3, 'unit_price': 2500}, {'sku': 'SKU-0207', 'quantity': 3, 'unit_price': 9500}, {'sku': 'SKU-0114', 'quantity': 1, 'unit_price': 2700}, {'sku': 'SKU-0151', 'quantity': 1, 'unit_price': 6500}, {'sku': 'SKU-0087', 'quantity': 3, 'unit_price': 25000}]",120200.0,NGN,Lagos,,,,,,,,,,,,,,,,,,,,,,,,,,,,
ORD-000800,2023-01-31 22:55:42+00:00,,+2348056833070,,"[{'sku': 'SKU-0092', 'quantity': 3, 'unit_price': 12500}, {'sku': 'SKU-0125', 'quantity': 2, 'unit_price': 1700}, {'sku': 'SKU-0205', 'quantity': 2, 'unit_price': 6700}]",54300.0,NGN,Lagos,,,,,,,,,,,,,,,,"136 Sabon Gari Rd, Lagos",,,,,,,,,,,,
,,,,,,,,,,,,user901@pulse.africa,+2348062831328,,"[{'sku': 'SKU-0127', 'qty': 1, 'price': 18200}, {'sku': 'SKU-0030', 'qty': 3, 'price': 2500}, {'sku': 'SKU-0085', 'qty': 1, 'price': 25200}]",50900.0,NGN,1686942322.0,PH,,,,"39 Alausa Rd, PH",,,,,,,,,,,,,
,,,,,,,,,,,,,,,"[{'sku': 'SKU-0004', 'qty': 1, 'price': 2500}, {'sku': 'SKU-0068', 'qty': 2, 'price': 13000}, {'sku': 'SKU-0108', 'qty': 1, 'price': 7000}, {'sku': 'SKU-0084', 'qty': 3, 'price': 2500}]",,,,,,,,,,ORD-000802,2023-11-19 14:37,43000.0,NGN,Abuja,"6 Sabon Gari Rd, Abuja",CUST-00052,user995@shop.ng,,,,
,,,,,,,,,,,,user135@pulse.africa,+2348015676997,CUST-00684,"[{'sku': 'SKU-0210', 'qty': 3, 'price': 12500}]",37500.0,NGN,1698310153.0,PH,,,,"156 GRA Rd, PH",,,,,,,,,,,,,
,,,,,,,,,,,,,+2348023364967,CUST-00300,"[{'sku': 'SKU-0101', 'qty': 3, 'price': 3500}, {'sku': 'SKU-0163', 'qty': 1, 'price': 9000}, {'sku': 'SKU-0050', 'qty': 2, 'price': 10000}, {'sku': 'SKU-0175', 'qty': 1, 'price': 10000}]",49500.0,NGN,1700385772.0,PH,,,,,,,,,,,,,,,,,
ORD-000805,2023-07-06 08:54:59+00:00,user31@example.com,+2348045448743,CUST-00626,"[{'sku': 'SKU-0063', 'quantity': 1, 'unit_price': 25200}, {'sku': 'SKU-0195', 'quantity': 2, 'unit_price': 19000}, {'sku': 'SKU-0046', 'quantity': 1, 'unit_price': 7000}]",70200.0,NGN,PH,,,,,,,,,,,,,,,,,,,,,,,,,,,,
,,,,,,,,,,,,user1351@example.com,+2348098642773,CUST-00163,"[{'productSku': 'SKU-0119', 'qty': 1, 'price': 26000}, {'productSku': 'SKU-0209', 'qty': 3, 'price': 6700}]",46100.0,NGN,1677214277.0,Lagos,25 GRA Rd,Lagos,NG,,,,,,,,,,,,,,
,,,,,,,,,,,,,,,"[{'sku': 'SKU-0131', 'qty': 3, 'price': 2500}, {'sku': 'SKU-0037', 'qty': 1, 'price': 4000}, {'sku': 'SKU-0113', 'qty': 1, 'price': 2000}, {'sku': 'SKU-0169', 'qty': 3, 'price': 9000}, {'sku': 'SKU-0208', 'qty': 1, 'price': 7500}]",,,,,,,,,,ORD-000807,2023-05-24 10:50,51.78,USD,PH,,CUST-00165,user925@pulse.africa,+2348041291228,113 GRA Rd,PH,NG
,,,,,,,,,,,,,,,"[{'sku': 'SKU-0207', 'qty': 1, 'price': 9500}]",,,,,,,,,,ORD-000808,2023-07-29 08:46,9500.0,NGN,Abuja,,CUST-00328,user192@mail.com,+2348061036278,77 GRA Rd,Abuja,NG
,,,,,,,,,,,,user804@shop.ng,+2348016714292,CUST-00475,"[{'sku': 'SKU-0130', 'qty': 2, 'price': 4500}, {'sku': 'SKU-0202', 'qty': 1, 'price': 5000}]",14000.0,NGN,1694945015.0,Lagos,,,,"151 Sabon Gari Rd, Lagos",,,,,,,,,,,,,
,,,,,,,,,,,,,,,"[{'sku': 'SKU-0028', 'qty': 2, 'price': 7500}, {'sku': 'SKU-0011', 'qty': 2, 'price': 25200}, {'sku': 'SKU-0045', 'qty': 2, 'price': 9500}, {'sku': 'SKU-0172', 'qty': 3, 'price': 9200}]",,,,,,,,,,ORD-000810,2023-11-03 20:25,112000.0,NGN,PH,,CUST-00110,user943@shop.ng,+2348095899161,,,
ORD-000811,2023-09-30 15:13:01+00:00,user729@mail.com,+2348064577083,CUST-00396,"[{'sku': 'SKU-0096', 'quantity': 2, 'unit_price': 1700}, {'sku': 'SKU-0184', 'quantity': 2, 'unit_price': 2500}, {'sku': 'SKU-0006', 'quantity': 2, 'unit_price': 2500}, {'sku': 'SKU-0130', 'quantity': 2, 'unit_price': 4200}, {'sku': 'SKU-0016', 'quantity': 2, 'unit_price': 6500}]",35300.0,NGN,Kano,,,,,,,,,,,,,,,,"140 Garki Rd, Kano",,,,,,,,,,,,
,,,,,,,,,,,,user1233@example.com,+2348093649730,CUST-00771,"[{'sku': 'SKU-0136', 'qty': 2, 'price': 6700}, {'sku': 'SKU-0157', 'qty': 1, 'price': 2500}, {'sku': 'SKU-0035', 'qty': 2, 'price': 10000}]",35900.0,NGN,1699017194.0,Abuja,23 Sabon Gari Rd,Abuja,NG,,,,,,,,,,,,,,
,,,,,,,,,,,,,,,"[{'sku': 'SKU-0169', 'qty': 3, 'price': 9200}, {'sku': 'SKU-0210', 'qty': 1, 'price': 13000}, {'sku': 'SKU-0027', 'qty': 1, 'price': 2700}]",,,,,,,,,,ORD-000813,2023-08-16 18:33,43300.0,NGN,Abuja,,CUST-00001,user510@example.com,+2348053113090,25 Wuse Rd,Abuja,NG
,,,,,,,,,,,,user593@pulse.africa,,,"[{'sku': 'SKU-0071', 'qty': 2, 'price': 2500}, {'sku': 'SKU-0037', 'qty': 2, 'price': 4000}, {'sku': 'SKU-0157', 'qty': 1, 'price': 2500}]",15500.0,NGN,1673267077.0,Abuja,103 Alausa Rd,Abuja,NG,,,,,,,,,,,,,,
,,,,,,,,,,,,,,CUST-00149,"[{'productSku': 'SKU-0179', 'qty': 2, 'price': 1500}, {'productSku': 'SKU-0139', 'qty': 3, 'price': 1500}]",7.75,USD,1674723431.0,PH,,,,"133 Alausa Rd, PH",,,,,,,,,,,,,
,,,,,,,,,,,,user185@pulse.africa,+2348045060203,CUST-00581,"[{'sku': 'SKU-0067', 'qty': 3, 'price': 10000}, {'sku': 'SKU-0157', 'qty': 3, 'price': 1700}, {'sku': 'SKU-0178', 'qty': 3, 'price': 19000}, {'sku': 'SKU-0178', 'qty': 3, 'price': 19000}]",149100.0,NGN,1678728970.0,Kaduna,206 Alausa Rd,Kaduna,NG,,,,,,,,,,,,,,
,,,,,,,,,,,,user92@pulse.africa,,CUST-00391,"[{'sku': 'SKU-0216', 'qty': 3, 'price': 5000}]",16.43,USD,1692633933.0,Abuja,,,,"109 Alausa Rd, Abuja",,,,,,,,,,,,,
,,,,,,,,,,,,user115@shop.ng,+2348016597033,CUST-00336,"[{'productSku': 'SKU-0107', 'qty': 2, 'price': 25200}, {'productSku': 'SKU-0105', 'qty': 3, 'price': 4200}]",63000.0,NGN,1699626534.0,Kaduna,,,,,,,,,,,,,,,,,
,,,,,,,,,,,,,,,"[{'sku': 'SKU-0064', 'qty': 1, 'price': 9000}, {'sku': 'SKU-0075', 'qty': 2, 'price': 10000}, {'sku': 'SKU-0174', 'qty': 2, 'price': 13000}, {'sku': 'SKU-0110', 'qty': 2, 'price': 19000}, {'sku': 'SKU-0012', 'qty': 2, 'price': 10000}]",,,,,,,,,,ORD-000819,2023-04-27 00:12,113000.0,NGN,PH,"114 Sabon Gari Rd, PH",,user637@pulse.africa,+2348058880421,,,
,,,,,,,,,,,,,,,"[{'sku': 'SKU-0196', 'qty': 2, 'price': 4200}, {'sku': 'SKU-0049', 'qty': 3, 'price': 25000}, {'sku': 'SKU-0108', 'qty': 1, 'price': 6700}]",,,,,,,,,,ORD-000820,2023-08-10 20:03,95.44,USD,Kaduna,,,user781@mail.com,+2348034739730,87 Sabon Gari Rd,Kaduna,NG
ORD-000821,2023-09-03 16:28:59+00:00,user276@pulse.africa,+2348062364176,CUST-00486,"[{'sku': 'SKU-0155', 'quantity': 2, 'unit_price': 9200}, {'sku': 'SKU-0013', 'quantity': 1, 'unit_price': 5000}, {'sku': 'SKU-0041', 'quantity': 1, 'unit_price': 6500}, {'sku': 'SKU-0044', 'quantity': 1, 'unit_price': 12500}, {'sku': 'SKU-0046', 'quantity': 2, 'unit_price': 7500}]",59.05,USD,Kano,,,,,,,,,,,,,,,,,,,,,,,,,,,,
ORD-000822,2023-10-03 09:40:22+00:00,user13@example.com,,CUST-00398,"[{'sku': 'SKU-0095', 'quantity': 3, 'unit_price': 3000}]",9000.0,NGN,Lagos,102 Wuse Rd,Lagos,NG,,,,,,,,,,,,,,,,,,,,,,,,,
,,,,,,,,,,,,user560@shop.ng,,CUST-00014,"[{'productSku': 'SKU-0044', 'qty': 3, 'price': 12500}]",37500.0,NGN,1676821206.0,Abuja,203 Sabon Gari Rd,Abuja,NG,,,,,,,,,,,,,,
ORD-000824,2023-01-30 13:40:24+00:00,user981@pulse.africa,+2348056401649,,"[{'sku': 'SKU-0042', 'quantity': 1, 'unit_price': 12200}]",12200.0,NGN,Abuja,187 Wuse Rd,Abuja,NG,,,,,,,,,,,,,,,,,,,,,,,,,
,,,,,,,,,,,,,+2348067611249,CUST-00275,"[{'sku': 'SKU-0089', 'qty': 3, 'price': 18200}, {'sku': 'SKU-0094', 'qty': 2, 'price': 6700}, {'sku': 'SKU-0079', 'qty': 1, 'price': 12000}, {'sku': 'SKU-0171', 'qty': 3, 'price': 4200}, {'sku': 'SKU-0128', 'qty': 2, 'price': 25500}]",143600.0,NGN,1674144956.0,Kaduna,,,,"168 Sabon Gari Rd, Kaduna",,,,,,,,,,,,,
,,,,,,,,,,,,user1101@shop.ng,+2348093321027,CUST-00459,"[{'sku': 'SKU-0028', 'qty': 1, 'price': 6700}]",6700.0,NGN,1677418134.0,Abuja,22 Wuse Rd,Abuja,NG,,,,,,,,,,,,,,
,,,,,,,,,,,,,,,"[{'sku': 'SKU-0125', 'qty': 1, 'price': 1500}, {'sku': 'SKU-0049', 'qty': 3, 'price': 26000}]",,,,,,,,,,ORD-000827,2023-04-05 07:57,79500.0,NGN,Kano,,CUST-00487,user26@example.com,+2348019029034,100 Garki Rd,Kano,NG
ORD-000828,2023-05-08 18:02:54+00:00,user470@pulse.africa,+2348051014748,CUST-00149,"[{'sku': 'SKU-0098', 'quantity': 3, 'unit_price': 6700}]",20100.0,NGN,Abuja,,,,,,,,,,,,,,,,,,,,,,,,,,,,
,,,,,,,,,,,,user1096@pulse.africa,+2348073768377,CUST-00545,"[{'productSku': 'SKU-0017', 'qty': 3, 'price': 3500}, {'productSku': 'SKU-0112', 'qty': 2, 'price': 25500}, {'productSku': 'SKU-0131', 'qty': 1, 'price': 2500}, {'productSku': 'SKU-0088', 'qty': 1, 'price': 4500}, {'productSku': 'SKU-0065', 'qty': 2, 'price': 2000}]",72500.0,NGN,1698966698.0,Lagos,56 Wuse Rd,Lagos,NG,,,,,,,,,,,,,,
,,,,,,,,,,,,,,,"[{'sku': 'SKU-0164', 'qty': 3, 'price': 25000}, {'sku': 'SKU-0037', 'qty': 3, 'price': 5000}]",,,,,,,,,,ORD-000830,2023-09-07 05:53,98.36,USD,Kano,"40 GRA Rd, Kano",CUST-00753,user1275@shop.ng,+2348080825861,,,
ORD-000831,2023-07-06 21:29:23+00:00,user1493@shop.ng,+2348033492068,,"[{'sku': 'SKU-0214', 'quantity': 2, 'unit_price': 12000}, {'sku': 'SKU-0070', 'quantity': 2, 'unit_price': 4200}]",32400.0,NGN,PH,,,,,,,,,,,,,,,,"232 Garki Rd, PH",,,,,,,,,,,,
,,,,,,,,,,,,user102@mail.com,,CUST-00530,"[{'productSku': 'SKU-0041', 'qty': 3, 'price': 6700}, {'productSku': 'SKU-0060', 'qty': 3, 'price': 18000}, {'productSku': 'SKU-0038', 'qty': 1, 'price': 7500}, {'productSku': 'SKU-0007', 'qty': 2, 'price': 6700}]",106.2,USD,1680127391.0,PH,,,,,,,,,,,,,,,,,
,,,,,,,,,,,,,,,"[{'sku': 'SKU-0016', 'qty': 3, 'price': 7500}]",,,,,,,,,,ORD-000833,2023-03-10 05:54,22500.0,NGN,Lagos,,CUST-00047,user1041@shop.ng,+2348026334661,,,
ORD-000834,2023-03-15 12:52:39+00:00,user1128@mail.com,+2348051517572,CUST-00495,"[{'sku': 'SKU-0203', 'quantity': 1, 'unit_price': 3000}, {'sku': 'SKU-0015', 'quantity': 3, 'unit_price': 9200}, {'sku': 'SKU-0141', 'quantity': 2, 'unit_price': 4500}, {'sku': 'SKU-0166', 'quantity': 1, 'unit_price': 1500}]",41100.0,NGN,Kano,,,,,,,,,,,,,,,,"151 Sabon Gari Rd, Kano",,,,,,,,,,,,
,,,,,,,,,,,,,,,"[{'sku': 'SKU-0187', 'qty': 1, 'price': 2500}, {'sku': 'SKU-0213', 'qty': 2, 'price': 18200}]",,,,,,,,,,ORD-000835,2023-01-14 13:00,38900.0,NGN,Lagos,"232 Alausa Rd, Lagos",CUST-00286,user1205@shop.ng,+2348020003633,,,
,,,,,,,,,,,,user4@shop.ng,+2348023498489,CUST-00231,"[{'sku': 'SKU-0023', 'qty': 1, 'price': 2500}, {'sku': 'SKU-0165', 'qty': 2, 'price': 9500}, {'sku': 'SKU-0076', 'qty': 1, 'price': 6500}]",28000.0,NGN,1685615215.0,Kaduna,,,,"210 GRA Rd, Kaduna",,,,,,,,,,,,,
,,,,,,,,,,,,,,,"[{'sku': 'SKU-0094', 'qty': 3, 'price': 6700}]",,,,,,,,,,ORD-000837,2023-07-23 00:46,20100.0,NGN,PH,,CUST-00302,user774@shop.ng,,201 Alausa Rd,PH,NG
,,,,,,,,,,,,user773@example.com,+2348041775718,CUST-00080,"[{'productSku': 'SKU-0133', 'qty': 3, 'price': 9000}, {'productSku': 'SKU-0120', 'qty': 3, 'price': 19000}, {'productSku': 'SKU-0200', 'qty': 3, 'price': 12000}, {'productSku': 'SKU-0093', 'qty': 1, 'price': 25500}, {'productSku': 'SKU-0205', 'qty': 3, 'price': 7500}]",168000.0,NGN,1687075336.0,PH,,,,,,,,,,,,,,,,,
,,,,,,,,,,,,user644@example.com,+2348071326516,CUST-00370,"[{'sku': 'SKU-0217', 'qty': 3, 'price': 9200}, {'sku': 'SKU-0097', 'qty': 1, 'price': 7000}, {'sku': 'SKU-0020', 'qty': 3, 'price': 9000}, {'sku': 'SKU-0194', 'qty': 3, 'price': 3000}]",81.34,USD,1698166803.0,Kano,,,,"24 Garki Rd, Kano",,,,,,,,,,,,,
,,,,,,,,,,,,,,,"[{'sku': 'SKU-0138', 'qty': 3, 'price': 12200}]",,,,,,,,,,ORD-000840,2023-11-01 11:57,36600.0,NGN,Lagos,,CUST-00607,user283@shop.ng,+2348031839746,,,
ORD-000841,2023-07-18 22:17:58+00:00,,+2348049412831,CUST-00136,"[{'sku': 'SKU-0115', 'quantity': 1, 'unit_price': 18500}]",18500.0,NGN,PH,,,,,,,,,,,,,,,,"214 Alausa Rd, PH",,,,,,,,,,,,
,,,,,,,,,,,,user279@pulse.africa,+2348073082694,,"[{'productSku': 'SKU-0036', 'qty': 1, 'price': 3000}, {'productSku': 'SKU-0127', 'qty': 1, 'price': 18000}, {'productSku': 'SKU-0187', 'qty': 1, 'price': 1500}, {'productSku': 'SKU-0161', 'qty': 2, 'price': 12200}, {'productSku': 'SKU-0180', 'qty': 2, 'price': 13000}]",72900.0,NGN,1676773119.0,Lagos,129 Garki Rd,Lagos,NG,,,,,,,,,,,,,,
,,,,,,,,,,,,user1411@pulse.africa,+2348042261979,CUST-00530,"[{'productSku': 'SKU-0014', 'qty': 1, 'price': 19000}]",19000.0,NGN,1702242938.0,Kano,,,,,,,,,,,,,,,,,
,,,,,,,,,,,,user121@example.com,,CUST-00657,"[{'sku': 'SKU-0123', 'qty': 1, 'price': 25000}]",25000.0,NGN,1703542071.0,Kano,,,,"1 GRA Rd, Kano",,,,,,,,,,,,,
,,,,,,,,,,,,,,,"[{'sku': 'SKU-0047', 'qty': 2, 'price': 12000}, {'sku': 'SKU-0191', 'qty': 1, 'price': 2000}, {'sku': 'SKU-0058', 'qty': 2, 'price': 4000}]",,,,,,,,,,ORD-000845,2023-11-14 00:17,34500.0,NGN,Lagos,,,,+2348067738851,175 Alausa Rd,Lagos,NG
ORD-000846,2023-04-10 14:03:38+00:00,user968@example.com,+2348021823343,CUST-00610,"[{'sku': 'SKU-0146', 'quantity': 2, 'unit_price': 3000}, {'sku': 'SKU-0178', 'quantity': 2, 'unit_price': 18200}, {'sku': 'SKU-0207', 'quantity': 3, 'unit_price': 9200}, {'sku': 'SKU-0204', 'quantity': 3, 'unit_price': 2500}, {'sku': 'SKU-0105', 'quantity': 3, 'unit_price': 4200}]",94.35,USD,Lagos,204 GRA Rd,Lagos,NG,,,,,,,,,,,,,,,,,,,,,,,,,
ORD-000847,2023-03-20 12:29:48+00:00,user1492@pulse.africa,+2348080332493,CUST-00219,"[{'sku': 'SKU-0021', 'quantity': 1, 'unit_price': 25000}, {'sku': 'SKU-0009', 'quantity': 2, 'unit_price': 7000}, {'sku': 'SKU-0011', 'quantity': 1, 'unit_price': 25500}, {'sku': 'SKU-0198', 'quantity': 3, 'unit_price': 19000}, {'sku': 'SKU-0056', 'quantity': 3, 'unit_price': 25200}]",197100.0,NGN,Kano,211 Garki Rd,Kano,NG,,,,,,,,,,,,,,,,,,,,,,,,,
,,,,,,,,,,,,,,,"[{'sku': 'SKU-0103', 'qty': 2, 'price': 7500}]",,,,,,,,,,ORD-000848,2023-06-13 08:59,15000.0,NGN,PH,"141 Sabon Gari Rd, PH",CUST-00199,user449@pulse.africa,+2348082738226,,,
ORD-000849,2023-11-07 18:25:21+00:00,user722@example.com,+2348063293282,CUST-00460,"[{'sku': 'SKU-0204', 'quantity': 3, 'unit_price': 2000}, {'sku': 'SKU-0103', 'quantity': 1, 'unit_price': 6500}, {'sku': 'SKU-0084', 'quantity': 2, 'unit_price': 2500}, {'sku': 'SKU-0114', 'quantity': 2, 'unit_price': 3000}]",23500.0,NGN,Abuja,,,,,,,,,,,,,,,,,,,,,,,,,,,,
,,,,,,,,,,,,,+2348012563103,CUST-00398,"[{'productSku': 'SKU-0008', 'qty': 3, 'price': 2000}, {'productSku': 'SKU-0196', 'qty': 2, 'price': 4000}, {'productSku': 'SKU-0010', 'qty': 2, 'price': 18500}, {'productSku': 'SKU-0187', 'qty': 1, 'price': 1500}, {'productSku': 'SKU-0059', 'qty': 1, 'price': 4000}]",58.37,USD,1700201927.0,Lagos,,,,,,,,,,,,,,,,,
ORD-000851,2023-09-22 20:29:16+00:00,user760@mail.com,+2348045976961,,"[{'sku': 'SKU-0175', 'quantity': 3, 'unit_price': 9200}]",27600.0,NGN,Kaduna,22 Garki Rd,Kaduna,NG,,,,,,,,,,,,,,,,,,,,,,,,,
,,,,,,,,,,,,,,,"[{'sku': 'SKU-0112', 'qty': 2, 'price': 25500}, {'sku': 'SKU-0015', 'qty': 1, 'price': 9200}]",,,,,,,,,,ORD-000852,2023-09-16 23:35,69.84,USD,Abuja,,,,+2348034574296,89 GRA Rd,Abuja,NG
,,,,,,,,,,,,,+2348089173318,CUST-00564,"[{'productSku': 'SKU-0008', 'qty': 2, 'price': 2000}, {'productSku': 'SKU-0011', 'qty': 2, 'price': 25000}, {'productSku': 'SKU-0195', 'qty': 2, 'price': 18200}]",90400.0,NGN,1702414668.0,PH,165 Alausa Rd,PH,NG,,,,,,,,,,,,,,
,,,,,,,,,,,,,,,"[{'sku': 'SKU-0073', 'qty': 3, 'price': 4200}, {'sku': 'SKU-0077', 'qty': 3, 'price': 12000}, {'sku': 'SKU-0052', 'qty': 3, 'price': 9000}, {'sku': 'SKU-0000', 'qty': 2, 'price': 3000}]",,,,,,,,,,ORD-000854,2023-01-19 16:44,81600.0,NGN,Lagos,"161 GRA Rd, Lagos",,user94@pulse.africa,,,,
,,,,,,,,,,,,,,,"[{'sku': 'SKU-0157', 'qty': 1, 'price': 2000}, {'sku': 'SKU-0088', 'qty': 1, 'price': 4500}, {'sku': 'SKU-0175', 'qty': 3, 'price': 9500}, {'sku': 'SKU-0037', 'qty': 1, 'price': 4500}, {'sku': 'SKU-0099', 'qty': 1, 'price': 2500}]",,,,,,,,,,ORD-000855,2023-09-11 23:10,42000.0,NGN,Kano,,CUST-00584,user27@example.com,+2348067508694,233 GRA Rd,Kano,NG
,,,,,,,,,,,,user768@mail.com,,,"[{'productSku': 'SKU-0067', 'qty': 1, 'price': 9200}, {'productSku': 'SKU-0122', 'qty': 3, 'price': 7000}, {'productSku': 'SKU-0177', 'qty': 3, 'price': 1700}, {'productSku': 'SKU-0183', 'qty': 1, 'price': 18200}]",53500.0,NGN,1685511979.0,Kaduna,,,,"118 Wuse Rd, Kaduna",,,,,,,,,,,,,
ORD-000857,2023-05-08 10:02:11+00:00,user802@mail.com,+2348071656739,CUST-00321,"[{'sku': 'SKU-0041', 'quantity': 3, 'unit_price': 7000}, {'sku': 'SKU-0212', 'quantity': 1, 'unit_price': 12000}]",33000.0,NGN,Lagos,,,,,,,,,,,,,,,,"48 GRA Rd, Lagos",,,,,,,,,,,,
,,,,,,,,,,,,,,,"[{'sku': 'SKU-0056', 'qty': 1, 'price': 25500}, {'sku': 'SKU-0084', 'qty': 1, 'price': 2500}]",,,,,,,,,,ORD-000858,2023-09-14 21:32,28000.0,NGN,PH,,CUST-00586,,+2348066606976,12 Sabon Gari Rd,PH,NG
,,,,,,,,,,,,user1153@shop.ng,+2348085912695,CUST-00468,"[{'sku': 'SKU-0105', 'qty': 3, 'price': 4500}, {'sku': 'SKU-0062', 'qty': 1, 'price': 18200}, {'sku': 'SKU-0029', 'qty': 1, 'price': 3500}, {'sku': 'SKU-0100', 'qty': 2, 'price': 1700}, {'sku': 'SKU-0203', 'qty': 1, 'price': 2500}]",41100.0,NGN,1698177034.0,PH,23 Garki Rd,PH,NG,,,,,,,,,,,,,,
ORD-000860,2023-05-02 01:06:48+00:00,user949@example.com,+2348026922485,,"[{'sku': 'SKU-0011', 'quantity': 1, 'unit_price': 25200}, {'sku': 'SKU-0107', 'quantity': 3, 'unit_price': 25200}, {'sku': 'SKU-0204', 'quantity': 1, 'unit_price': 1700}, {'sku': 'SKU-0117', 'quantity': 2, 'unit_price': 7000}]",116500.0,NGN,Abuja,,,,,,,,,,,,,,,,,,,,,,,,,,,,
,,,,,,,,,,,,,,,"[{'sku': 'SKU-0057', 'qty': 3, 'price': 1500}, {'sku': 'SKU-0046', 'qty': 1, 'price': 7500}]",,,,,,,,,,ORD-000861,2023-11-08 03:17,12000.0,NGN,Kano,,,user1246@mail.com,,135 Alausa Rd,Kano,NG
ORD-000862,2023-10-08 16:53:07+00:00,user641@shop.ng,+2348073142083,CUST-00748,"[{'sku': 'SKU-0144', 'quantity': 1, 'unit_price': 3500}, {'sku': 'SKU-0027', 'quantity': 1, 'unit_price': 3500}, {'sku': 'SKU-0054', 'quantity': 3, 'unit_price': 18500}]",62500.0,NGN,Lagos,,,,,,,,,,,,,,,,,,,,,,,,,,,,
ORD-000863,2023-08-04 22:24:59+00:00,user443@example.com,+2348060390396,CUST-00717,"[{'sku': 'SKU-0181', 'quantity': 1, 'unit_price': 9500}]",9.77,USD,PH,40 GRA Rd,PH,NG,,,,,,,,,,,,,,,,,,,,,,,,,
ORD-000864,2023-12-16 05:17:18+00:00,user469@mail.com,+2348030869120,CUST-00550,"[{'sku': 'SKU-0070', 'quantity': 2, 'unit_price': 4500}, {'sku': 'SKU-0013', 'quantity': 3, 'unit_price': 4000}, {'sku': 'SKU-0131', 'quantity': 1, 'unit_price': 1700}, {'sku': 'SKU-0184', 'quantity': 2, 'unit_price': 1700}, {'sku': 'SKU-0000', 'quantity': 1, 'unit_price': 2700}]",28800.0,NGN,Abuja,,,,,,,,,,,,,,,,,,,,,,,,,,,,
ORD-000865,2023-07-09 05:43:45+00:00,,,CUST-00718,"[{'sku': 'SKU-0187', 'quantity': 1, 'unit_price': 1500}, {'sku': 'SKU-0016', 'quantity': 2, 'unit_price': 7000}]",16000.0,NGN,Kano,4 Garki Rd,Kano,NG,,,,,,,,,,,,,,,,,,,,,,,,,
,,,,,,,,,,,,,,,"[{'sku': 'SKU-0056', 'qty': 1, 'price': 25200}, {'sku': 'SKU-0183', 'qty': 2, 'price': 19000}]",,,,,,,,,,ORD-000866,2023-01-20 16:37,63200.0,NGN,Kano,,CUST-00713,user500@pulse.africa,+2348015560483,195 Garki Rd,Kano,NG
ORD-000867,2023-05-11 06:45:42+00:00,,+2348027719312,CUST-00599,"[{'sku': 'SKU-0064', 'quantity': 2, 'unit_price': 9200}, {'sku': 'SKU-0000', 'quantity': 3, 'unit_price': 2500}, {'sku': 'SKU-0088', 'quantity': 3, 'unit_price': 4200}, {'sku': 'SKU-0212', 'quantity': 2, 'unit_price': 13000}]",64500.0,NGN,Lagos,176 Alausa Rd,Lagos,NG,,,,,,,,,,,,,,,,,,,,,,,,,
,,,,,,,,,,,,user1088@mail.com,,CUST-00163,"[{'productSku': 'SKU-0120', 'qty': 2, 'price': 19000}]",44.19,USD,1675539651.0,Kaduna,68 Garki Rd,Kaduna,NG,,,,,,,,,,,,,,
ORD-000869,2023-01-26 23:22:28+00:00,user856@shop.ng,+2348015446471,CUST-00378,"[{'sku': 'SKU-0100', 'quantity': 1, 'unit_price': 1700}, {'sku': 'SKU-0145', 'quantity': 1, 'unit_price': 6700}, {'sku': 'SKU-0030', 'quantity': 2, 'unit_price': 3500}, {'sku': 'SKU-0003', 'quantity': 3, 'unit_price': 2500}]",22900.0,NGN,PH,,,,,,,,,,,,,,,,"180 Wuse Rd, PH",,,,,,,,,,,,
,,,,,,,,,,,,,,,"[{'sku': 'SKU-0092', 'qty': 2, 'price': 12000}, {'sku': 'SKU-0077', 'qty': 3, 'price': 12500}, {'sku': 'SKU-0199', 'qty': 2, 'price': 4500}, {'sku': 'SKU-0167', 'qty': 1, 'price': 10000}]",,,,,,,,,,ORD-000870,2023-08-10 11:50,84.74,USD,PH,,CUST-00702,user387@mail.com,+2348056142700,,,
ORD-000871,2023-03-06 23:06:51+00:00,user842@mail.com,+2348056106831,CUST-00262,"[{'sku': 'SKU-0033', 'quantity': 1, 'unit_price': 13000}, {'sku': 'SKU-0034', 'quantity': 2, 'unit_price': 6500}]",26000.0,NGN,Kaduna,143 Sabon Gari Rd,Kaduna,NG,,,,,,,,,,,,,,,,,,,,,,,,,
,,,,,,,,,,,,,,,"[{'sku': 'SKU-0162', 'qty': 1, 'price': 7500}, {'sku': 'SKU-0152', 'qty': 3, 'price': 12000}, {'sku': 'SKU-0189', 'qty': 3, 'price': 5000}, {'sku': 'SKU-0037', 'qty': 3, 'price': 4200}, {'sku': 'SKU-0185', 'qty': 2, 'price': 2500}]",,,,,,,,,,ORD-000872,2023-02-09 09:13,76100.0,NGN,PH,,CUST-00390,user412@pulse.africa,+2348027982209,247 Sabon Gari Rd,PH,NG
,,,,,,,,,,,,,,,"[{'sku': 'SKU-0093', 'qty': 3, 'price': 25200}]",,,,,,,,,,ORD-000873,2023-12-12 05:44,75600.0,NGN,Kano,,,user72@mail.com,,94 GRA Rd,Kano,NG
,,,,,,,,,,,,,,,"[{'sku': 'SKU-0119', 'qty': 3, 'price': 26000}, {'sku': 'SKU-0176', 'qty': 3, 'price': 25500}, {'sku': 'SKU-0127', 'qty': 2, 'price': 19000}]",,,,,,,,,,ORD-000874,2023-05-26 04:38,192500.0,NGN,Kano,,CUST-00738,user550@pulse.africa,+2348058384498,112 Sabon Gari Rd,Kano,NG
ORD-000875,2023-06-02 15:16:53+00:00,user1267@pulse.africa,+2348055860921,CUST-00587,"[{'sku': 'SKU-0198', 'quantity': 3, 'unit_price': 19000}, {'sku': 'SKU-0206', 'quantity': 1, 'unit_price': 26000}, {'sku': 'SKU-0053', 'quantity': 2, 'unit_price': 18200}, {'sku': 'SKU-0020', 'quantity': 1, 'unit_price': 9500}, {'sku': 'SKU-0073', 'quantity': 2, 'unit_price': 4000}]",136900.0,NGN,Kaduna,,,,,,,,,,,,,,,,,,,,,,,,,,,,
,,,,,,,,,,,,,,,"[{'sku': 'SKU-0097', 'qty': 2, 'price': 7000}, {'sku': 'SKU-0216', 'qty': 2, 'price': 4200}, {'sku': 'SKU-0028', 'qty': 1, 'price': 6500}, {'sku': 'SKU-0116', 'qty': 2, 'price': 12200}, {'sku': 'SKU-0061', 'qty': 2, 'price': 2500}]",,,,,,,,,,ORD-000876,2023-05-06 11:28,58300.0,NGN,Kano,,CUST-00293,,+2348045537084,150 Garki Rd,Kano,NG
,,,,,,,,,,,,,,,"[{'sku': 'SKU-0198', 'qty': 2, 'price': 18500}, {'sku': 'SKU-0054', 'qty': 3, 'price': 18000}, {'sku': 'SKU-0115', 'qty': 3, 'price': 19000}]",,,,,,,,,,ORD-000877,2023-06-11 08:19,148000.0,NGN,Lagos,,CUST-00232,,+2348012425579,,,
,,,,,,,,,,,,user361@shop.ng,+2348077845175,CUST-00287,"[{'productSku': 'SKU-0210', 'qty': 2, 'price': 12200}, {'productSku': 'SKU-0036', 'qty': 1, 'price': 2500}, {'productSku': 'SKU-0094', 'qty': 3, 'price': 7500}, {'productSku': 'SKU-0023', 'qty': 3, 'price': 3000}, {'productSku': 'SKU-0081', 'qty': 1, 'price': 12200}]",70600.0,NGN,1676624234.0,Kaduna,67 Sabon Gari Rd,Kaduna,NG,,,,,,,,,,,,,,
,,,,,,,,,,,,user303@mail.com,+2348072115842,CUST-00421,"[{'sku': 'SKU-0127', 'qty': 1, 'price': 18200}]",21.26,USD,1689243163.0,Lagos,,,,"148 Wuse Rd, Lagos",,,,,,,,,,,,,
,,,,,,,,,,,,,,,"[{'sku': 'SKU-0028', 'qty': 2, 'price': 6500}]",,,,,,,,,,ORD-000880,2023-03-17 17:20,13000.0,NGN,Kaduna,,,user1435@pulse.africa,+2348068965657,17 Alausa Rd,Kaduna,NG
ORD-000881,2023-05-07 09:43:38+00:00,user634@mail.com,+2348098928380,CUST-00747,"[{'sku': 'SKU-0009', 'quantity': 1, 'unit_price': 6700}]",6700.0,NGN,PH,50 Alausa Rd,PH,NG,,,,,,,,,,,,,,,,,,,,,,,,,
,,,,,,,,,,,,user361@example.com,+2348035029865,,"[{'productSku': 'SKU-0177', 'qty': 1, 'price': 1700}, {'productSku': 'SKU-0195', 'qty': 2, 'price': 18000}, {'productSku': 'SKU-0126', 'qty': 1, 'price': 6500}, {'productSku': 'SKU-0050', 'qty': 1, 'price': 9200}, {'productSku': 'SKU-0096', 'qty': 3, 'price': 2000}]",59400.0,NGN,1682635242.0,Abuja,162 Wuse Rd,Abuja,NG,,,,,,,,,,,,,,
,,,,,,,,,,,,user357@example.com,+2348073576443,CUST-00535,"[{'productSku': 'SKU-0211', 'qty': 3, 'price': 2700}, {'productSku': 'SKU-0060', 'qty': 1, 'price': 18200}, {'productSku': 'SKU-0038', 'qty': 3, 'price': 7500}]",48800.0,NGN,1685064750.0,PH,213 Garki Rd,PH,NG,,,,,,,,,,,,,,
,,,,,,,,,,,,,,,"[{'sku': 'SKU-0129', 'qty': 2, 'price': 18000}]",,,,,,,,,,ORD-000884,2023-06-14 08:45,36000.0,NGN,Kaduna,"100 GRA Rd, Kaduna",,,+2348016115184,,,
,,,,,,,,,,,,,,,"[{'sku': 'SKU-0212', 'qty': 1, 'price': 13000}, {'sku': 'SKU-0009', 'qty': 1, 'price': 6500}]",,,,,,,,,,ORD-000885,2023-10-24 21:34,19500.0,NGN,PH,"247 GRA Rd, PH",,,+2348084305889,,,
,,,,,,,,,,,,user444@mail.com,,,"[{'productSku': 'SKU-0170', 'qty': 3, 'price': 3500}, {'productSku': 'SKU-0181', 'qty': 2, 'price': 9500}, {'productSku': 'SKU-0199', 'qty': 2, 'price': 5000}, {'productSku': 'SKU-0051', 'qty': 2, 'price': 7500}]",55000.0,NGN,1678667802.0,Lagos,,,,,,,,,,,,,,,,,
,,,,,,,,,,,,,,,"[{'sku': 'SKU-0064', 'qty': 1, 'price': 9500}, {'sku': 'SKU-0143', 'qty': 3, 'price': 2700}, {'sku': 'SKU-0183', 'qty': 3, 'price': 18200}]",,,,,,,,,,ORD-000887,2023-10-20 23:20,72200.0,NGN,PH,,CUST-00415,,+2348092937486,87 Garki Rd,PH,NG
,,,,,,,,,,,,,,,"[{'sku': 'SKU-0213', 'qty': 3, 'price': 19000}, {'sku': 'SKU-0204', 'qty': 1, 'price': 1500}]",,,,,,,,,,ORD-000888,2023-12-16 14:38,66.55,USD,Kaduna,"125 Sabon Gari Rd, Kaduna",CUST-00279,user1008@pulse.africa,,,,
,,,,,,,,,,,,user791@example.com,+2348047158023,CUST-00485,"[{'sku': 'SKU-0082', 'qty': 1, 'price': 6500}, {'sku': 'SKU-0168', 'qty': 1, 'price': 2700}, {'sku': 'SKU-0198', 'qty': 2, 'price': 18200}, {'sku': 'SKU-0102', 'qty': 3, 'price': 12000}, {'sku': 'SKU-0130', 'qty': 2, 'price': 5000}]",91600.0,NGN,1682761626.0,Lagos,12 Sabon Gari Rd,Lagos,NG,,,,,,,,,,,,,,
,,,,,,,,,,,,,,,"[{'sku': 'SKU-0022', 'qty': 2, 'price': 3000}, {'sku': 'SKU-0018', 'qty': 1, 'price': 18500}, {'sku': 'SKU-0084', 'qty': 2, 'price': 3000}]",,,,,,,,,,ORD-000890,2023-12-30 19:27,30500.0,NGN,Lagos,"92 Garki Rd, Lagos",CUST-00094,user770@mail.com,+2348070513308,,,
,,,,,,,,,,,,,,,"[{'sku': 'SKU-0064', 'qty': 1, 'price': 10000}]",,,,,,,,,,ORD-000891,2023-11-12 00:57,11.72,USD,Abuja,,,user1017@example.com,,39 Sabon Gari Rd,Abuja,NG
,,,,,,,,,,,,,,,"[{'sku': 'SKU-0158', 'qty': 2, 'price': 3500}, {'sku': 'SKU-0136', 'qty': 3, 'price': 7500}, {'sku': 'SKU-0103', 'qty': 1, 'price': 7500}, {'sku': 'SKU-0055', 'qty': 1, 'price': 6700}]",,,,,,,,,,ORD-000892,2023-08-10 23:27,43700.0,NGN,Abuja,,CUST-00237,,+2348034880515,,,
,,,,,,,,,,,,user674@pulse.africa,+2348078785805,CUST-00646,"[{'productSku': 'SKU-0086', 'qty': 3, 'price': 5000}, {'productSku': 'SKU-0166', 'qty': 3, 'price': 2500}, {'productSku': 'SKU-0090', 'qty': 1, 'price': 6700}, {'productSku': 'SKU-0161', 'qty': 3, 'price': 12500}]",66700.0,NGN,1698188282.0,Lagos,202 GRA Rd,Lagos,NG,,,,,,,,,,,,,,
,,,,,,,,,,,,,,,"[{'sku': 'SKU-0030', 'qty': 3, 'price': 2500}, {'sku': 'SKU-0090', 'qty': 1, 'price': 7000}]",,,,,,,,,,ORD-000894,2023-02-26 04:59,14500.0,NGN,Lagos,,CUST-00290,user935@pulse.africa,+2348016703057,,,
,,,,,,,,,,,,user712@shop.ng,+2348014533166,CUST-00207,"[{'sku': 'SKU-0079', 'qty': 3, 'price': 13000}, {'sku': 'SKU-0127', 'qty': 2, 'price': 18500}, {'sku': 'SKU-0146', 'qty': 2, 'price': 3500}]",95.18,USD,1688109422.0,Kaduna,,,,"85 Alausa Rd, Kaduna",,,,,,,,,,,,,
ORD-000896,2023-09-29 11:26:48+00:00,user457@pulse.africa,+2348059789640,,"[{'sku': 'SKU-0050', 'quantity': 1, 'unit_price': 10000}, {'sku': 'SKU-0069', 'quantity': 3, 'unit_price': 10000}, {'sku': 'SKU-0157', 'quantity': 1, 'unit_price': 2500}, {'sku': 'SKU-0112', 'quantity': 1, 'unit_price': 25000}]",71.73,USD,Abuja,185 Alausa Rd,Abuja,NG,,,,,,,,,,,,,,,,,,,,,,,,,
ORD-000897,2023-02-12 18:24:39+00:00,user891@mail.com,+2348054346554,CUST-00289,"[{'sku': 'SKU-0041', 'quantity': 2, 'unit_price': 7500}, {'sku': 'SKU-0172', 'quantity': 1, 'unit_price': 10000}, {'sku': 'SKU-0076', 'quantity': 1, 'unit_price': 6500}, {'sku': 'SKU-0218', 'quantity': 2, 'unit_price': 3000}, {'sku': 'SKU-0134', 'quantity': 3, 'unit_price': 25500}]",114000.0,NGN,Abuja,224 Sabon Gari Rd,Abuja,NG,,,,,,,,,,,,,,,,,,,,,,,,,
ORD-000898,2023-10-03 08:42:03+00:00,user1245@mail.com,+2348044692423,CUST-00604,"[{'sku': 'SKU-0202', 'quantity': 2, 'unit_price': 4000}]",8000.0,NGN,Kano,,,,,,,,,,,,,,,,"116 Sabon Gari Rd, Kano",,,,,,,,,,,,
ORD-000899,2023-12-07 14:55:00+00:00,user1179@pulse.africa,,CUST-00741,"[{'sku': 'SKU-0004', 'quantity': 3, 'unit_price': 2700}, {'sku': 'SKU-0037', 'quantity': 1, 'unit_price': 4000}, {'sku': 'SKU-0151', 'quantity': 2, 'unit_price': 7500}]",27100.0,NGN,Kaduna,,,,,,,,,,,,,,,,,,,,,,,,,,,,
,,,,,,,,,,,,user1063@pulse.africa,+2348094597065,CUST-00309,"[{'sku': 'SKU-0176', 'qty': 1, 'price': 25000}]",29.04,USD,1687481144.0,Abuja,106 Sabon Gari Rd,Abuja,NG,,,,,,,,,,,,,,
,,,,,,,,,,,,,,,"[{'sku': 'SKU-0062', 'qty': 1, 'price': 18000}]",,,,,,,,,,ORD-000901,2023-11-30 15:47,18000.0,NGN,Abuja,,CUST-00312,user132@mail.com,+2348039990423,211 Alausa Rd,Abuja,NG
,,,,,,,,,,,,user1083@shop.ng,+2348088161731,CUST-00403,"[{'productSku': 'SKU-0034', 'qty': 1, 'price': 6700}]",6700.0,NGN,1701879302.0,Kano,,,,"174 Wuse Rd, Kano",,,,,,,,,,,,,
ORD-000903,2023-11-10 01:59:49+00:00,user760@example.com,+2348049812119,,"[{'sku': 'SKU-0156', 'quantity': 1, 'unit_price': 12000}, {'sku': 'SKU-0066', 'quantity': 3, 'unit_price': 3000}, {'sku': 'SKU-0141', 'quantity': 2, 'unit_price': 4200}, {'sku': 'SKU-0066', 'quantity': 3, 'unit_price': 3000}, {'sku': 'SKU-0101', 'quantity': 2, 'unit_price': 2700}]",43800.0,NGN,Lagos,49 Wuse Rd,Lagos,NG,,,,,,,,,,,,,,,,,,,,,,,,,
,,,,,,,,,,,,user426@example.com,,,"[{'sku': 'SKU-0219', 'qty': 1, 'price': 18200}]",18200.0,NGN,1697390393.0,Abuja,,,,"116 GRA Rd, Abuja",,,,,,,,,,,,,
,,,,,,,,,,,,user998@shop.ng,+2348018645137,CUST-00092,"[{'sku': 'SKU-0212', 'qty': 1, 'price': 12000}, {'sku': 'SKU-0141', 'qty': 3, 'price': 4500}, {'sku': 'SKU-0181', 'qty': 3, 'price': 9200}, {'sku': 'SKU-0145', 'qty': 2, 'price': 7500}, {'sku': 'SKU-0192', 'qty': 3, 'price': 6500}]",87600.0,NGN,1699408174.0,Kaduna,,,,"49 Alausa Rd, Kaduna",,,,,,,,,,,,,
,,,,,,,,,,,,,,,"[{'sku': 'SKU-0203', 'qty': 2, 'price': 2500}, {'sku': 'SKU-0041', 'qty': 1, 'price': 7000}, {'sku': 'SKU-0108', 'qty': 2, 'price': 7000}, {'sku': 'SKU-0046', 'qty': 2, 'price': 7000}, {'sku': 'SKU-0186', 'qty': 1, 'price': 4200}]",,,,,,,,,,ORD-000906,2023-03-02 06:14,44200.0,NGN,Abuja,,CUST-00157,user479@example.com,,,,
,,,,,,,,,,,,,,,"[{'sku': 'SKU-0058', 'qty': 1, 'price': 4200}]",,,,,,,,,,ORD-000907,2023-03-25 16:51,4200.0,NGN,Abuja,,CUST-00452,,+2348099969836,201 Wuse Rd,Abuja,NG
,,,,,,,,,,,,,,,"[{'sku': 'SKU-0198', 'qty': 2, 'price': 18500}, {'sku': 'SKU-0192', 'qty': 2, 'price': 6700}]",,,,,,,,,,ORD-000908,2023-06-19 22:09,58.33,USD,Kaduna,,,user432@example.com,,234 Garki Rd,Kaduna,NG
,,,,,,,,,,,,user272@pulse.africa,,CUST-00168,"[{'productSku': 'SKU-0043', 'qty': 1, 'price': 6500}, {'productSku': 'SKU-0055', 'qty': 2, 'price': 6700}, {'productSku': 'SKU-0011', 'qty': 1, 'price': 25500}, {'productSku': 'SKU-0117', 'qty': 1, 'price': 6500}]",51900.0,NGN,1698354102.0,Kano,,,,"113 Wuse Rd, Kano",,,,,,,,,,,,,
,,,,,,,,,,,,user903@mail.com,+2348072969714,CUST-00550,"[{'productSku': 'SKU-0164', 'qty': 3, 'price': 26000}, {'productSku': 'SKU-0082', 'qty': 2, 'price': 7500}, {'productSku': 'SKU-0027', 'qty': 3, 'price': 2700}, {'productSku': 'SKU-0067', 'qty': 1, 'price': 10000}]",111100.0,NGN,1688052471.0,Lagos,87 GRA Rd,Lagos,NG,,,,,,,,,,,,,,
,,,,,,,,,,,,,,,"[{'sku': 'SKU-0205', 'qty': 3, 'price': 7000}]",,,,,,,,,,ORD-000911,2023-05-03 23:27,21000.0,NGN,PH,"49 Wuse Rd, PH",CUST-00289,user1039@mail.com,+2348075158383,,,
,,,,,,,,,,,,,,,"[{'sku': 'SKU-0033', 'qty': 1, 'price': 12000}]",,,,,,,,,,ORD-000912,2023-11-05 12:36,13.64,USD,Abuja,"236 GRA Rd, Abuja",CUST-00526,,+2348084195414,,,
,,,,,,,,,,,,,,,"[{'sku': 'SKU-0074', 'qty': 3, 'price': 2500}, {'sku': 'SKU-0204', 'qty': 3, 'price': 1700}, {'sku': 'SKU-0153', 'qty': 1, 'price': 9500}, {'sku': 'SKU-0026', 'qty': 3, 'price': 7000}]",,,,,,,,,,ORD-000913,2023-06-26 11:27,43100.0,NGN,Lagos,,,user225@shop.ng,,,,
ORD-000914,2023-10-18 15:57:01+00:00,user770@mail.com,+2348053017146,,"[{'sku': 'SKU-0056', 'quantity': 3, 'unit_price': 26000}, {'sku': 'SKU-0046', 'quantity': 1, 'unit_price': 6500}]",84500.0,NGN,Kano,67 GRA Rd,Kano,NG,,,,,,,,,,,,,,,,,,,,,,,,,
ORD-000915,2023-11-27 02:32:59+00:00,user38@pulse.africa,+2348079600607,,"[{'sku': 'SKU-0189', 'quantity': 3, 'unit_price': 4000}, {'sku': 'SKU-0177', 'quantity': 3, 'unit_price': 1700}]",17100.0,NGN,Abuja,,,,,,,,,,,,,,,,"154 GRA Rd, Abuja",,,,,,,,,,,,
,,,,,,,,,,,,,,,"[{'sku': 'SKU-0205', 'qty': 1, 'price': 6500}]",,,,,,,,,,ORD-000916,2023-04-16 05:33,6.87,USD,Kaduna,"160 Garki Rd, Kaduna",CUST-00701,user1254@pulse.africa,+2348070155720,,,
,,,,,,,,,,,,user350@mail.com,+2348086133493,CUST-00486,"[{'sku': 'SKU-0153', 'qty': 3, 'price': 9500}, {'sku': 'SKU-0106', 'qty': 1, 'price': 25500}]",54000.0,NGN,1694607755.0,Abuja,,,,,,,,,,,,,,,,,
ORD-000918,2023-07-30 18:40:30+00:00,user240@example.com,+2348065098084,CUST-00155,"[{'sku': 'SKU-0207', 'quantity': 3, 'unit_price': 9200}, {'sku': 'SKU-0007', 'quantity': 3, 'unit_price': 7000}]",48600.0,NGN,Lagos,,,,,,,,,,,,,,,,"39 GRA Rd, Lagos",,,,,,,,,,,,
,,,,,,,,,,,,user156@pulse.africa,+2348093685072,CUST-00044,"[{'sku': 'SKU-0059', 'qty': 2, 'price': 4200}, {'sku': 'SKU-0118', 'qty': 3, 'price': 6700}, {'sku': 'SKU-0165', 'qty': 2, 'price': 9200}, {'sku': 'SKU-0211', 'qty': 3, 'price': 3000}]",55900.0,NGN,1696057266.0,PH,,,,"166 GRA Rd, PH",,,,,,,,,,,,,
,,,,,,,,,,,,user1048@example.com,+2348082252947,CUST-00382,"[{'sku': 'SKU-0194', 'qty': 1, 'price': 2500}, {'sku': 'SKU-0069', 'qty': 3, 'price': 9200}, {'sku': 'SKU-0180', 'qty': 1, 'price': 12000}, {'sku': 'SKU-0209', 'qty': 3, 'price': 6500}, {'sku': 'SKU-0045', 'qty': 1, 'price': 9000}]",78.97,USD,1676120489.0,Abuja,,,,,,,,,,,,,,,,,
ORD-000921,2023-06-05 21:54:36+00:00,user798@pulse.africa,+2348027926819,,"[{'sku': 'SKU-0026', 'quantity': 3, 'unit_price': 6500}]",19500.0,NGN,Kano,173 Alausa Rd,Kano,NG,,,,,,,,,,,,,,,,,,,,,,,,,
ORD-000922,2023-03-10 23:55:26+00:00,user265@mail.com,+2348034198463,,"[{'sku': 'SKU-0127', 'quantity': 2, 'unit_price': 19000}, {'sku': 'SKU-0062', 'quantity': 2, 'unit_price': 18500}, {'sku': 'SKU-0198', 'quantity': 3, 'unit_price': 19000}, {'sku': 'SKU-0163', 'quantity': 2, 'unit_price': 9500}, {'sku': 'SKU-0102', 'quantity': 3, 'unit_price': 12500}]",188500.0,NGN,PH,,,,,,,,,,,,,,,,,,,,,,,,,,,,
ORD-000923,2023-11-11 01:17:18+00:00,user445@example.com,+2348075175799,,"[{'sku': 'SKU-0019', 'quantity': 1, 'unit_price': 12200}, {'sku': 'SKU-0004', 'quantity': 2, 'unit_price': 2500}]",17200.0,NGN,Abuja,235 GRA Rd,Abuja,NG,,,,,,,,,,,,,,,,,,,,,,,,,
,,,,,,,,,,,,user1256@pulse.africa,+2348080712066,CUST-00603,"[{'sku': 'SKU-0120', 'qty': 3, 'price': 19000}]",57000.0,NGN,1701584006.0,Lagos,,,,,,,,,,,,,,,,,
,,,,,,,,,,,,,,,"[{'sku': 'SKU-0014', 'qty': 1, 'price': 19000}]",,,,,,,,,,ORD-000925,2023-10-13 14:00,19000.0,NGN,PH,"51 Garki Rd, PH",,user345@example.com,,,,
,,,,,,,,,,,,,,,"[{'sku': 'SKU-0024', 'qty': 1, 'price': 9500}, {'sku': 'SKU-0161', 'qty': 1, 'price': 12500}]",,,,,,,,,,ORD-000926,2023-07-31 06:11,22000.0,NGN,Kaduna,,,user482@example.com,+2348084242633,237 Wuse Rd,Kaduna,NG
,,,,,,,,,,,,user418@mail.com,+2348064694937,CUST-00395,"[{'sku': 'SKU-0015', 'qty': 1, 'price': 10000}, {'sku': 'SKU-0101', 'qty': 3, 'price': 3500}, {'sku': 'SKU-0041', 'qty': 2, 'price': 7500}, {'sku': 'SKU-0062', 'qty': 1, 'price': 18200}, {'sku': 'SKU-0216', 'qty': 3, 'price': 4200}]",67.79,USD,1678266192.0,PH,22 GRA Rd,PH,NG,,,,,,,,,,,,,,
,,,,,,,,,,,,,,,"[{'productSku': 'SKU-0101', 'qty': 2, 'price': 2500}, {'productSku': 'SKU-0063', 'qty': 2, 'price': 25500}]",63.85,USD,1690728809.0,Kaduna,,,,"41 Garki Rd, Kaduna",,,,,,,,,,,,,
,,,,,,,,,,,,,,,"[{'sku': 'SKU-0187', 'qty': 1, 'price': 2000}, {'sku': 'SKU-0047', 'qty': 2, 'price': 12000}, {'sku': 'SKU-0135', 'qty': 2, 'price': 7000}, {'sku': 'SKU-0181', 'qty': 3, 'price': 9000}, {'sku': 'SKU-0103', 'qty': 2, 'price': 7500}]",,,,,,,,,,ORD-000929,2023-02-08 12:08,82000.0,NGN,PH,,CUST-00433,user1482@pulse.africa,+2348032420823,,,
,,,,,,,,,,,,user1093@mail.com,+2348050118830,CUST-00608,"[{'productSku': 'SKU-0063', 'qty': 1, 'price': 25200}, {'productSku': 'SKU-0119', 'qty': 3, 'price': 26000}, {'productSku': 'SKU-0104', 'qty': 1, 'price': 26000}]",148.15,USD,1690068312.0,Lagos,,,,"128 Garki Rd, Lagos",,,,,,,,,,,,,
,,,,,,,,,,,,user333@pulse.africa,+2348090845239,CUST-00608,"[{'productSku': 'SKU-0096', 'qty': 2, 'price': 2500}, {'productSku': 'SKU-0136', 'qty': 2, 'price': 6700}, {'productSku': 'SKU-0156', 'qty': 2, 'price': 12000}, {'productSku': 'SKU-0035', 'qty': 2, 'price': 10000}]",62400.0,NGN,1700109877.0,Abuja,,,,"112 Alausa Rd, Abuja",,,,,,,,,,,,,
,,,,,,,,,,,,,,,"[{'sku': 'SKU-0113', 'qty': 2, 'price': 2500}]",,,,,,,,,,ORD-000932,2023-08-13 23:45,5000.0,NGN,PH,,CUST-00434,user624@example.com,+2348087053633,125 Alausa Rd,PH,NG
,,,,,,,,,,,,user231@shop.ng,+2348048785602,CUST-00517,"[{'sku': 'SKU-0078', 'qty': 3, 'price': 2500}, {'sku': 'SKU-0065', 'qty': 3, 'price': 2000}, {'sku': 'SKU-0175', 'qty': 3, 'price': 9500}, {'sku': 'SKU-0103', 'qty': 2, 'price': 6500}]",61.18,USD,1698765627.0,PH,133 Sabon Gari Rd,PH,NG,,,,,,,,,,,,,,
,,,,,,,,,,,,user1311@shop.ng,+2348053844504,CUST-00620,"[{'sku': 'SKU-0097', 'qty': 2, 'price': 6500}]",13000.0,NGN,1699657517.0,PH,31 Alausa Rd,PH,NG,,,,,,,,,,,,,,
ORD-000935,2023-01-16 04:17:38+00:00,user1174@mail.com,+2348015522926,,"[{'sku': 'SKU-0074', 'quantity': 3, 'unit_price': 2500}, {'sku': 'SKU-0004', 'quantity': 3, 'unit_price': 2700}, {'sku': 'SKU-0069', 'quantity': 3, 'unit_price': 9500}, {'sku': 'SKU-0091', 'quantity': 3, 'unit_price': 9000}]",71100.0,NGN,Kaduna,,,,,,,,,,,,,,,,"79 GRA Rd, Kaduna",,,,,,,,,,,,
,,,,,,,,,,,,,+2348056293495,CUST-00014,"[{'sku': 'SKU-0213', 'qty': 3, 'price': 18000}, {'sku': 'SKU-0141', 'qty': 2, 'price': 5000}, {'sku': 'SKU-0060', 'qty': 1, 'price': 18200}]",85.27,USD,1692496234.0,Kaduna,195 Wuse Rd,Kaduna,NG,,,,,,,,,,,,,,
,,,,,,,,,,,,user898@pulse.africa,+2348086434610,,"[{'productSku': 'SKU-0091', 'qty': 2, 'price': 9500}]",19000.0,NGN,1684472919.0,Abuja,,,,,,,,,,,,,,,,,
,,,,,,,,,,,,,,,"[{'sku': 'SKU-0120', 'qty': 1, 'price': 19000}, {'sku': 'SKU-0164', 'qty': 1, 'price': 25000}, {'sku': 'SKU-0028', 'qty': 3, 'price': 6700}, {'sku': 'SKU-0109', 'qty': 2, 'price': 2500}, {'sku': 'SKU-0012', 'qty': 1, 'price': 9500}]",,,,,,,,,,ORD-000938,2023-09-11 20:15,84.79,USD,Lagos,,CUST-00259,user1220@example.com,+2348046810385,245 Wuse Rd,Lagos,NG
ORD-000939,2023-11-14 20:58:29+00:00,user979@mail.com,+2348067105644,CUST-00612,"[{'sku': 'SKU-0077', 'quantity': 1, 'unit_price': 13000}, {'sku': 'SKU-0036', 'quantity': 1, 'unit_price': 2500}]",15500.0,NGN,Kano,48 Garki Rd,Kano,NG,,,,,,,,,,,,,,,,,,,,,,,,,
,,,,,,,,,,,,,,,"[{'sku': 'SKU-0162', 'qty': 3, 'price': 7000}, {'sku': 'SKU-0112', 'qty': 1, 'price': 25500}]",,,,,,,,,,ORD-000940,2023-05-09 20:27,46500.0,NGN,Abuja,,CUST-00399,user591@pulse.africa,+2348039908720,84 Garki Rd,Abuja,NG
,,,,,,,,,,,,,,,"[{'sku': 'SKU-0001', 'qty': 2, 'price': 9000}, {'sku': 'SKU-0035', 'qty': 2, 'price': 9500}, {'sku': 'SKU-0186', 'qty': 2, 'price': 4200}]",,,,,,,,,,ORD-000941,2023-07-27 12:45,45400.0,NGN,Abuja,,CUST-00611,,+2348062933653,,,
,,,,,,,,,,,,,,,"[{'sku': 'SKU-0060', 'qty': 3, 'price': 18200}, {'sku': 'SKU-0162', 'qty': 2, 'price': 7500}, {'sku': 'SKU-0040', 'qty': 2, 'price': 9500}, {'sku': 'SKU-0137', 'qty': 3, 'price': 1700}]",,,,,,,,,,ORD-000942,2023-12-28 09:03,93700.0,NGN,Lagos,,CUST-00730,user1135@pulse.africa,,79 Garki Rd,Lagos,NG
ORD-000943,2023-02-24 08:21:51+00:00,,+2348017009579,CUST-00460,"[{'sku': 'SKU-0103', 'quantity': 1, 'unit_price': 7000}]",7000.0,NGN,Kano,,,,,,,,,,,,,,,,"164 Alausa Rd, Kano",,,,,,,,,,,,
,,,,,,,,,,,,user606@example.com,+2348071907135,CUST-00762,"[{'sku': 'SKU-0116', 'qty': 2, 'price': 12500}, {'sku': 'SKU-0120', 'qty': 1, 'price': 18500}, {'sku': 'SKU-0163', 'qty': 1, 'price': 9500}, {'sku': 'SKU-0197', 'qty': 1, 'price': 4500}]",57500.0,NGN,1675643244.0,Kano,,,,,,,,,,,,,,,,,
,,,,,,,,,,,,user171@example.com,+2348042164731,,"[{'productSku': 'SKU-0074', 'qty': 3, 'price': 2700}, {'productSku': 'SKU-0009', 'qty': 2, 'price': 6700}, {'productSku': 'SKU-0125', 'qty': 3, 'price': 1500}]",26000.0,NGN,1687948197.0,Abuja,134 GRA Rd,Abuja,NG,,,,,,,,,,,,,,
,,,,,,,,,,,,,,,"[{'sku': 'SKU-0136', 'qty': 1, 'price': 6500}, {'sku': 'SKU-0090', 'qty': 1, 'price': 7500}, {'sku': 'SKU-0139', 'qty': 2, 'price': 1700}, {'sku': 'SKU-0002', 'qty': 2, 'price': 7500}, {'sku': 'SKU-0047', 'qty': 2, 'price': 12000}]",,,,,,,,,,ORD-000946,2023-07-19 05:19,56400.0,NGN,Kaduna,,,user837@pulse.africa,+2348038549035,187 Garki Rd,Kaduna,NG
,,,,,,,,,,,,user1206@example.com,+2348040129718,CUST-00607,"[{'sku': 'SKU-0144', 'qty': 1, 'price': 3000}, {'sku': 'SKU-0108', 'qty': 3, 'price': 7500}, {'sku': 'SKU-0048', 'qty': 2, 'price': 25500}, {'sku': 'SKU-0097', 'qty': 2, 'price': 6500}, {'sku': 'SKU-0188', 'qty': 2, 'price': 5000}]",99500.0,NGN,1674209006.0,Lagos,,,,"102 Garki Rd, Lagos",,,,,,,,,,,,,
ORD-000948,2023-09-02 07:41:00+00:00,user1401@pulse.africa,,CUST-00545,"[{'sku': 'SKU-0087', 'quantity': 1, 'unit_price': 25000}, {'sku': 'SKU-0176', 'quantity': 1, 'unit_price': 25000}, {'sku': 'SKU-0012', 'quantity': 3, 'unit_price': 9500}]",78500.0,NGN,Kaduna,139 GRA Rd,Kaduna,NG,,,,,,,,,,,,,,,,,,,,,,,,,
,,,,,,,,,,,,user938@pulse.africa,+2348085301514,CUST-00687,"[{'sku': 'SKU-0166', 'qty': 2, 'price': 2500}, {'sku': 'SKU-0070', 'qty': 3, 'price': 4500}]",18500.0,NGN,1682279077.0,Kano,95 Wuse Rd,Kano,NG,,,,,,,,,,,,,,
ORD-000950,2023-10-20 21:58:04+00:00,user948@example.com,+2348050163276,,"[{'sku': 'SKU-0132', 'quantity': 3, 'unit_price': 9000}, {'sku': 'SKU-0215', 'quantity': 3, 'unit_price': 2500}]",34500.0,NGN,PH,,,,,,,,,,,,,,,,"49 GRA Rd, PH",,,,,,,,,,,,
ORD-000951,2023-12-16 00:37:07+00:00,,+2348039210851,CUST-00536,"[{'sku': 'SKU-0003', 'quantity': 2, 'unit_price': 3000}, {'sku': 'SKU-0067', 'quantity': 2, 'unit_price': 9000}, {'sku': 'SKU-0202', 'quantity': 2, 'unit_price': 4200}, {'sku': 'SKU-0108', 'quantity': 2, 'unit_price': 6700}]",45800.0,NGN,Lagos,54 GRA Rd,Lagos,NG,,,,,,,,,,,,,,,,,,,,,,,,,
ORD-000952,2023-11-26 16:31:11+00:00,,+2348055172233,CUST-00552,"[{'sku': 'SKU-0198', 'quantity': 1, 'unit_price': 18200}]",18200.0,NGN,PH,228 Alausa Rd,PH,NG,,,,,,,,,,,,,,,,,,,,,,,,,
,,,,,,,,,,,,user867@mail.com,+2348060152980,,"[{'productSku': 'SKU-0213', 'qty': 1, 'price': 19000}, {'productSku': 'SKU-0119', 'qty': 3, 'price': 25000}]",94000.0,NGN,1694566099.0,PH,,,,,,,,,,,,,,,,,
,,,,,,,,,,,,user1091@mail.com,+2348073660887,,"[{'sku': 'SKU-0191', 'qty': 1, 'price': 2000}, {'sku': 'SKU-0049', 'qty': 1, 'price': 26000}, {'sku': 'SKU-0005', 'qty': 3, 'price': 18000}, {'sku': 'SKU-0031', 'qty': 3, 'price': 9200}]",109600.0,NGN,1690598954.0,Lagos,,,,"166 Sabon Gari Rd, Lagos",,,,,,,,,,,,,
ORD-000955,2023-01-17 09:54:55+00:00,user88@pulse.africa,+2348028203817,CUST-00515,"[{'sku': 'SKU-0176', 'quantity': 3, 'unit_price': 25500}]",76500.0,NGN,PH,,,,,,,,,,,,,,,,"183 Wuse Rd, PH",,,,,,,,,,,,
,,,,,,,,,,,,,,,"[{'sku': 'SKU-0127', 'qty': 1, 'price': 19000}, {'sku': 'SKU-0193', 'qty': 2, 'price': 6700}, {'sku': 'SKU-0112', 'qty': 1, 'price': 25200}, {'sku': 'SKU-0176', 'qty': 2, 'price': 26000}, {'sku': 'SKU-0145', 'qty': 1, 'price': 6700}]",,,,,,,,,,ORD-000956,2023-12-18 18:27,116300.0,NGN,Kano,,CUST-00062,user1284@pulse.africa,+2348067740709,,,
ORD-000957,2023-06-24 21:41:06+00:00,user381@pulse.africa,+2348025527671,,"[{'sku': 'SKU-0166', 'quantity': 2, 'unit_price': 2500}]",5000.0,NGN,Abuja,,,,,,,,,,,,,,,,,,,,,,,,,,,,
ORD-000958,2023-09-21 15:16:20+00:00,,,,"[{'sku': 'SKU-0168', 'quantity': 1, 'unit_price': 2700}]",2700.0,NGN,PH,197 Wuse Rd,PH,NG,,,,,,,,,,,,,,,,,,,,,,,,,
ORD-000959,2023-12-22 00:08:48+00:00,user946@pulse.africa,+2348037479430,CUST-00639,"[{'sku': 'SKU-0045', 'quantity': 3, 'unit_price': 9000}, {'sku': 'SKU-0096', 'quantity': 2, 'unit_price': 2000}, {'sku': 'SKU-0017', 'quantity': 3, 'unit_price': 3500}]",41500.0,NGN,Abuja,,,,,,,,,,,,,,,,"224 Sabon Gari Rd, Abuja",,,,,,,,,,,,
ORD-000960,2023-01-17 15:25:31+00:00,user997@shop.ng,+2348028028246,CUST-00009,"[{'sku': 'SKU-0009', 'quantity': 1, 'unit_price': 6500}]",6500.0,NGN,Kano,131 Alausa Rd,Kano,NG,,,,,,,,,,,,,,,,,,,,,,,,,
ORD-000961,2023-09-20 16:48:18+00:00,user1351@example.com,+2348033237546,,"[{'sku': 'SKU-0029', 'quantity': 3, 'unit_price': 2700}, {'sku': 'SKU-0151', 'quantity': 2, 'unit_price': 6700}, {'sku': 'SKU-0005', 'quantity': 3, 'unit_price': 19000}, {'sku': 'SKU-0147', 'quantity': 1, 'unit_price': 7500}]",86000.0,NGN,Kano,,,,,,,,,,,,,,,,"196 Sabon Gari Rd, Kano",,,,,,,,,,,,
,,,,,,,,,,,,user403@example.com,+2348067018138,CUST-00465,"[{'productSku': 'SKU-0193', 'qty': 2, 'price': 6500}, {'productSku': 'SKU-0219', 'qty': 3, 'price': 18200}, {'productSku': 'SKU-0212', 'qty': 2, 'price': 13000}]",93600.0,NGN,1687776479.0,Kano,246 GRA Rd,Kano,NG,,,,,,,,,,,,,,
ORD-000963,2023-11-22 21:23:10+00:00,user421@shop.ng,+2348058203522,CUST-00067,"[{'sku': 'SKU-0051', 'quantity': 2, 'unit_price': 6700}]",13400.0,NGN,Kano,57 Garki Rd,Kano,NG,,,,,,,,,,,,,,,,,,,,,,,,,
ORD-000964,2023-10-23 12:51:23+00:00,user542@mail.com,+2348045160491,CUST-00406,"[{'sku': 'SKU-0003', 'quantity': 2, 'unit_price': 2500}, {'sku': 'SKU-0059', 'quantity': 3, 'unit_price': 4000}, {'sku': 'SKU-0154', 'quantity': 1, 'unit_price': 4000}, {'sku': 'SKU-0089', 'quantity': 1, 'unit_price': 19000}]",44.59,USD,Kaduna,,,,,,,,,,,,,,,,,,,,,,,,,,,,
,,,,,,,,,,,,,,,"[{'sku': 'SKU-0008', 'qty': 3, 'price': 2000}, {'sku': 'SKU-0115', 'qty': 2, 'price': 18200}, {'sku': 'SKU-0001', 'qty': 2, 'price': 9500}, {'sku': 'SKU-0016', 'qty': 1, 'price': 6500}, {'sku': 'SKU-0181', 'qty': 3, 'price': 10000}]",,,,,,,,,,ORD-000965,2023-12-14 08:46,97900.0,NGN,Lagos,"200 Garki Rd, Lagos",CUST-00279,,+2348046335771,,,
,,,,,,,,,,,,user161@shop.ng,+2348029347898,,"[{'sku': 'SKU-0123', 'qty': 3, 'price': 25500}, {'sku': 'SKU-0025', 'qty': 3, 'price': 12200}, {'sku': 'SKU-0036', 'qty': 2, 'price': 3500}, {'sku': 'SKU-0007', 'qty': 3, 'price': 7500}, {'sku': 'SKU-0038', 'qty': 3, 'price': 7500}]",173.06,USD,1675057290.0,Lagos,,,,,,,,,,,,,,,,,
,,,,,,,,,,,,user1409@shop.ng,+2348073738810,CUST-00539,"[{'sku': 'SKU-0107', 'qty': 1, 'price': 25000}, {'sku': 'SKU-0136', 'qty': 3, 'price': 6500}]",44500.0,NGN,1694196832.0,Abuja,,,,,,,,,,,,,,,,,
,,,,,,,,,,,,user1170@pulse.africa,+2348082974361,CUST-00739,"[{'sku': 'SKU-0199', 'qty': 1, 'price': 4000}, {'sku': 'SKU-0152', 'qty': 2, 'price': 12200}]",28400.0,NGN,1678229924.0,Lagos,3 Sabon Gari Rd,Lagos,NG,,,,,,,,,,,,,,
,,,,,,,,,,,,,,,"[{'sku': 'SKU-0062', 'qty': 1, 'price': 18500}, {'sku': 'SKU-0204', 'qty': 3, 'price': 1500}, {'sku': 'SKU-0006', 'qty': 2, 'price': 1700}, {'sku': 'SKU-0157', 'qty': 2, 'price': 1500}]",,,,,,,,,,ORD-000969,2023-01-24 06:36,29400.0,NGN,Lagos,"98 GRA Rd, Lagos",CUST-00671,user329@example.com,,,,
,,,,,,,,,,,,user141@shop.ng,+2348071040634,CUST-00561,"[{'sku': 'SKU-0126', 'qty': 1, 'price': 6700}, {'sku': 'SKU-0030', 'qty': 1, 'price': 3000}, {'sku': 'SKU-0080', 'qty': 3, 'price': 2000}, {'sku': 'SKU-0190', 'qty': 2, 'price': 9000}]",38.38,USD,1688389494.0,Lagos,,,,"63 Wuse Rd, Lagos",,,,,,,,,,,,,
,,,,,,,,,,,,,,,"[{'sku': 'SKU-0219', 'qty': 1, 'price': 18200}, {'sku': 'SKU-0092', 'qty': 1, 'price': 12000}, {'sku': 'SKU-0165', 'qty': 2, 'price': 9000}]",,,,,,,,,,ORD-000971,2023-10-22 23:45,48200.0,NGN,Kano,,,user553@example.com,,240 Alausa Rd,Kano,NG
ORD-000972,2023-10-16 03:04:55+00:00,user615@example.com,+2348027976656,CUST-00668,"[{'sku': 'SKU-0046', 'quantity': 2, 'unit_price': 6500}, {'sku': 'SKU-0053', 'quantity': 3, 'unit_price': 18200}, {'sku': 'SKU-0107', 'quantity': 3, 'unit_price': 25500}, {'sku': 'SKU-0080', 'quantity': 1, 'unit_price': 1700}]",150.31,USD,Kaduna,,,,,,,,,,,,,,,,"89 Sabon Gari Rd, Kaduna",,,,,,,,,,,,
ORD-000973,2023-02-13 11:25:09+00:00,user1100@example.com,,,"[{'sku': 'SKU-0033', 'quantity': 1, 'unit_price': 12000}]",12000.0,NGN,Kaduna,,,,,,,,,,,,,,,,"226 Wuse Rd, Kaduna",,,,,,,,,,,,
,,,,,,,,,,,,user473@shop.ng,+2348084825073,,"[{'sku': 'SKU-0105', 'qty': 2, 'price': 5000}, {'sku': 'SKU-0142', 'qty': 2, 'price': 3500}, {'sku': 'SKU-0032', 'qty': 1, 'price': 13000}, {'sku': 'SKU-0097', 'qty': 1, 'price': 6500}, {'sku': 'SKU-0128', 'qty': 3, 'price': 25500}]",113000.0,NGN,1682112190.0,PH,145 Alausa Rd,PH,NG,,,,,,,,,,,,,,
,,,,,,,,,,,,user413@shop.ng,+2348093930001,CUST-00542,"[{'sku': 'SKU-0021', 'qty': 2, 'price': 25500}, {'sku': 'SKU-0011', 'qty': 1, 'price': 26000}]",77000.0,NGN,1700930690.0,PH,,,,,,,,,,,,,,,,,
,,,,,,,,,,,,,,,"[{'sku': 'SKU-0130', 'qty': 2, 'price': 4500}, {'sku': 'SKU-0114', 'qty': 1, 'price': 2700}, {'sku': 'SKU-0030', 'qty': 1, 'price': 3500}]",,,,,,,,,,ORD-000976,2023-04-19 04:45,15200.0,NGN,PH,,CUST-00152,user20@mail.com,,,,
ORD-000977,2023-09-24 12:57:31+00:00,,+2348060587113,,"[{'sku': 'SKU-0091', 'quantity': 2, 'unit_price': 9000}]",19.89,USD,Abuja,,,,,,,,,,,,,,,,"75 Wuse Rd, Abuja",,,,,,,,,,,,
,,,,,,,,,,,,user48@example.com,+2348094258614,,"[{'sku': 'SKU-0000', 'qty': 3, 'price': 2500}]",7500.0,NGN,1676263455.0,PH,,,,,,,,,,,,,,,,,
,,,,,,,,,,,,,,,"[{'sku': 'SKU-0172', 'qty': 3, 'price': 10000}, {'sku': 'SKU-0189', 'qty': 3, 'price': 4000}, {'sku': 'SKU-0099', 'qty': 1, 'price': 3000}, {'sku': 'SKU-0076', 'qty': 3, 'price': 6500}, {'sku': 'SKU-0218', 'qty': 3, 'price': 3500}]",,,,,,,,,,ORD-000979,2023-12-29 15:49,75000.0,NGN,Kaduna,"176 Garki Rd, Kaduna",,user104@example.com,+2348089119532,,,
,,,,,,,,,,,,,,,"[{'sku': 'SKU-0114', 'qty': 1, 'price': 2500}, {'sku': 'SKU-0133', 'qty': 1, 'price': 9500}]",,,,,,,,,,ORD-000980,2023-12-12 18:22,12000.0,NGN,Lagos,,CUST-00662,user531@pulse.africa,+2348086951198,80 Garki Rd,Lagos,NG
,,,,,,,,,,,,,,,"[{'sku': 'SKU-0017', 'qty': 2, 'price': 2700}]",,,,,,,,,,ORD-000981,2023-09-04 23:13,5400.0,NGN,Kano,,,user62@shop.ng,+2348087142195,65 Sabon Gari Rd,Kano,NG
,,,,,,,,,,,,user456@shop.ng,+2348048787039,,"[{'sku': 'SKU-0113', 'qty': 1, 'price': 1500}, {'sku': 'SKU-0024', 'qty': 1, 'price': 9200}, {'sku': 'SKU-0068', 'qty': 3, 'price': 12000}, {'sku': 'SKU-0207', 'qty': 1, 'price': 9000}]",55700.0,NGN,1681702909.0,Kaduna,39 Wuse Rd,Kaduna,NG,,,,,,,,,,,,,,
,,,,,,,,,,,,,+2348031403749,CUST-00466,"[{'productSku': 'SKU-0067', 'qty': 3, 'price': 9500}, {'productSku': 'SKU-0034', 'qty': 2, 'price': 6700}, {'productSku': 'SKU-0202', 'qty': 2, 'price': 4200}, {'productSku': 'SKU-0105', 'qty': 2, 'price': 4200}]",64.79,USD,1702302120.0,Lagos,198 GRA Rd,Lagos,NG,,,,,,,,,,,,,,
ORD-000984,2023-02-11 15:01:00+00:00,user37@pulse.africa,+2348063362652,CUST-00336,"[{'sku': 'SKU-0175', 'quantity': 2, 'unit_price': 9000}]",18500.0,NGN,PH,,,,,,,,,,,,,,,,,,,,,,,,,,,,
ORD-000985,2023-08-22 15:27:31+00:00,user178@example.com,,CUST-00535,"[{'sku': 'SKU-0014', 'quantity': 2, 'unit_price': 19000}, {'sku': 'SKU-0104', 'quantity': 1, 'unit_price': 25000}]",63000.0,NGN,Abuja,233 Garki Rd,Abuja,NG,,,,,,,,,,,,,,,,,,,,,,,,,
,,,,,,,,,,,,,,,"[{'sku': 'SKU-0089', 'qty': 1, 'price': 18200}]",,,,,,,,,,ORD-000986,2023-08-09 12:15,18200.0,NGN,Kaduna,,CUST-00546,user24@shop.ng,+2348068415071,58 Sabon Gari Rd,Kaduna,NG
,,,,,,,,,,,,user682@mail.com,,CUST-00110,"[{'productSku': 'SKU-0036', 'qty': 2, 'price': 3500}, {'productSku': 'SKU-0056', 'qty': 3, 'price': 25500}]",83500.0,NGN,1674074821.0,Kano,,,,"191 Garki Rd, Kano",,,,,,,,,,,,,
,,,,,,,,,,,,,,,"[{'sku': 'SKU-0142', 'qty': 2, 'price': 2500}, {'sku': 'SKU-0125', 'qty': 2, 'price': 1700}, {'sku': 'SKU-0041', 'qty': 2, 'price': 6500}]",,,,,,,,,,ORD-000988,2023-04-11 18:27,21400.0,NGN,Abuja,"217 Wuse Rd, Abuja",,user376@shop.ng,+2348010509134,,,
ORD-000989,2023-12-30 02:20:29+00:00,user124@mail.com,+2348014898870,CUST-00679,"[{'sku': 'SKU-0039', 'quantity': 1, 'unit_price': 25500}, {'sku': 'SKU-0019', 'quantity': 3, 'unit_price': 13000}, {'sku': 'SKU-0104', 'quantity': 3, 'unit_price': 26000}, {'sku': 'SKU-0130', 'quantity': 2, 'unit_price': 4500}]",151500.0,NGN,Kano,,,,,,,,,,,,,,,,"239 Alausa Rd, Kano",,,,,,,,,,,,
ORD-000990,2023-07-14 09:54:59+00:00,user689@shop.ng,+2348091148205,CUST-00114,"[{'sku': 'SKU-0077', 'quantity': 1, 'unit_price': 12200}, {'sku': 'SKU-0060', 'quantity': 2, 'unit_price': 18500}, {'sku': 'SKU-0207', 'quantity': 1, 'unit_price': 9500}, {'sku': 'SKU-0013', 'quantity': 2, 'unit_price': 5000}]",72.62,USD,PH,92 Garki Rd,PH,NG,,,,,,,,,,,,,,,,,,,,,,,,,
,,,,,,,,,,,,user208@shop.ng,+2348083377097,CUST-00091,"[{'sku': 'SKU-0102', 'qty': 3, 'price': 12500}]",38000.0,NGN,1698893397.0,Abuja,136 Garki Rd,Abuja,NG,,,,,,,,,,,,,,
,,,,,,,,,,,,user830@pulse.africa,+2348012454378,CUST-00024,"[{'productSku': 'SKU-0057', 'qty': 2, 'price': 2000}, {'productSku': 'SKU-0128', 'qty': 3, 'price': 25200}, {'productSku': 'SKU-0185', 'qty': 1, 'price': 3000}]",82600.0,NGN,1686927208.0,Abuja,,,,"26 Alausa Rd, Abuja",,,,,,,,,,,,,
,,,,,,,,,,,,,,,"[{'sku': 'SKU-0050', 'qty': 3, 'price': 9500}, {'sku': 'SKU-0021', 'qty': 3, 'price': 25200}, {'sku': 'SKU-0063', 'qty': 1, 'price': 25000}]",,,,,,,,,,ORD-000993,2023-11-13 14:00,129100.0,NGN,Kano,,,user1082@shop.ng,,128 Garki Rd,Kano,NG
,,,,,,,,,,,,user430@pulse.africa,+2348073732465,CUST-00034,"[{'productSku': 'SKU-0013', 'qty': 1, 'price': 4200}, {'productSku': 'SKU-0041', 'qty': 1, 'price': 6700}, {'productSku': 'SKU-0026', 'qty': 3, 'price': 7500}, {'productSku': 'SKU-0140', 'qty': 3, 'price': 25000}]",108400.0,NGN,1694068448.0,PH,62 Alausa Rd,PH,NG,,,,,,,,,,,,,,
,,,,,,,,,,,,,,,"[{'sku': 'SKU-0106', 'qty': 1, 'price': 25000}, {'sku': 'SKU-0161', 'qty': 2, 'price': 12200}, {'sku': 'SKU-0194', 'qty': 2, 'price': 2500}, {'sku': 'SKU-0184', 'qty': 3, 'price': 2000}, {'sku': 'SKU-0025', 'qty': 3, 'price': 12500}]",,,,,,,,,,ORD-000995,2023-08-18 00:20,97900.0,NGN,Kaduna,"113 Sabon Gari Rd, Kaduna",CUST-00537,user747@example.com,+2348020340310,,,
,,,,,,,,,,,,user959@example.com,+2348072806952,,"[{'sku': 'SKU-0120', 'qty': 1, 'price': 19000}]",19000.0,NGN,1678089440.0,Lagos,,,,,,,,,,,,,,,,,
,,,,,,,,,,,,user1221@shop.ng,+2348075821716,,"[{'sku': 'SKU-0199', 'qty': 3, 'price': 5000}]",16.87,USD,1695692462.0,PH,138 Garki Rd,PH,NG,,,,,,,,,,,,,,
,,,,,,,,,,,,,,,"[{'sku': 'SKU-0027', 'qty': 1, 'price': 2700}, {'sku': 'SKU-0204', 'qty': 2, 'price': 1500}, {'sku': 'SKU-0172', 'qty': 3, 'price': 9500}, {'sku': 'SKU-0200', 'qty': 2, 'price': 13000}, {'sku': 'SKU-0128', 'qty': 1, 'price': 25000}]",,,,,,,,,,ORD-000998,2023-06-23 18:09,85200.0,NGN,Kaduna,,,user398@mail.com,+2348063051082,42 Alausa Rd,Kaduna,NG
,,,,,,,,,,,,,,,"[{'sku': 'SKU-0171', 'qty': 2, 'price': 4500}, {'sku': 'SKU-0216', 'qty': 2, 'price': 4500}, {'sku': 'SKU-0101', 'qty': 3, 'price': 3500}, {'sku': 'SKU-0005', 'qty': 2, 'price': 19000}, {'sku': 'SKU-0174', 'qty': 3, 'price': 12500}]",,,,,,,,,,ORD-000999,2023-11-03 13:12,104000.0,NGN,Kaduna,,CUST-00122,user747@mail.com,,,,
ORD-001000,2023-12-14 10:44:03+00:00,user1329@pulse.africa,+2348031010543,,"[{'sku': 'SKU-0099', 'quantity': 1, 'unit_price': 2500}, {'sku': 'SKU-0122', 'quantity': 1, 'unit_price': 6700}]",9200.0,NGN,Kano,,,,,,,,,,,,,,,,"55 Alausa Rd, Kano",,,,,,,,,,,,
,,,,,,,,,,,,,,,"[{'sku': 'SKU-0138', 'qty': 2, 'price': 12000}, {'sku': 'SKU-0056', 'qty': 1, 'price': 25000}, {'sku': 'SKU-0077', 'qty': 1, 'price': 13000}]",,,,,,,,,,ORD-001001,2023-08-13 10:18,62000.0,NGN,Abuja,"19 Wuse Rd, Abuja",CUST-00016,user469@example.com,,,,
ORD-001002,2023-10-24 13:44:24+00:00,user566@shop.ng,+2348030866574,CUST-00122,"[{'sku': 'SKU-0178', 'quantity': 2, 'unit_price': 19000}, {'sku': 'SKU-0182', 'quantity': 1, 'unit_price': 25200}, {'sku': 'SKU-0170', 'quantity': 3, 'unit_price': 3000}, {'sku': 'SKU-0059', 'quantity': 2, 'unit_price': 4000}]",80200.0,NGN,PH,,,,,,,,,,,,,,,,"210 GRA Rd, PH",,,,,,,,,,,,
,,,,,,,,,,,,,,,"[{'sku': 'SKU-0141', 'qty': 2, 'price': 4500}, {'sku': 'SKU-0190', 'qty': 1, 'price': 9200}]",,,,,,,,,,ORD-001003,2023-05-05 07:09,18200.0,NGN,Kaduna,"96 GRA Rd, Kaduna",,user1010@pulse.africa,+2348027983351,,,
,,,,,,,,,,,,,,,"[{'sku': 'SKU-0039', 'qty': 2, 'price': 25000}, {'sku': 'SKU-0195', 'qty': 3, 'price': 19000}, {'sku': 'SKU-0041', 'qty': 1, 'price': 7500}]",,,,,,,,,,ORD-001004,2023-05-13 13:45,114500.0,NGN,Kano,"10 Sabon Gari Rd, Kano",,user758@pulse.africa,+2348072085897,,,
,,,,,,,,,,,,,,,"[{'sku': 'SKU-0015', 'qty': 3, 'price': 10000}, {'sku': 'SKU-0031', 'qty': 2, 'price': 10000}]",,,,,,,,,,ORD-001005,2023-01-11 14:36,50000.0,NGN,Kaduna,"125 Sabon Gari Rd, Kaduna",CUST-00493,user1314@mail.com,+2348018214317,,,
,,,,,,,,,,,,,,,"[{'sku': 'SKU-0113', 'qty': 2, 'price': 1500}, {'sku': 'SKU-0215', 'qty': 2, 'price': 3000}]",,,,,,,,,,ORD-001006,2023-07-25 20:40,9000.0,NGN,Lagos,"193 Wuse Rd, Lagos",CUST-00393,,+2348054604683,,,
ORD-001007,2023-02-27 06:48:17+00:00,user773@mail.com,,,"[{'sku': 'SKU-0142', 'quantity': 3, 'unit_price': 3000}, {'sku': 'SKU-0011', 'quantity': 2, 'unit_price': 26000}]",61000.0,NGN,Kaduna,221 Garki Rd,Kaduna,NG,,,,,,,,,,,,,,,,,,,,,,,,,
,,,,,,,,,,,,,,,"[{'sku': 'SKU-0121', 'qty': 2, 'price': 9200}, {'sku': 'SKU-0091', 'qty': 3, 'price': 9200}, {'sku': 'SKU-0055', 'qty': 3, 'price': 7500}, {'sku': 'SKU-0184', 'qty': 3, 'price': 2500}]",,,,,,,,,,ORD-001008,2023-10-10 04:40,76000.0,NGN,PH,,CUST-00688,user540@shop.ng,+2348041374192,,,
ORD-001009,2023-10-29 22:05:12+00:00,user921@shop.ng,+2348011185755,CUST-00336,"[{'sku': 'SKU-0001', 'quantity': 2, 'unit_price': 9000}, {'sku': 'SKU-0175', 'quantity': 3, 'unit_price': 9200}, {'sku': 'SKU-0121', 'quantity': 1, 'unit_price': 10000}]",55600.0,NGN,Abuja,,,,,,,,,,,,,,,,"175 Sabon Gari Rd, Abuja",,,,,,,,,,,,
,,,,,,,,,,,,,,,"[{'sku': 'SKU-0152', 'qty': 2, 'price': 13000}, {'sku': 'SKU-0181', 'qty': 2, 'price': 9500}, {'sku': 'SKU-0065', 'qty': 1, 'price': 2500}, {'sku': 'SKU-0217', 'qty': 1, 'price': 9000}, {'sku': 'SKU-0061', 'qty': 3, 'price': 3000}]",,,,,,,,,,ORD-001010,2023-10-14 02:57,65500.0,NGN,Kaduna,,,user825@mail.com,+2348037681339,,,
,,,,,,,,,,,,,,,"[{'sku': 'SKU-0026', 'qty': 1, 'price': 6500}, {'sku': 'SKU-0213', 'qty': 2, 'price': 18500}, {'sku': 'SKU-0166', 'qty': 2, 'price': 2500}, {'sku': 'SKU-0155', 'qty': 1, 'price': 10000}]",,,,,,,,,,ORD-001011,2023-09-07 21:31,58500.0,NGN,Abuja,"142 Wuse Rd, Abuja",,user323@pulse.africa,,,,
,,,,,,,,,,,,,,,"[{'sku': 'SKU-0026', 'qty': 2, 'price': 6500}, {'sku': 'SKU-0053', 'qty': 3, 'price': 18200}]",,,,,,,,,,ORD-001012,2023-01-13 13:49,67600.0,NGN,Kano,,CUST-00765,user1165@example.com,,69 Garki Rd,Kano,NG
ORD-001013,2023-07-12 09:58:53+00:00,,+2348020789101,CUST-00778,"[{'sku': 'SKU-0108', 'quantity': 3, 'unit_price': 6500}]",20.21,USD,Lagos,,,,,,,,,,,,,,,,"50 Wuse Rd, Lagos",,,,,,,,,,,,
,,,,,,,,,,,,,,,"[{'sku': 'SKU-0008', 'qty': 2, 'price': 1700}]",,,,,,,,,,ORD-001014,2023-12-11 22:21,3400.0,NGN,Kano,,CUST-00470,user573@shop.ng,+2348025184381,113 Garki Rd,Kano,NG
ORD-001015,2023-06-18 06:00:28+00:00,user261@shop.ng,+2348076203738,CUST-00756,"[{'sku': 'SKU-0001', 'quantity': 3, 'unit_price': 9200}, {'sku': 'SKU-0144', 'quantity': 1, 'unit_price': 3500}, {'sku': 'SKU-0193', 'quantity': 2, 'unit_price': 7000}, {'sku': 'SKU-0015', 'quantity': 1, 'unit_price': 9500}, {'sku': 'SKU-0157', 'quantity': 3, 'unit_price': 2000}]",60600.0,NGN,Abuja,,,,,,,,,,,,,,,,,,,,,,,,,,,,
,,,,,,,,,,,,,,,"[{'sku': 'SKU-0210', 'qty': 2, 'price': 12200}]",,,,,,,,,,ORD-001016,2023-12-14 12:12,24400.0,NGN,PH,,,user1154@shop.ng,,184 Wuse Rd,PH,NG
,,,,,,,,,,,,user858@shop.ng,+2348065402833,CUST-00309,"[{'sku': 'SKU-0042', 'qty': 3, 'price': 12500}, {'sku': 'SKU-0091', 'qty': 1, 'price': 10000}, {'sku': 'SKU-0067', 'qty': 3, 'price': 9500}, {'sku': 'SKU-0005', 'qty': 2, 'price': 18000}]",112500.0,NGN,1683642001.0,Abuja,6 Garki Rd,Abuja,NG,,,,,,,,,,,,,,
,,,,,,,,,,,,user395@mail.com,+2348010880540,,"[{'sku': 'SKU-0215', 'qty': 1, 'price': 2500}, {'sku': 'SKU-0042', 'qty': 1, 'price': 12000}, {'sku': 'SKU-0095', 'qty': 2, 'price': 2700}, {'sku': 'SKU-0158', 'qty': 1, 'price': 3000}, {'sku': 'SKU-0066', 'qty': 3, 'price': 2500}]",30400.0,NGN,1703480669.0,Lagos,63 Sabon Gari Rd,Lagos,NG,,,,,,,,,,,,,,
ORD-001019,2023-12-18 19:18:12+00:00,user830@pulse.africa,+2348037937587,CUST-00035,"[{'sku': 'SKU-0218', 'quantity': 1, 'unit_price': 2500}, {'sku': 'SKU-0158', 'quantity': 3, 'unit_price': 2700}, {'sku': 'SKU-0086', 'quantity': 2, 'unit_price': 4500}]",19600.0,NGN,Kano,194 Garki Rd,Kano,NG,,,,,,,,,,,,,,,,,,,,,,,,,
,,,,,,,,,,,,,,,"[{'sku': 'SKU-0041', 'qty': 3, 'price': 7500}, {'sku': 'SKU-0033', 'qty': 1, 'price': 12000}, {'sku': 'SKU-0088', 'qty': 3, 'price': 4200}, {'sku': 'SKU-0031', 'qty': 1, 'price': 9500}]",,,,,,,,,,ORD-001020,2023-04-25 09:20,56600.0,NGN,Abuja,"233 GRA Rd, Abuja",,user118@shop.ng,+2348090321827,,,
,,,,,,,,,,,,,,,"[{'sku': 'SKU-0062', 'qty': 2, 'price': 19000}, {'sku': 'SKU-0050', 'qty': 1, 'price': 10000}]",,,,,,,,,,ORD-001021,2023-01-22 22:04,48000.0,NGN,Lagos,,CUST-00285,user31@shop.ng,+2348045997422,145 Garki Rd,Lagos,NG
ORD-001022,2023-08-30 14:42:36+00:00,user1290@shop.ng,+2348023809073,,"[{'sku': 'SKU-0033', 'quantity': 1, 'unit_price': 13000}, {'sku': 'SKU-0114', 'quantity': 1, 'unit_price': 2700}, {'sku': 'SKU-0025', 'quantity': 2, 'unit_price': 12500}, {'sku': 'SKU-0059', 'quantity': 3, 'unit_price': 5000}, {'sku': 'SKU-0032', 'quantity': 2, 'unit_price': 12500}]",80700.0,NGN,Lagos,37 Alausa Rd,Lagos,NG,,,,,,,,,,,,,,,,,,,,,,,,,
ORD-001023,2023-02-16 18:49:12+00:00,,,,"[{'sku': 'SKU-0006', 'quantity': 1, 'unit_price': 1700}, {'sku': 'SKU-0168', 'quantity': 3, 'unit_price': 3000}]",10700.0,NGN,Kaduna,,,,,,,,,,,,,,,,,,,,,,,,,,,,
,,,,,,,,,,,,,,,"[{'sku': 'SKU-0002', 'qty': 2, 'price': 6500}, {'sku': 'SKU-0069', 'qty': 1, 'price': 9200}, {'sku': 'SKU-0025', 'qty': 3, 'price': 12000}]",,,,,,,,,,ORD-001024,2023-12-01 00:20,58200.0,NGN,Kano,,CUST-00051,user905@shop.ng,+2348071873766,67 Wuse Rd,Kano,NG
,,,,,,,,,,,,,,,"[{'sku': 'SKU-0039', 'qty': 1, 'price': 25200}, {'sku': 'SKU-0181', 'qty': 2, 'price': 9500}]",,,,,,,,,,ORD-001025,2023-05-26 09:18,44200.0,NGN,Kano,"111 Wuse Rd, Kano",CUST-00113,user16@pulse.africa,+2348074840922,,,
,,,,,,,,,,,,user1112@pulse.africa,+2348046901435,,"[{'sku': 'SKU-0193', 'qty': 1, 'price': 7500}, {'sku': 'SKU-0090', 'qty': 1, 'price': 7000}]",16.78,USD,1679184180.0,Abuja,,,,,,,,,,,,,,,,,
ORD-001027,2023-10-13 12:56:30+00:00,user345@pulse.africa,+2348039085849,,"[{'sku': 'SKU-0049', 'quantity': 3, 'unit_price': 25200}, {'sku': 'SKU-0198', 'quantity': 2, 'unit_price': 19000}, {'sku': 'SKU-0181', 'quantity': 2, 'unit_price': 9200}, {'sku': 'SKU-0103', 'quantity': 1, 'unit_price': 6500}, {'sku': 'SKU-0189', 'quantity': 3, 'unit_price': 4500}]",152000.0,NGN,PH,164 Sabon Gari Rd,PH,NG,,,,,,,,,,,,,,,,,,,,,,,,,
,,,,,,,,,,,,,,,"[{'sku': 'SKU-0043', 'qty': 3, 'price': 6700}, {'sku': 'SKU-0044', 'qty': 1, 'price': 12500}, {'sku': 'SKU-0002', 'qty': 1, 'price': 6700}, {'sku': 'SKU-0090', 'qty': 3, 'price': 7500}]",,,,,,,,,,ORD-001028,2023-11-02 03:35,61800.0,NGN,PH,,CUST-00308,user1132@shop.ng,+2348043816429,166 Alausa Rd,PH,NG
,,,,,,,,,,,,,,,"[{'sku': 'SKU-0070', 'qty': 1, 'price': 4500}, {'sku': 'SKU-0145', 'qty': 3, 'price': 6700}]",,,,,,,,,,ORD-001029,2023-11-04 22:32,24600.0,NGN,Abuja,,CUST-00621,user856@shop.ng,,11 Garki Rd,Abuja,NG
,,,,,,,,,,,,,,,"[{'sku': 'SKU-0148', 'qty': 2, 'price': 2500}]",,,,,,,,,,ORD-001030,2023-04-12 20:35,5000.0,NGN,Kano,"20 Alausa Rd, Kano",,user1326@example.com,,,,
,,,,,,,,,,,,,,,"[{'sku': 'SKU-0094', 'qty': 1, 'price': 6700}, {'sku': 'SKU-0034', 'qty': 1, 'price': 7000}]",,,,,,,,,,ORD-001031,2023-08-12 06:39,13700.0,NGN,Abuja,"6 GRA Rd, Abuja",,user456@shop.ng,+2348016278290,,,
ORD-001032,2023-09-13 23:01:55+00:00,user1461@pulse.africa,,CUST-00224,"[{'sku': 'SKU-0102', 'quantity': 2, 'unit_price': 13000}, {'sku': 'SKU-0028', 'quantity': 3, 'unit_price': 7500}, {'sku': 'SKU-0212', 'quantity': 1, 'unit_price': 13000}]",69.65,USD,Lagos,59 Wuse Rd,Lagos,NG,,,,,,,,,,,,,,,,,,,,,,,,,
ORD-001033,2023-06-14 12:47:25+00:00,user282@mail.com,+2348062222696,,"[{'sku': 'SKU-0211', 'quantity': 2, 'unit_price': 2700}, {'sku': 'SKU-0219', 'quantity': 1, 'unit_price': 18000}, {'sku': 'SKU-0052', 'quantity': 1, 'unit_price': 10000}, {'sku': 'SKU-0029', 'quantity': 1, 'unit_price': 3000}]",36400.0,NGN,Lagos,,,,,,,,,,,,,,,,"231 Sabon Gari Rd, Lagos",,,,,,,,,,,,
,,,,,,,,,,,,user515@pulse.africa,+2348016040186,CUST-00710,"[{'productSku': 'SKU-0118', 'qty': 2, 'price': 7500}, {'productSku': 'SKU-0133', 'qty': 2, 'price': 10000}]",40.79,USD,1679128920.0,Kaduna,226 Wuse Rd,Kaduna,NG,,,,,,,,,,,,,,
ORD-001035,2023-02-08 20:52:34+00:00,user345@mail.com,+2348067498960,CUST-00080,"[{'sku': 'SKU-0112', 'quantity': 1, 'unit_price': 25000}, {'sku': 'SKU-0213', 'quantity': 2, 'unit_price': 18200}, {'sku': 'SKU-0044', 'quantity': 2, 'unit_price': 12200}, {'sku': 'SKU-0010', 'quantity': 1, 'unit_price': 18500}, {'sku': 'SKU-0143', 'quantity': 1, 'unit_price': 3500}]",107800.0,NGN,PH,204 Garki Rd,PH,NG,,,,,,,,,,,,,,,,,,,,,,,,,
ORD-001036,2023-08-11 09:00:50+00:00,user355@mail.com,+2348045731499,,"[{'sku': 'SKU-0145', 'quantity': 1, 'unit_price': 6700}, {'sku': 'SKU-0091', 'quantity': 2, 'unit_price': 9500}, {'sku': 'SKU-0190', 'quantity': 1, 'unit_price': 10000}, {'sku': 'SKU-0215', 'quantity': 1, 'unit_price': 3500}]",39700.0,NGN,Kano,,,,,,,,,,,,,,,,,,,,,,,,,,,,
,,,,,,,,,,,,,,,"[{'sku': 'SKU-0128', 'qty': 2, 'price': 25500}, {'sku': 'SKU-0123', 'qty': 3, 'price': 25500}]",,,,,,,,,,ORD-001037,2023-08-20 07:34,127500.0,NGN,Kano,,CUST-00286,user1209@example.com,+2348014362261,57 Wuse Rd,Kano,NG
ORD-001038,2023-09-18 23:08:10+00:00,user1071@pulse.africa,+2348071342391,,"[{'sku': 'SKU-0078', 'quantity': 2, 'unit_price': 2500}]",5000.0,NGN,Kaduna,,,,,,,,,,,,,,,,,,,,,,,,,,,,
,,,,,,,,,,,,,,,"[{'sku': 'SKU-0106', 'qty': 2, 'price': 26000}, {'sku': 'SKU-0217', 'qty': 2, 'price': 9200}, {'sku': 'SKU-0173', 'qty': 2, 'price': 6700}]",,,,,,,,,,ORD-001039,2023-07-30 13:58,83800.0,NGN,Kaduna,,CUST-00069,user609@example.com,+2348079461592,147 Alausa Rd,Kaduna,NG
,,,,,,,,,,,,,,,"[{'sku': 'SKU-0147', 'qty': 1, 'price': 6500}, {'sku': 'SKU-0198', 'qty': 3, 'price': 18500}]",,,,,,,,,,ORD-001040,2023-06-25 20:30,62000.0,NGN,Kaduna,,CUST-00666,user1152@shop.ng,,94 Wuse Rd,Kaduna,NG
ORD-001041,2023-01-13 22:03:48+00:00,user433@example.com,+2348096518373,CUST-00607,"[{'sku': 'SKU-0058', 'quantity': 3, 'unit_price': 4200}]",12600.0,NGN,Kano,,,,,,,,,,,,,,,,"55 Alausa Rd, Kano",,,,,,,,,,,,
ORD-001042,2023-09-30 04:19:50+00:00,user675@example.com,+2348037547678,CUST-00337,"[{'sku': 'SKU-0034', 'quantity': 1, 'unit_price': 6700}, {'sku': 'SKU-0107', 'quantity': 2, 'unit_price': 26000}, {'sku': 'SKU-0147', 'quantity': 3, 'unit_price': 7000}, {'sku': 'SKU-0198', 'quantity': 1, 'unit_price': 18000}, {'sku': 'SKU-0197', 'quantity': 3, 'unit_price': 5000}]",112700.0,NGN,Lagos,53 Sabon Gari Rd,Lagos,NG,,,,,,,,,,,,,,,,,,,,,,,,,
,,,,,,,,,,,,,,,"[{'sku': 'SKU-0217', 'qty': 3, 'price': 10000}, {'sku': 'SKU-0102', 'qty': 1, 'price': 12500}, {'sku': 'SKU-0204', 'qty': 3, 'price': 2000}, {'sku': 'SKU-0217', 'qty': 1, 'price': 9500}, {'sku': 'SKU-0146', 'qty': 1, 'price': 2700}]",,,,,,,,,,ORD-001043,2023-09-28 10:41,61200.0,NGN,PH,"103 Wuse Rd, PH",CUST-00061,user1149@shop.ng,+2348020435361,,,
ORD-001044,2023-03-21 23:25:56+00:00,user31@shop.ng,+2348087875353,CUST-00693,"[{'sku': 'SKU-0195', 'quantity': 1, 'unit_price': 19000}]",19000.0,NGN,Abuja,197 GRA Rd,Abuja,NG,,,,,,,,,,,,,,,,,,,,,,,,,
,,,,,,,,,,,,,,,"[{'sku': 'SKU-0040', 'qty': 2, 'price': 9000}, {'sku': 'SKU-0143', 'qty': 1, 'price': 3500}, {'sku': 'SKU-0179', 'qty': 2, 'price': 1700}, {'sku': 'SKU-0197', 'qty': 1, 'price': 5000}, {'sku': 'SKU-0023', 'qty': 2, 'price': 2500}]",,,,,,,,,,ORD-001045,2023-09-19 07:55,34900.0,NGN,PH,,CUST-00316,user352@shop.ng,+2348031170843,,,
,,,,,,,,,,,,user232@pulse.africa,+2348085910969,CUST-00616,"[{'sku': 'SKU-0172', 'qty': 1, 'price': 9500}]",9500.0,NGN,1690501686.0,Abuja,108 Wuse Rd,Abuja,NG,,,,,,,,,,,,,,
,,,,,,,,,,,,,,,"[{'sku': 'SKU-0209', 'qty': 3, 'price': 7500}, {'sku': 'SKU-0048', 'qty': 1, 'price': 25500}, {'sku': 'SKU-0066', 'qty': 3, 'price': 2700}]",,,,,,,,,,ORD-001047,2023-01-25 15:57,61.04,USD,PH,,,user570@mail.com,+2348029689483,178 Alausa Rd,PH,NG
,,,,,,,,,,,,user1190@mail.com,+2348097784963,CUST-00259,"[{'sku': 'SKU-0128', 'qty': 1, 'price': 26000}, {'sku': 'SKU-0162', 'qty': 2, 'price': 7000}, {'sku': 'SKU-0169', 'qty': 1, 'price': 9000}, {'sku': 'SKU-0087', 'qty': 3, 'price': 25000}]",124000.0,NGN,1676277419.0,Kaduna,,,,"85 Alausa Rd, Kaduna",,,,,,,,,,,,,
,,,,,,,,,,,,,,,"[{'sku': 'SKU-0153', 'qty': 1, 'price': 10000}]",,,,,,,,,,ORD-001049,2023-02-14 10:38,10000.0,NGN,Kaduna,,,user417@example.com,+2348082399892,,,
,,,,,,,,,,,,,,,"[{'sku': 'SKU-0038', 'qty': 3, 'price': 6700}, {'sku': 'SKU-0153', 'qty': 2, 'price': 9200}, {'sku': 'SKU-0166', 'qty': 2, 'price': 2000}, {'sku': 'SKU-0215', 'qty': 3, 'price': 3000}]",,,,,,,,,,ORD-001050,2023-06-26 10:01,51500.0,NGN,Abuja,,,user938@mail.com,+2348098552975,87 GRA Rd,Abuja,NG
,,,,,,,,,,,,user789@example.com,,CUST-00116,"[{'sku': 'SKU-0019', 'qty': 2, 'price': 12000}]",24500.0,NGN,1688198659.0,Kano,,,,"101 Garki Rd, Kano",,,,,,,,,,,,,
,,,,,,,,,,,,,,,"[{'sku': 'SKU-0159', 'qty': 1, 'price': 7500}, {'sku': 'SKU-0014', 'qty': 3, 'price': 18200}]",,,,,,,,,,ORD-001052,2023-11-23 11:37,64.89,USD,Lagos,,,user542@pulse.africa,+2348053763511,98 Garki Rd,Lagos,NG
ORD-001053,2023-07-22 16:39:11+00:00,user1348@mail.com,+2348098265529,,"[{'sku': 'SKU-0020', 'quantity': 1, 'unit_price': 9000}]",9000.0,NGN,Kaduna,56 Wuse Rd,Kaduna,NG,,,,,,,,,,,,,,,,,,,,,,,,,
,,,,,,,,,,,,,+2348097110687,CUST-00722,"[{'productSku': 'SKU-0117', 'qty': 2, 'price': 6700}, {'productSku': 'SKU-0002', 'qty': 1, 'price': 7000}]",20400.0,NGN,1675551930.0,Abuja,1 Garki Rd,Abuja,NG,,,,,,,,,,,,,,
ORD-001055,2023-05-04 14:15:32+00:00,user571@example.com,+2348063701561,CUST-00377,"[{'sku': 'SKU-0010', 'quantity': 2, 'unit_price': 18500}, {'sku': 'SKU-0056', 'quantity': 3, 'unit_price': 26000}, {'sku': 'SKU-0065', 'quantity': 3, 'unit_price': 1500}]",119500.0,NGN,Abuja,70 GRA Rd,Abuja,NG,,,,,,,,,,,,,,,,,,,,,,,,,
,,,,,,,,,,,,,,,"[{'sku': 'SKU-0127', 'qty': 1, 'price': 18500}, {'sku': 'SKU-0070', 'qty': 3, 'price': 5000}, {'sku': 'SKU-0105', 'qty': 1, 'price': 4200}, {'sku': 'SKU-0032', 'qty': 1, 'price': 13000}]",,,,,,,,,,ORD-001056,2023-05-17 19:28,50700.0,NGN,PH,,CUST-00475,user1280@shop.ng,+2348019890525,,,
,,,,,,,,,,,,user23@shop.ng,+2348019753797,CUST-00578,"[{'sku': 'SKU-0034', 'qty': 3, 'price': 6500}, {'sku': 'SKU-0065', 'qty': 1, 'price': 2500}]",22000.0,NGN,1699931635.0,Kaduna,243 GRA Rd,Kaduna,NG,,,,,,,,,,,,,,
ORD-001058,2023-05-27 09:28:42+00:00,user617@example.com,+2348080490059,CUST-00800,"[{'sku': 'SKU-0153', 'quantity': 3, 'unit_price': 9200}, {'sku': 'SKU-0150', 'quantity': 3, 'unit_price': 12200}, {'sku': 'SKU-0055', 'quantity': 2, 'unit_price': 7500}, {'sku': 'SKU-0102', 'quantity': 3, 'unit_price': 13000}, {'sku': 'SKU-0181', 'quantity': 2, 'unit_price': 10000}]",138200.0,NGN,PH,,,,,,,,,,,,,,,,,,,,,,,,,,,,
ORD-001059,2023-12-14 15:59:17+00:00,user21@example.com,,,"[{'sku': 'SKU-0024', 'quantity': 2, 'unit_price': 9200}, {'sku': 'SKU-0154', 'quantity': 3, 'unit_price': 4200}]",35.59,USD,PH,,,,,,,,,,,,,,,,,,,,,,,,,,,,
,,,,,,,,,,,,user1178@shop.ng,+2348095304463,,"[{'sku': 'SKU-0037', 'qty': 3, 'price': 4000}, {'sku': 'SKU-0202', 'qty': 2, 'price': 4200}, {'sku': 'SKU-0218', 'qty': 1, 'price': 3000}, {'sku': 'SKU-0187', 'qty': 3, 'price': 1500}]",27900.0,NGN,1694617544.0,Kaduna,121 Garki Rd,Kaduna,NG,,,,,,,,,,,,,,
ORD-001061,2023-09-08 06:29:54+00:00,user993@shop.ng,+2348023731131,CUST-00032,"[{'sku': 'SKU-0076', 'quantity': 1, 'unit_price': 6700}, {'sku': 'SKU-0075', 'quantity': 1, 'unit_price': 9500}, {'sku': 'SKU-0158', 'quantity': 3, 'unit_price': 2700}, {'sku': 'SKU-0014', 'quantity': 3, 'unit_price': 18200}]",78900.0,NGN,Kano,67 GRA Rd,Kano,NG,,,,,,,,,,,,,,,,,,,,,,,,,
ORD-001062,2023-02-18 14:02:18+00:00,user683@shop.ng,,CUST-00539,"[{'sku': 'SKU-0209', 'quantity': 1, 'unit_price': 7000}, {'sku': 'SKU-0102', 'quantity': 3, 'unit_price': 12200}, {'sku': 'SKU-0001', 'quantity': 1, 'unit_price': 10000}, {'sku': 'SKU-0168', 'quantity': 2, 'unit_price': 2700}, {'sku': 'SKU-0160', 'quantity': 1, 'unit_price': 10000}]",69000.0,NGN,PH,235 Sabon Gari Rd,PH,NG,,,,,,,,,,,,,,,,,,,,,,,,,
,,,,,,,,,,,,,,,"[{'sku': 'SKU-0125', 'qty': 2, 'price': 1500}, {'sku': 'SKU-0181', 'qty': 1, 'price': 9500}, {'sku': 'SKU-0057', 'qty': 1, 'price': 1700}]",,,,,,,,,,ORD-001063,2023-05-01 05:52,14200.0,NGN,Abuja,"51 Garki Rd, Abuja",CUST-00415,,,,,
ORD-001064,2023-01-25 02:54:21+00:00,user377@pulse.africa,+2348051675798,CUST-00195,"[{'sku': 'SKU-0022', 'quantity': 3, 'unit_price': 2700}, {'sku': 'SKU-0011', 'quantity': 1, 'unit_price': 25500}, {'sku': 'SKU-0213', 'quantity': 3, 'unit_price': 18000}, {'sku': 'SKU-0151', 'quantity': 1, 'unit_price': 7500}]",95100.0,NGN,Abuja,,,,,,,,,,,,,,,,"115 Sabon Gari Rd, Abuja",,,,,,,,,,,,
,,,,,,,,,,,,,,,"[{'sku': 'SKU-0110', 'qty': 1, 'price': 19000}, {'sku': 'SKU-0191', 'qty': 3, 'price': 2500}, {'sku': 'SKU-0032', 'qty': 1, 'price': 12500}, {'sku': 'SKU-0016', 'qty': 1, 'price': 7500}]",,,,,,,,,,ORD-001065,2023-10-30 19:37,46500.0,NGN,Kano,,,user147@shop.ng,+2348084808012,250 Sabon Gari Rd,Kano,NG
,,,,,,,,,,,,user196@pulse.africa,+2348070651881,CUST-00747,"[{'sku': 'SKU-0151', 'qty': 2, 'price': 6500}, {'sku': 'SKU-0068', 'qty': 2, 'price': 13000}, {'sku': 'SKU-0049', 'qty': 2, 'price': 25000}, {'sku': 'SKU-0154', 'qty': 1, 'price': 4500}, {'sku': 'SKU-0130', 'qty': 1, 'price': 4500}]",98000.0,NGN,1680547094.0,Abuja,,,,"184 GRA Rd, Abuja",,,,,,,,,,,,,
,,,,,,,,,,,,,+2348012466248,CUST-00320,"[{'productSku': 'SKU-0012', 'qty': 3, 'price': 10000}, {'productSku': 'SKU-0210', 'qty': 2, 'price': 12000}, {'productSku': 'SKU-0012', 'qty': 2, 'price': 9000}, {'productSku': 'SKU-0150', 'qty': 1, 'price': 12000}]",84000.0,NGN,1694892056.0,Lagos,64 GRA Rd,Lagos,NG,,,,,,,,,,,,,,
,,,,,,,,,,,,,,,"[{'sku': 'SKU-0006', 'qty': 3, 'price': 1700}, {'sku': 'SKU-0150', 'qty': 2, 'price': 13000}, {'sku': 'SKU-0196', 'qty': 1, 'price': 4000}, {'sku': 'SKU-0061', 'qty': 3, 'price': 3000}, {'sku': 'SKU-0210', 'qty': 3, 'price': 13000}]",,,,,,,,,,ORD-001068,2023-03-11 05:02,83100.0,NGN,Lagos,,,user44@shop.ng,+2348011670685,,,
,,,,,,,,,,,,user485@pulse.africa,+2348027737027,,"[{'productSku': 'SKU-0097', 'qty': 2, 'price': 7500}]",15000.0,NGN,1695945969.0,Kano,,,,"239 Garki Rd, Kano",,,,,,,,,,,,,
ORD-001070,2023-11-27 02:36:48+00:00,user578@mail.com,,CUST-00710,"[{'sku': 'SKU-0129', 'quantity': 1, 'unit_price': 19000}, {'sku': 'SKU-0124', 'quantity': 1, 'unit_price': 3500}, {'sku': 'SKU-0010', 'quantity': 3, 'unit_price': 18200}, {'sku': 'SKU-0010', 'quantity': 3, 'unit_price': 18000}, {'sku': 'SKU-0153', 'quantity': 3, 'unit_price': 9000}]",158100.0,NGN,Lagos,,,,,,,,,,,,,,,,,,,,,,,,,,,,
,,,,,,,,,,,,,,,"[{'sku': 'SKU-0025', 'qty': 1, 'price': 12500}, {'sku': 'SKU-0137', 'qty': 2, 'price': 2000}, {'sku': 'SKU-0143', 'qty': 1, 'price': 3000}, {'sku': 'SKU-0041', 'qty': 2, 'price': 6700}]",,,,,,,,,,ORD-001071,2023-11-11 20:48,32900.0,NGN,Kaduna,,,user826@example.com,+2348071045153,173 Garki Rd,Kaduna,NG
ORD-001072,2023-03-29 17:27:00+00:00,,+2348048825894,CUST-00202,"[{'sku': 'SKU-0173', 'quantity': 1, 'unit_price': 7500}, {'sku': 'SKU-0122', 'quantity': 2, 'unit_price': 7000}, {'sku': 'SKU-0182', 'quantity': 2, 'unit_price': 25500}, {'sku': 'SKU-0122', 'quantity': 3, 'unit_price': 6500}]",103.95,USD,PH,,,,,,,,,,,,,,,,"19 GRA Rd, PH",,,,,,,,,,,,
,,,,,,,,,,,,user28@mail.com,+2348019888147,CUST-00003,"[{'sku': 'SKU-0107', 'qty': 2, 'price': 26000}, {'sku': 'SKU-0104', 'qty': 1, 'price': 26000}, {'sku': 'SKU-0046', 'qty': 1, 'price': 7000}]",85000.0,NGN,1680714483.0,PH,78 Alausa Rd,PH,NG,,,,,,,,,,,,,,
,,,,,,,,,,,,user86@shop.ng,+2348068246831,CUST-00054,"[{'sku': 'SKU-0055', 'qty': 2, 'price': 7500}]",15000.0,NGN,1702972316.0,Kaduna,95 Alausa Rd,Kaduna,NG,,,,,,,,,,,,,,
,,,,,,,,,,,,,+2348013128008,CUST-00655,"[{'productSku': 'SKU-0214', 'qty': 1, 'price': 12000}, {'productSku': 'SKU-0002', 'qty': 1, 'price': 6500}, {'productSku': 'SKU-0151', 'qty': 1, 'price': 6700}]",25200.0,NGN,1675474931.0,Kaduna,87 Garki Rd,Kaduna,NG,,,,,,,,,,,,,,
ORD-001076,2023-10-21 23:31:44+00:00,user1355@pulse.africa,+2348046688997,CUST-00505,"[{'sku': 'SKU-0119', 'quantity': 3, 'unit_price': 25500}, {'sku': 'SKU-0059', 'quantity': 1, 'unit_price': 4200}, {'sku': 'SKU-0100', 'quantity': 1, 'unit_price': 1500}, {'sku': 'SKU-0159', 'quantity': 3, 'unit_price': 7500}, {'sku': 'SKU-0011', 'quantity': 1, 'unit_price': 26000}]",130700.0,NGN,Kano,152 Garki Rd,Kano,NG,,,,,,,,,,,,,,,,,,,,,,,,,
ORD-001077,2023-10-18 04:05:51+00:00,user580@pulse.africa,+2348064511783,CUST-00217,"[{'sku': 'SKU-0072', 'quantity': 3, 'unit_price': 9500}, {'sku': 'SKU-0084', 'quantity': 1, 'unit_price': 2500}, {'sku': 'SKU-0031', 'quantity': 3, 'unit_price': 9000}, {'sku': 'SKU-0161', 'quantity': 3, 'unit_price': 12000}, {'sku': 'SKU-0183', 'quantity': 3, 'unit_price': 19000}]",151000.0,NGN,PH,,,,,,,,,,,,,,,,,,,,,,,,,,,,
,,,,,,,,,,,,,+2348064813017,CUST-00390,"[{'sku': 'SKU-0126', 'qty': 3, 'price': 7500}]",22500.0,NGN,1684979715.0,Abuja,,,,,,,,,,,,,,,,,
,,,,,,,,,,,,user408@example.com,,CUST-00073,"[{'sku': 'SKU-0002', 'qty': 2, 'price': 7500}, {'sku': 'SKU-0163', 'qty': 1, 'price': 10000}, {'sku': 'SKU-0103', 'qty': 1, 'price': 6700}, {'sku': 'SKU-0050', 'qty': 2, 'price': 9000}]",49700.0,NGN,1686726643.0,Lagos,,,,"186 Alausa Rd, Lagos",,,,,,,,,,,,,
ORD-001080,2023-06-14 08:56:44+00:00,user544@example.com,+2348045462260,CUST-00315,"[{'sku': 'SKU-0134', 'quantity': 2, 'unit_price': 25000}, {'sku': 'SKU-0095', 'quantity': 1, 'unit_price': 2700}, {'sku': 'SKU-0065', 'quantity': 2, 'unit_price': 1500}]",55700.0,NGN,Lagos,94 Garki Rd,Lagos,NG,,,,,,,,,,,,,,,,,,,,,,,,,
ORD-001081,2023-09-27 16:14:43+00:00,user1135@mail.com,+2348053254231,CUST-00398,"[{'sku': 'SKU-0013', 'quantity': 2, 'unit_price': 5000}, {'sku': 'SKU-0031', 'quantity': 3, 'unit_price': 9000}, {'sku': 'SKU-0194', 'quantity': 3, 'unit_price': 3500}, {'sku': 'SKU-0111', 'quantity': 3, 'unit_price': 18500}, {'sku': 'SKU-0216', 'quantity': 3, 'unit_price': 5000}]",118000.0,NGN,Kaduna,127 Sabon Gari Rd,Kaduna,NG,,,,,,,,,,,,,,,,,,,,,,,,,
,,,,,,,,,,,,,+2348075614874,CUST-00168,"[{'productSku': 'SKU-0001', 'qty': 2, 'price': 10000}, {'productSku': 'SKU-0012', 'qty': 1, 'price': 9200}, {'productSku': 'SKU-0190', 'qty': 3, 'price': 10000}, {'productSku': 'SKU-0216', 'qty': 2, 'price': 4000}, {'productSku': 'SKU-0138', 'qty': 2, 'price': 12200}]",104.69,USD,1687966442.0,Kaduna,,,,"49 Garki Rd, Kaduna",,,,,,,,,,,,,
ORD-001083,2023-03-24 14:31:15+00:00,user809@shop.ng,+2348089690342,CUST-00782,"[{'sku': 'SKU-0144', 'quantity': 2, 'unit_price': 3000}, {'sku': 'SKU-0066', 'quantity': 1, 'unit_price': 2700}]",9.84,USD,Abuja,67 Garki Rd,Abuja,NG,,,,,,,,,,,,,,,,,,,,,,,,,
,,,,,,,,,,,,,,,"[{'sku': 'SKU-0184', 'qty': 3, 'price': 2000}, {'sku': 'SKU-0166', 'qty': 1, 'price': 1500}]",,,,,,,,,,ORD-001084,2023-08-30 12:59,7500.0,NGN,Abuja,,CUST-00023,user515@example.com,,59 Garki Rd,Abuja,NG
ORD-001085,2023-02-23 17:03:01+00:00,user551@pulse.africa,,CUST-00087,"[{'sku': 'SKU-0126', 'quantity': 3, 'unit_price': 6500}, {'sku': 'SKU-0154', 'quantity': 3, 'unit_price': 4200}, {'sku': 'SKU-0155', 'quantity': 1, 'unit_price': 10000}]",42100.0,NGN,Abuja,,,,,,,,,,,,,,,,"235 Wuse Rd, Abuja",,,,,,,,,,,,
,,,,,,,,,,,,user155@shop.ng,+2348077945312,CUST-00479,"[{'sku': 'SKU-0017', 'qty': 1, 'price': 2700}, {'sku': 'SKU-0031', 'qty': 1, 'price': 9000}, {'sku': 'SKU-0183', 'qty': 2, 'price': 18500}, {'sku': 'SKU-0062', 'qty': 1, 'price': 18200}, {'sku': 'SKU-0047', 'qty': 2, 'price': 12200}]",93.55,USD,1695674570.0,PH,9 Wuse Rd,PH,NG,,,,,,,,,,,,,,
ORD-001087,2023-01-11 23:33:43+00:00,user642@mail.com,+2348050833796,CUST-00036,"[{'sku': 'SKU-0053', 'quantity': 3, 'unit_price': 18500}]",55500.0,NGN,Kaduna,,,,,,,,,,,,,,,,,,,,,,,,,,,,
,,,,,,,,,,,,user929@shop.ng,,CUST-00519,"[{'productSku': 'SKU-0202', 'qty': 3, 'price': 4500}, {'productSku': 'SKU-0186', 'qty': 1, 'price': 4200}, {'productSku': 'SKU-0126', 'qty': 2, 'price': 6500}, {'productSku': 'SKU-0172', 'qty': 3, 'price': 10000}]",61200.0,NGN,1700183125.0,Lagos,1 Wuse Rd,Lagos,NG,,,,,,,,,,,,,,
,,,,,,,,,,,,,,,"[{'sku': 'SKU-0206', 'qty': 3, 'price': 25500}, {'sku': 'SKU-0162', 'qty': 2, 'price': 7000}]",,,,,,,,,,ORD-001089,2023-04-06 04:35,104.26,USD,Kaduna,,,user646@shop.ng,+2348038033490,,,
,,,,,,,,,,,,user1439@mail.com,,,"[{'sku': 'SKU-0191', 'qty': 3, 'price': 2000}, {'sku': 'SKU-0215', 'qty': 3, 'price': 2500}, {'sku': 'SKU-0065', 'qty': 3, 'price': 2500}, {'sku': 'SKU-0008', 'qty': 3, 'price': 2000}]",27000.0,NGN,1695985171.0,PH,,,,"224 Wuse Rd, PH",,,,,,,,,,,,,
,,,,,,,,,,,,user34@example.com,+2348034488359,CUST-00348,"[{'sku': 'SKU-0097', 'qty': 1, 'price': 6700}, {'sku': 'SKU-0025', 'qty': 1, 'price': 12000}, {'sku': 'SKU-0169', 'qty': 1, 'price': 9500}]",28200.0,NGN,1679994770.0,PH,112 Garki Rd,PH,NG,,,,,,,,,,,,,,
,,,,,,,,,,,,user1119@shop.ng,,,"[{'sku': 'SKU-0076', 'qty': 1, 'price': 6700}, {'sku': 'SKU-0087', 'qty': 2, 'price': 26000}, {'sku': 'SKU-0191', 'qty': 3, 'price': 2500}, {'sku': 'SKU-0016', 'qty': 3, 'price': 6700}]",97.85,USD,1690350433.0,Kano,249 Sabon Gari Rd,Kano,NG,,,,,,,,,,,,,,
ORD-001093,2023-09-28 21:26:11+00:00,user556@shop.ng,,CUST-00589,"[{'sku': 'SKU-0178', 'quantity': 3, 'unit_price': 18500}, {'sku': 'SKU-0147', 'quantity': 3, 'unit_price': 7000}]",76500.0,NGN,Lagos,132 Wuse Rd,Lagos,NG,,,,,,,,,,,,,,,,,,,,,,,,,
,,,,,,,,,,,,user855@example.com,+2348027771564,,"[{'sku': 'SKU-0049', 'qty': 3, 'price': 25200}, {'sku': 'SKU-0000', 'qty': 3, 'price': 3500}, {'sku': 'SKU-0039', 'qty': 1, 'price': 26000}, {'sku': 'SKU-0205', 'qty': 1, 'price': 6500}]",118600.0,NGN,1681568734.0,PH,,,,,,,,,,,,,,,,,
ORD-001095,2023-10-12 10:58:28+00:00,,+2348055309017,,"[{'sku': 'SKU-0104', 'quantity': 2, 'unit_price': 25500}, {'sku': 'SKU-0127', 'quantity': 3, 'unit_price': 19000}, {'sku': 'SKU-0082', 'quantity': 2, 'unit_price': 7000}, {'sku': 'SKU-0126', 'quantity': 2, 'unit_price': 6500}, {'sku': 'SKU-0044', 'quantity': 2, 'unit_price': 13000}]",161000.0,NGN,Kaduna,,,,,,,,,,,,,,,,"208 Wuse Rd, Kaduna",,,,,,,,,,,,
,,,,,,,,,,,,,,,"[{'sku': 'SKU-0018', 'qty': 2, 'price': 19000}, {'sku': 'SKU-0090', 'qty': 2, 'price': 7000}, {'sku': 'SKU-0027', 'qty': 1, 'price': 2700}]",,,,,,,,,,ORD-001096,2023-04-24 01:54,59.01,USD,Lagos,,,user1206@shop.ng,+2348010662804,,,
,,,,,,,,,,,,,,,"[{'sku': 'SKU-0136', 'qty': 2, 'price': 6500}, {'sku': 'SKU-0131', 'qty': 1, 'price': 2000}, {'sku': 'SKU-0210', 'qty': 2, 'price': 12000}, {'sku': 'SKU-0186', 'qty': 1, 'price': 5000}]",,,,,,,,,,ORD-001097,2023-03-20 06:57,44000.0,NGN,PH,,,user1275@pulse.africa,+2348045940979,,,
,,,,,,,,,,,,user436@pulse.africa,+2348011626180,CUST-00285,"[{'productSku': 'SKU-0011', 'qty': 3, 'price': 25500}, {'productSku': 'SKU-0187', 'qty': 1, 'price': 1700}]",78200.0,NGN,1686329193.0,Lagos,111 Alausa Rd,Lagos,NG,,,,,,,,,,,,,,
ORD-001099,2023-12-04 02:24:27+00:00,user951@mail.com,+2348060686092,,"[{'sku': 'SKU-0034', 'quantity': 2, 'unit_price': 7000}, {'sku': 'SKU-0039', 'quantity': 3, 'unit_price': 25500}, {'sku': 'SKU-0028', 'quantity': 1, 'unit_price': 7000}, {'sku': 'SKU-0099', 'quantity': 3, 'unit_price': 3000}]",106500.0,NGN,PH,126 Sabon Gari Rd,PH,NG,,,,,,,,,,,,,,,,,,,,,,,,,
,,,,,,,,,,,,,,,"[{'sku': 'SKU-0163', 'qty': 3, 'price': 9200}, {'sku': 'SKU-0146', 'qty': 2, 'price': 2500}, {'sku': 'SKU-0086', 'qty': 3, 'price': 4000}, {'sku': 'SKU-0035', 'qty': 3, 'price': 10000}]",,,,,,,,,,ORD-001100,2023-08-11 13:05,74600.0,NGN,Kano,"136 GRA Rd, Kano",CUST-00257,user1333@example.com,+2348022082719,,,
,,,,,,,,,,,,,,,"[{'sku': 'SKU-0156', 'qty': 1, 'price': 13000}, {'sku': 'SKU-0048', 'qty': 2, 'price': 25200}, {'sku': 'SKU-0010', 'qty': 1, 'price': 18000}]",,,,,,,,,,ORD-001101,2023-05-09 23:36,81400.0,NGN,PH,"243 Alausa Rd, PH",CUST-00471,user1091@shop.ng,+2348091827511,,,
,,,,,,,,,,,,,,,"[{'sku': 'SKU-0175', 'qty': 3, 'price': 9200}, {'sku': 'SKU-0051', 'qty': 1, 'price': 6700}, {'sku': 'SKU-0214', 'qty': 3, 'price': 12500}]",,,,,,,,,,ORD-001102,2023-07-19 10:01,71800.0,NGN,Kaduna,"197 Garki Rd, Kaduna",CUST-00406,user567@example.com,+2348031363906,,,
ORD-001103,2023-01-13 02:08:01+00:00,user438@example.com,+2348081085877,CUST-00187,"[{'sku': 'SKU-0096', 'quantity': 3, 'unit_price': 2000}, {'sku': 'SKU-0042', 'quantity': 2, 'unit_price': 13000}, {'sku': 'SKU-0214', 'quantity': 2, 'unit_price': 12500}, {'sku': 'SKU-0132', 'quantity': 1, 'unit_price': 9000}, {'sku': 'SKU-0217', 'quantity': 2, 'unit_price': 9200}]",84400.0,NGN,Kano,205 Alausa Rd,Kano,NG,,,,,,,,,,,,,,,,,,,,,,,,,
,,,,,,,,,,,,user313@mail.com,,CUST-00024,"[{'sku': 'SKU-0097', 'qty': 2, 'price': 7000}, {'sku': 'SKU-0144', 'qty': 2, 'price': 3500}]",21000.0,NGN,1677550317.0,Kano,57 Wuse Rd,Kano,NG,,,,,,,,,,,,,,
,,,,,,,,,,,,user1111@shop.ng,,,"[{'productSku': 'SKU-0058', 'qty': 2, 'price': 4000}, {'productSku': 'SKU-0009', 'qty': 3, 'price': 7500}]",30500.0,NGN,1673436326.0,Abuja,72 Wuse Rd,Abuja,NG,,,,,,,,,,,,,,
,,,,,,,,,,,,user657@shop.ng,+2348084870185,,"[{'productSku': 'SKU-0107', 'qty': 2, 'price': 25500}, {'productSku': 'SKU-0080', 'qty': 1, 'price': 1500}, {'productSku': 'SKU-0209', 'qty': 3, 'price': 6500}, {'productSku': 'SKU-0215', 'qty': 2, 'price': 2700}]",77400.0,NGN,1681238242.0,Lagos,95 GRA Rd,Lagos,NG,,,,,,,,,,,,,,
,,,,,,,,,,,,user1396@example.com,+2348094771464,,"[{'productSku': 'SKU-0211', 'qty': 3, 'price': 2700}, {'productSku': 'SKU-0129', 'qty': 2, 'price': 19000}, {'productSku': 'SKU-0105', 'qty': 1, 'price': 4000}, {'productSku': 'SKU-0039', 'qty': 1, 'price': 26000}]",76100.0,NGN,1685637781.0,Abuja,155 Alausa Rd,Abuja,NG,,,,,,,,,,,,,,
,,,,,,,,,,,,,,,"[{'sku': 'SKU-0039', 'qty': 3, 'price': 26000}]",,,,,,,,,,ORD-001108,2023-08-01 12:06,78000.0,NGN,PH,,CUST-00101,user275@example.com,+2348075559230,,,
,,,,,,,,,,,,user1208@mail.com,+2348091429275,,"[{'productSku': 'SKU-0030', 'qty': 1, 'price': 3500}]",3500.0,NGN,1698046832.0,PH,58 Sabon Gari Rd,PH,NG,,,,,,,,,,,,,,
ORD-001110,2023-09-14 20:15:22+00:00,user998@shop.ng,+2348023631328,CUST-00708,"[{'sku': 'SKU-0116', 'quantity': 1, 'unit_price': 12200}, {'sku': 'SKU-0182', 'quantity': 2, 'unit_price': 25000}, {'sku': 'SKU-0107', 'quantity': 2, 'unit_price': 25500}, {'sku': 'SKU-0117', 'quantity': 3, 'unit_price': 7500}, {'sku': 'SKU-0132', 'quantity': 3, 'unit_price': 9200}]",181.85,USD,Kano,216 Garki Rd,Kano,NG,,,,,,,,,,,,,,,,,,,,,,,,,
ORD-001111,2023-05-13 03:29:12+00:00,user638@pulse.africa,+2348082127924,CUST-00287,"[{'sku': 'SKU-0112', 'quantity': 3, 'unit_price': 25000}, {'sku': 'SKU-0091', 'quantity': 1, 'unit_price': 9000}, {'sku': 'SKU-0134', 'quantity': 2, 'unit_price': 25200}]",134400.0,NGN,Lagos,,,,,,,,,,,,,,,,"249 Alausa Rd, Lagos",,,,,,,,,,,,
ORD-001112,2023-12-11 18:33:34+00:00,user101@mail.com,+2348069588589,CUST-00664,"[{'sku': 'SKU-0166', 'quantity': 3, 'unit_price': 1500}]",4500.0,NGN,Kaduna,,,,,,,,,,,,,,,,,,,,,,,,,,,,
ORD-001113,2023-11-15 02:53:46+00:00,user598@pulse.africa,+2348073488839,CUST-00366,"[{'sku': 'SKU-0019', 'quantity': 3, 'unit_price': 12000}, {'sku': 'SKU-0149', 'quantity': 3, 'unit_price': 3500}, {'sku': 'SKU-0115', 'quantity': 3, 'unit_price': 19000}, {'sku': 'SKU-0137', 'quantity': 1, 'unit_price': 1700}, {'sku': 'SKU-0059', 'quantity': 3, 'unit_price': 4500}]",118700.0,NGN,PH,76 Alausa Rd,PH,NG,,,,,,,,,,,,,,,,,,,,,,,,,
,,,,,,,,,,,,,,,"[{'sku': 'SKU-0076', 'qty': 1, 'price': 6500}, {'sku': 'SKU-0110', 'qty': 1, 'price': 18200}, {'sku': 'SKU-0156', 'qty': 2, 'price': 13000}, {'sku': 'SKU-0055', 'qty': 2, 'price': 6700}]",,,,,,,,,,ORD-001114,2023-11-15 05:23,68.19,USD,Kaduna,,CUST-00511,user1447@mail.com,+2348099839973,,,
,,,,,,,,,,,,,,,"[{'sku': 'SKU-0198', 'qty': 3, 'price': 18200}, {'sku': 'SKU-0181', 'qty': 1, 'price': 9200}, {'sku': 'SKU-0144', 'qty': 1, 'price': 3000}, {'sku': 'SKU-0143', 'qty': 2, 'price': 3000}, {'sku': 'SKU-0164', 'qty': 1, 'price': 25200}]",,,,,,,,,,ORD-001115,2023-07-17 16:38,98000.0,NGN,Kaduna,,CUST-00385,user764@example.com,+2348094131537,138 Garki Rd,Kaduna,NG
ORD-001116,2023-01-10 07:22:45+00:00,user1173@pulse.africa,+2348097282022,CUST-00354,"[{'sku': 'SKU-0076', 'quantity': 2, 'unit_price': 7500}, {'sku': 'SKU-0216', 'quantity': 2, 'unit_price': 4500}]",24000.0,NGN,Kaduna,,,,,,,,,,,,,,,,,,,,,,,,,,,,
ORD-001117,2023-10-15 16:02:42+00:00,user340@example.com,+2348022622282,,"[{'sku': 'SKU-0108', 'quantity': 1, 'unit_price': 7500}]",7500.0,NGN,PH,,,,,,,,,,,,,,,,"142 Alausa Rd, PH",,,,,,,,,,,,
ORD-001118,2023-12-13 02:57:43+00:00,user1152@mail.com,+2348070364220,,"[{'sku': 'SKU-0201', 'quantity': 2, 'unit_price': 7000}, {'sku': 'SKU-0170', 'quantity': 2, 'unit_price': 3500}]",21000.0,NGN,Lagos,,,,,,,,,,,,,,,,"189 Garki Rd, Lagos",,,,,,,,,,,,
,,,,,,,,,,,,user942@example.com,+2348060674429,,"[{'productSku': 'SKU-0103', 'qty': 2, 'price': 6700}, {'productSku': 'SKU-0051', 'qty': 1, 'price': 6700}, {'productSku': 'SKU-0108', 'qty': 3, 'price': 7000}, {'productSku': 'SKU-0191', 'qty': 1, 'price': 2500}, {'productSku': 'SKU-0181', 'qty': 1, 'price': 9000}]",53100.0,NGN,1701368837.0,Abuja,106 Wuse Rd,Abuja,NG,,,,,,,,,,,,,,
ORD-001120,2023-10-17 22:52:03+00:00,user1115@example.com,,CUST-00276,"[{'sku': 'SKU-0071', 'quantity': 1, 'unit_price': 1500}, {'sku': 'SKU-0034', 'quantity': 1, 'unit_price': 6700}]",8200.0,NGN,Kaduna,186 Wuse Rd,Kaduna,NG,,,,,,,,,,,,,,,,,,,,,,,,,
,,,,,,,,,,,,user1264@mail.com,+2348057038194,CUST-00281,"[{'sku': 'SKU-0091', 'qty': 3, 'price': 9000}, {'sku': 'SKU-0024', 'qty': 2, 'price': 10000}, {'sku': 'SKU-0157', 'qty': 1, 'price': 2000}, {'sku': 'SKU-0038', 'qty': 3, 'price': 7000}]",70000.0,NGN,1679936904.0,Kaduna,,,,,,,,,,,,,,,,,
ORD-001122,2023-06-18 15:47:32+00:00,user1163@pulse.africa,+2348096281310,CUST-00389,"[{'sku': 'SKU-0207', 'quantity': 2, 'unit_price': 9000}, {'sku': 'SKU-0028', 'quantity': 3, 'unit_price': 7500}]",40500.0,NGN,Kano,,,,,,,,,,,,,,,,"157 Sabon Gari Rd, Kano",,,,,,,,,,,,
,,,,,,,,,,,,,,,"[{'sku': 'SKU-0175', 'qty': 2, 'price': 10000}, {'sku': 'SKU-0217', 'qty': 2, 'price': 9000}, {'sku': 'SKU-0076', 'qty': 3, 'price': 6500}, {'sku': 'SKU-0006', 'qty': 1, 'price': 2000}]",,,,,,,,,,ORD-001123,2023-09-06 07:15,59500.0,NGN,Abuja,,,user704@example.com,+2348037955709,201 Sabon Gari Rd,Abuja,NG
,,,,,,,,,,,,user1425@example.com,+2348074720021,CUST-00283,"[{'sku': 'SKU-0123', 'qty': 1, 'price': 25200}, {'sku': 'SKU-0136', 'qty': 3, 'price': 6700}, {'sku': 'SKU-0146', 'qty': 1, 'price': 3000}, {'sku': 'SKU-0120', 'qty': 1, 'price': 18200}]",66500.0,NGN,1681115027.0,PH,,,,"213 Garki Rd, PH",,,,,,,,,,,,,
ORD-001125,2023-09-28 13:32:58+00:00,user195@mail.com,,CUST-00667,"[{'sku': 'SKU-0134', 'quantity': 3, 'unit_price': 26000}, {'sku': 'SKU-0150', 'quantity': 2, 'unit_price': 12200}, {'sku': 'SKU-0016', 'quantity': 1, 'unit_price': 6500}, {'sku': 'SKU-0074', 'quantity': 1, 'unit_price': 3000}]",111900.0,NGN,PH,,,,,,,,,,,,,,,,"96 GRA Rd, PH",,,,,,,,,,,,
,,,,,,,,,,,,,,,"[{'sku': 'SKU-0062', 'qty': 1, 'price': 18500}, {'sku': 'SKU-0052', 'qty': 3, 'price': 9000}, {'sku': 'SKU-0083', 'qty': 1, 'price': 6500}, {'sku': 'SKU-0064', 'qty': 1, 'price': 10000}]",,,,,,,,,,ORD-001126,2023-10-08 19:39,62000.0,NGN,PH,,CUST-00647,,+2348075214412,20 GRA Rd,PH,NG
,,,,,,,,,,,,,,,"[{'sku': 'SKU-0081', 'qty': 2, 'price': 12500}, {'sku': 'SKU-0032', 'qty': 2, 'price': 13000}, {'sku': 'SKU-0214', 'qty': 1, 'price': 13000}, {'sku': 'SKU-0164', 'qty': 3, 'price': 25000}, {'sku': 'SKU-0036', 'qty': 2, 'price': 2700}]",,,,,,,,,,ORD-001127,2023-08-27 21:30,144900.0,NGN,Kaduna,,CUST-00074,user540@mail.com,+2348036330288,,,
,,,,,,,,,,,,,,,"[{'sku': 'SKU-0128', 'qty': 2, 'price': 25500}, {'sku': 'SKU-0165', 'qty': 3, 'price': 9500}]",,,,,,,,,,ORD-001128,2023-03-17 19:44,93.09,USD,Lagos,,CUST-00142,user196@example.com,+2348030589340,,,
,,,,,,,,,,,,,,,"[{'sku': 'SKU-0065', 'qty': 2, 'price': 1700}]",,,,,,,,,,ORD-001129,2023-02-10 00:55,3400.0,NGN,Kano,,CUST-00412,user512@mail.com,+2348079700177,,,
,,,,,,,,,,,,,,,"[{'sku': 'SKU-0081', 'qty': 1, 'price': 12200}]",,,,,,,,,,ORD-001130,2023-04-18 21:59,12200.0,NGN,Lagos,,,user287@example.com,,158 Alausa Rd,Lagos,NG
,,,,,,,,,,,,,,,"[{'sku': 'SKU-0136', 'qty': 2, 'price': 6700}, {'sku': 'SKU-0057', 'qty': 3, 'price': 1500}, {'sku': 'SKU-0049', 'qty': 1, 'price': 25200}]",,,,,,,,,,ORD-001131,2023-10-22 10:36,43100.0,NGN,Abuja,"221 Wuse Rd, Abuja",CUST-00120,user325@mail.com,+2348044113177,,,
ORD-001132,2023-02-19 00:38:45+00:00,user357@example.com,+2348088295005,CUST-00440,"[{'sku': 'SKU-0047', 'quantity': 3, 'unit_price': 13000}, {'sku': 'SKU-0076', 'quantity': 2, 'unit_price': 7500}, {'sku': 'SKU-0109', 'quantity': 1, 'unit_price': 2700}]",56700.0,NGN,Abuja,64 Wuse Rd,Abuja,NG,,,,,,,,,,,,,,,,,,,,,,,,,
,,,,,,,,,,,,,+2348061492407,CUST-00793,"[{'productSku': 'SKU-0070', 'qty': 3, 'price': 4500}, {'productSku': 'SKU-0045', 'qty': 3, 'price': 10000}]",43500.0,NGN,1695013372.0,Kaduna,104 Sabon Gari Rd,Kaduna,NG,,,,,,,,,,,,,,
,,,,,,,,,,,,,,,"[{'sku': 'SKU-0040', 'qty': 2, 'price': 9200}, {'sku': 'SKU-0163', 'qty': 3, 'price': 9000}, {'sku': 'SKU-0158', 'qty': 2, 'price': 3500}, {'sku': 'SKU-0076', 'qty': 1, 'price': 7000}]",,,,,,,,,,ORD-001134,2023-04-14 21:23,59400.0,NGN,Kaduna,,CUST-00225,user1192@pulse.africa,,200 Sabon Gari Rd,Kaduna,NG
ORD-001135,2023-06-18 15:59:24+00:00,user1449@shop.ng,+2348089509269,,"[{'sku': 'SKU-0086', 'quantity': 1, 'unit_price': 5000}, {'sku': 'SKU-0032', 'quantity': 3, 'unit_price': 12500}]",42500.0,NGN,Kano,,,,,,,,,,,,,,,,,,,,,,,,,,,,
ORD-001136,2023-02-01 18:23:45+00:00,user1184@example.com,+2348023591973,CUST-00440,"[{'sku': 'SKU-0165', 'quantity': 3, 'unit_price': 10000}, {'sku': 'SKU-0050', 'quantity': 3, 'unit_price': 9200}, {'sku': 'SKU-0082', 'quantity': 2, 'unit_price': 6700}, {'sku': 'SKU-0168', 'quantity': 2, 'unit_price': 3500}]",78000.0,NGN,Abuja,,,,,,,,,,,,,,,,"138 Garki Rd, Abuja",,,,,,,,,,,,
ORD-001137,2023-08-18 05:24:50+00:00,user971@mail.com,+2348073287732,,"[{'sku': 'SKU-0155', 'quantity': 3, 'unit_price': 9000}, {'sku': 'SKU-0106', 'quantity': 1, 'unit_price': 25500}, {'sku': 'SKU-0057', 'quantity': 3, 'unit_price': 1500}, {'sku': 'SKU-0025', 'quantity': 2, 'unit_price': 12200}, {'sku': 'SKU-0177', 'quantity': 2, 'unit_price': 1500}]",84400.0,NGN,Abuja,199 Alausa Rd,Abuja,NG,,,,,,,,,,,,,,,,,,,,,,,,,
ORD-001138,2023-07-28 06:43:45+00:00,user906@shop.ng,+2348096227411,CUST-00607,"[{'sku': 'SKU-0208', 'quantity': 2, 'unit_price': 6500}, {'sku': 'SKU-0142', 'quantity': 1, 'unit_price': 3500}, {'sku': 'SKU-0187', 'quantity': 2, 'unit_price': 1700}, {'sku': 'SKU-0030', 'quantity': 1, 'unit_price': 2500}]",23.55,USD,PH,,,,,,,,,,,,,,,,"37 GRA Rd, PH",,,,,,,,,,,,
,,,,,,,,,,,,user1362@example.com,+2348024742112,CUST-00587,"[{'sku': 'SKU-0088', 'qty': 2, 'price': 4200}, {'sku': 'SKU-0208', 'qty': 1, 'price': 6500}, {'sku': 'SKU-0117', 'qty': 1, 'price': 7000}]",21900.0,NGN,1678049151.0,Kaduna,,,,,,,,,,,,,,,,,
,,,,,,,,,,,,user221@mail.com,+2348086667744,,"[{'sku': 'SKU-0022', 'qty': 3, 'price': 3500}, {'sku': 'SKU-0115', 'qty': 3, 'price': 18000}, {'sku': 'SKU-0105', 'qty': 3, 'price': 4200}, {'sku': 'SKU-0055', 'qty': 2, 'price': 6700}]",90500.0,NGN,1682333511.0,PH,,,,,,,,,,,,,,,,,
,,,,,,,,,,,,,+2348045608258,,"[{'sku': 'SKU-0008', 'qty': 1, 'price': 1700}, {'sku': 'SKU-0057', 'qty': 1, 'price': 2000}, {'sku': 'SKU-0069', 'qty': 1, 'price': 10000}, {'sku': 'SKU-0170', 'qty': 2, 'price': 3500}, {'sku': 'SKU-0168', 'qty': 1, 'price': 3000}]",23700.0,NGN,1692718618.0,Kano,,,,,,,,,,,,,,,,,
ORD-001142,2023-07-11 16:54:26+00:00,user1209@example.com,+2348016383481,CUST-00593,"[{'sku': 'SKU-0009', 'quantity': 1, 'unit_price': 7000}, {'sku': 'SKU-0139', 'quantity': 1, 'unit_price': 1500}]",8500.0,NGN,PH,168 Garki Rd,PH,NG,,,,,,,,,,,,,,,,,,,,,,,,,
,,,,,,,,,,,,,,,"[{'sku': 'SKU-0212', 'qty': 2, 'price': 13000}, {'sku': 'SKU-0030', 'qty': 2, 'price': 2500}, {'sku': 'SKU-0191', 'qty': 1, 'price': 1500}, {'sku': 'SKU-0063', 'qty': 2, 'price': 25200}, {'sku': 'SKU-0031', 'qty': 1, 'price': 9500}]",,,,,,,,,,ORD-001143,2023-02-28 10:58,92400.0,NGN,PH,"20 Wuse Rd, PH",CUST-00338,user535@mail.com,+2348038122623,,,
ORD-001144,2023-08-08 14:36:07+00:00,user277@example.com,+2348051531940,CUST-00119,"[{'sku': 'SKU-0214', 'quantity': 3, 'unit_price': 12000}, {'sku': 'SKU-0052', 'quantity': 3, 'unit_price': 10000}, {'sku': 'SKU-0015', 'quantity': 1, 'unit_price': 9500}, {'sku': 'SKU-0201', 'quantity': 2, 'unit_price': 6500}]",101.49,USD,Lagos,210 Alausa Rd,Lagos,NG,,,,,,,,,,,,,,,,,,,,,,,,,
ORD-001145,2023-12-18 22:30:36+00:00,user941@pulse.africa,+2348075039075,,"[{'sku': 'SKU-0041', 'quantity': 3, 'unit_price': 6500}]",19500.0,NGN,Kaduna,20 GRA Rd,Kaduna,NG,,,,,,,,,,,,,,,,,,,,,,,,,
ORD-001146,2023-07-05 00:42:48+00:00,user228@shop.ng,,CUST-00309,"[{'sku': 'SKU-0125', 'quantity': 2, 'unit_price': 2000}, {'sku': 'SKU-0109', 'quantity': 1, 'unit_price': 2500}, {'sku': 'SKU-0061', 'quantity': 3, 'unit_price': 2500}]",14000.0,NGN,PH,74 Garki Rd,PH,NG,,,,,,,,,,,,,,,,,,,,,,,,,
,,,,,,,,,,,,,,,"[{'sku': 'SKU-0012', 'qty': 1, 'price': 9200}, {'sku': 'SKU-0021', 'qty': 2, 'price': 25200}, {'sku': 'SKU-0084', 'qty': 1, 'price': 3500}]",,,,,,,,,,ORD-001147,2023-02-16 04:53,63100.0,NGN,Kano,"83 Garki Rd, Kano",CUST-00678,user137@shop.ng,+2348056223778,,,
ORD-001148,2023-10-15 05:30:45+00:00,user956@pulse.africa,+2348058169137,CUST-00067,"[{'sku': 'SKU-0000', 'quantity': 1, 'unit_price': 3000}]",3000.0,NGN,Kano,,,,,,,,,,,,,,,,"155 Sabon Gari Rd, Kano",,,,,,,,,,,,
,,,,,,,,,,,,user427@pulse.africa,+2348077761937,CUST-00680,"[{'sku': 'SKU-0094', 'qty': 1, 'price': 7000}]",7000.0,NGN,1679943565.0,Lagos,,,,"38 Garki Rd, Lagos",,,,,,,,,,,,,
ORD-001150,2023-03-02 14:36:22+00:00,user228@mail.com,,CUST-00670,"[{'sku': 'SKU-0034', 'quantity': 3, 'unit_price': 7000}, {'sku': 'SKU-0103', 'quantity': 2, 'unit_price': 6500}, {'sku': 'SKU-0066', 'quantity': 2, 'unit_price': 2500}, {'sku': 'SKU-0121', 'quantity': 1, 'unit_price': 9000}]",48000.0,NGN,Kaduna,131 Wuse Rd,Kaduna,NG,,,,,,,,,,,,,,,,,,,,,,,,,
ORD-001151,2023-01-16 17:43:21+00:00,user346@mail.com,+2348024941208,CUST-00008,"[{'sku': 'SKU-0199', 'quantity': 1, 'unit_price': 4000}, {'sku': 'SKU-0000', 'quantity': 3, 'unit_price': 3500}, {'sku': 'SKU-0104', 'quantity': 3, 'unit_price': 25000}, {'sku': 'SKU-0172', 'quantity': 2, 'unit_price': 9000}]",107500.0,NGN,PH,,,,,,,,,,,,,,,,,,,,,,,,,,,,
,,,,,,,,,,,,user319@mail.com,+2348091335364,CUST-00483,"[{'sku': 'SKU-0036', 'qty': 3, 'price': 2700}, {'sku': 'SKU-0046', 'qty': 1, 'price': 6700}]",14800.0,NGN,1677944797.0,Abuja,77 Alausa Rd,Abuja,NG,,,,,,,,,,,,,,
,,,,,,,,,,,,user644@mail.com,+2348069457952,,"[{'sku': 'SKU-0115', 'qty': 3, 'price': 18000}, {'sku': 'SKU-0058', 'qty': 2, 'price': 4000}, {'sku': 'SKU-0180', 'qty': 1, 'price': 12200}]",74200.0,NGN,1697740957.0,PH,43 GRA Rd,PH,NG,,,,,,,,,,,,,,
,,,,,,,,,,,,,,,"[{'sku': 'SKU-0030', 'qty': 3, 'price': 3000}, {'sku': 'SKU-0125', 'qty': 3, 'price': 1500}, {'sku': 'SKU-0153', 'qty': 2, 'price': 9200}]",,,,,,,,,,ORD-001154,2023-11-04 09:44,31900.0,NGN,Kaduna,"222 Sabon Gari Rd, Kaduna",CUST-00018,user49@pulse.africa,,,,
,,,,,,,,,,,,,,,"[{'sku': 'SKU-0201', 'qty': 3, 'price': 6500}, {'sku': 'SKU-0167', 'qty': 2, 'price': 9500}]",,,,,,,,,,ORD-001155,2023-08-27 04:02,38500.0,NGN,Kano,,CUST-00466,user1288@mail.com,+2348033526512,,,
,,,,,,,,,,,,user1199@example.com,+2348023065677,CUST-00233,"[{'productSku': 'SKU-0005', 'qty': 2, 'price': 18200}, {'productSku': 'SKU-0193', 'qty': 2, 'price': 7500}]",60.05,USD,1703613958.0,PH,,,,"170 GRA Rd, PH",,,,,,,,,,,,,
ORD-001157,2023-12-28 15:04:07+00:00,user383@example.com,+2348090898773,,"[{'sku': 'SKU-0152', 'quantity': 3, 'unit_price': 12000}, {'sku': 'SKU-0081', 'quantity': 2, 'unit_price': 12500}, {'sku': 'SKU-0088', 'quantity': 2, 'unit_price': 4500}, {'sku': 'SKU-0151', 'quantity': 3, 'unit_price': 7000}]",91000.0,NGN,Abuja,146 Alausa Rd,Abuja,NG,,,,,,,,,,,,,,,,,,,,,,,,,
ORD-001158,2023-12-14 03:24:29+00:00,,+2348069614060,CUST-00045,"[{'sku': 'SKU-0155', 'quantity': 3, 'unit_price': 10000}, {'sku': 'SKU-0003', 'quantity': 2, 'unit_price': 2500}, {'sku': 'SKU-0186', 'quantity': 1, 'unit_price': 5000}, {'sku': 'SKU-0084', 'quantity': 2, 'unit_price': 3500}, {'sku': 'SKU-0061', 'quantity': 1, 'unit_price': 3500}]",50500.0,NGN,Abuja,,,,,,,,,,,,,,,,"238 Garki Rd, Abuja",,,,,,,,,,,,
,,,,,,,,,,,,user942@shop.ng,+2348034206172,CUST-00303,"[{'sku': 'SKU-0141', 'qty': 1, 'price': 4200}, {'sku': 'SKU-0091', 'qty': 1, 'price': 9000}, {'sku': 'SKU-0131', 'qty': 2, 'price': 1700}, {'sku': 'SKU-0122', 'qty': 3, 'price': 7500}, {'sku': 'SKU-0157', 'qty': 3, 'price': 1700}]",44200.0,NGN,1674850217.0,Kano,,,,"225 Alausa Rd, Kano",,,,,,,,,,,,,
,,,,,,,,,,,,,,,"[{'sku': 'SKU-0044', 'qty': 1, 'price': 12500}, {'sku': 'SKU-0131', 'qty': 1, 'price': 1500}, {'sku': 'SKU-0070', 'qty': 1, 'price': 5000}]",,,,,,,,,,ORD-001160,2023-10-16 22:05,19000.0,NGN,Abuja,"81 Wuse Rd, Abuja",CUST-00738,user506@shop.ng,+2348053973507,,,
,,,,,,,,,,,,user1384@pulse.africa,+2348039828702,,"[{'productSku': 'SKU-0044', 'qty': 2, 'price': 13000}, {'productSku': 'SKU-0003', 'qty': 1, 'price': 3000}, {'productSku': 'SKU-0042', 'qty': 2, 'price': 13000}, {'productSku': 'SKU-0015', 'qty': 1, 'price': 9200}]",64200.0,NGN,1703675301.0,Lagos,83 GRA Rd,Lagos,NG,,,,,,,,,,,,,,
ORD-001162,2023-03-29 21:49:35+00:00,user269@example.com,+2348064662975,CUST-00615,"[{'sku': 'SKU-0005', 'quantity': 1, 'unit_price': 19000}, {'sku': 'SKU-0100', 'quantity': 1, 'unit_price': 1500}, {'sku': 'SKU-0113', 'quantity': 1, 'unit_price': 1500}]",22000.0,NGN,Lagos,,,,,,,,,,,,,,,,"238 Garki Rd, Lagos",,,,,,,,,,,,
ORD-001163,2023-09-23 19:58:29+00:00,user93@pulse.africa,+2348058089112,,"[{'sku': 'SKU-0045', 'quantity': 2, 'unit_price': 10000}, {'sku': 'SKU-0154', 'quantity': 1, 'unit_price': 5000}, {'sku': 'SKU-0219', 'quantity': 1, 'unit_price': 19000}, {'sku': 'SKU-0056', 'quantity': 1, 'unit_price': 25500}, {'sku': 'SKU-0192', 'quantity': 1, 'unit_price': 6700}]",76200.0,NGN,Abuja,,,,,,,,,,,,,,,,,,,,,,,,,,,,
ORD-001164,2023-02-06 23:30:41+00:00,user1003@shop.ng,,,"[{'sku': 'SKU-0027', 'quantity': 3, 'unit_price': 2700}]",8100.0,NGN,PH,,,,,,,,,,,,,,,,,,,,,,,,,,,,
,,,,,,,,,,,,,,,"[{'sku': 'SKU-0110', 'qty': 1, 'price': 19000}, {'sku': 'SKU-0037', 'qty': 1, 'price': 4500}, {'sku': 'SKU-0096', 'qty': 3, 'price': 2000}]",,,,,,,,,,ORD-001165,2023-03-13 09:12,29500.0,NGN,PH,"160 Garki Rd, PH",,user725@pulse.africa,,,,
ORD-001166,2023-11-05 07:53:15+00:00,,+2348048872850,CUST-00787,"[{'sku': 'SKU-0034', 'quantity': 3, 'unit_price': 6700}, {'sku': 'SKU-0021', 'quantity': 2, 'unit_price': 26000}]",72100.0,NGN,Kano,,,,,,,,,,,,,,,,"74 Garki Rd, Kano",,,,,,,,,,,,
,,,,,,,,,,,,user120@pulse.africa,,CUST-00729,"[{'sku': 'SKU-0193', 'qty': 2, 'price': 6700}, {'sku': 'SKU-0173', 'qty': 3, 'price': 6500}, {'sku': 'SKU-0020', 'qty': 3, 'price': 10000}]",66.59,USD,1676499673.0,PH,,,,"230 Wuse Rd, PH",,,,,,,,,,,,,
,,,,,,,,,,,,user1478@example.com,,,"[{'sku': 'SKU-0210', 'qty': 3, 'price': 12500}]",37500.0,NGN,1677903968.0,PH,,,,"173 Alausa Rd, PH",,,,,,,,,,,,,
,,,,,,,,,,,,user310@mail.com,+2348026522764,,"[{'sku': 'SKU-0098', 'qty': 3, 'price': 7500}]",22500.0,NGN,1703648268.0,Kaduna,,,,"150 Garki Rd, Kaduna",,,,,,,,,,,,,
,,,,,,,,,,,,user1102@mail.com,+2348019817970,CUST-00252,"[{'sku': 'SKU-0094', 'qty': 2, 'price': 6700}, {'sku': 'SKU-0127', 'qty': 1, 'price': 18000}, {'sku': 'SKU-0073', 'qty': 1, 'price': 4500}, {'sku': 'SKU-0049', 'qty': 1, 'price': 25000}, {'sku': 'SKU-0007', 'qty': 3, 'price': 6700}]",81000.0,NGN,1689872691.0,Kano,,,,"67 Wuse Rd, Kano",,,,,,,,,,,,,
,,,,,,,,,,,,user1073@mail.com,,CUST-00350,"[{'sku': 'SKU-0156', 'qty': 1, 'price': 12200}, {'sku': 'SKU-0122', 'qty': 3, 'price': 7000}, {'sku': 'SKU-0026', 'qty': 2, 'price': 6700}, {'sku': 'SKU-0205', 'qty': 3, 'price': 7500}]",69100.0,NGN,1701101346.0,Kaduna,,,,,,,,,,,,,,,,,
ORD-001172,2023-11-09 04:13:27+00:00,user756@example.com,+2348075478354,CUST-00226,"[{'sku': 'SKU-0179', 'quantity': 2, 'unit_price': 2500}, {'sku': 'SKU-0074', 'quantity': 1, 'unit_price': 3500}]",8500.0,NGN,Kano,,,,,,,,,,,,,,,,,,,,,,,,,,,,
ORD-001173,2023-03-27 16:12:34+00:00,user590@pulse.africa,+2348012909870,,"[{'sku': 'SKU-0213', 'quantity': 2, 'unit_price': 19000}, {'sku': 'SKU-0080', 'quantity': 2, 'unit_price': 2500}, {'sku': 'SKU-0105', 'quantity': 2, 'unit_price': 5000}, {'sku': 'SKU-0130', 'quantity': 2, 'unit_price': 5000}]",63000.0,NGN,Abuja,,,,,,,,,,,,,,,,"161 Garki Rd, Abuja",,,,,,,,,,,,
ORD-001174,2023-08-13 16:53:28+00:00,user45@shop.ng,+2348038925378,CUST-00758,"[{'sku': 'SKU-0107', 'quantity': 2, 'unit_price': 26000}, {'sku': 'SKU-0136', 'quantity': 2, 'unit_price': 6500}, {'sku': 'SKU-0036', 'quantity': 3, 'unit_price': 2500}, {'sku': 'SKU-0107', 'quantity': 1, 'unit_price': 26000}, {'sku': 'SKU-0106', 'quantity': 3, 'unit_price': 26000}]",176500.0,NGN,Abuja,,,,,,,,,,,,,,,,"225 Sabon Gari Rd, Abuja",,,,,,,,,,,,
,,,,,,,,,,,,,,,"[{'sku': 'SKU-0077', 'qty': 2, 'price': 12500}]",,,,,,,,,,ORD-001175,2023-02-20 20:55,27.87,USD,PH,,,user1011@shop.ng,+2348099674912,2 Sabon Gari Rd,PH,NG
ORD-001176,2023-10-08 19:13:01+00:00,,+2348029329805,CUST-00138,"[{'sku': 'SKU-0219', 'quantity': 1, 'unit_price': 18500}, {'sku': 'SKU-0029', 'quantity': 3, 'unit_price': 3000}, {'sku': 'SKU-0178', 'quantity': 3, 'unit_price': 18000}, {'sku': 'SKU-0117', 'quantity': 1, 'unit_price': 6700}]",88200.0,NGN,PH,50 Wuse Rd,PH,NG,,,,,,,,,,,,,,,,,,,,,,,,,
,,,,,,,,,,,,,,,"[{'sku': 'SKU-0178', 'qty': 3, 'price': 18500}, {'sku': 'SKU-0081', 'qty': 1, 'price': 13000}, {'sku': 'SKU-0124', 'qty': 2, 'price': 3500}, {'sku': 'SKU-0003', 'qty': 2, 'price': 2700}, {'sku': 'SKU-0104', 'qty': 3, 'price': 25200}]",,,,,,,,,,ORD-001177,2023-09-27 07:06,156500.0,NGN,Lagos,,CUST-00533,user9@example.com,,,,
,,,,,,,,,,,,,,,"[{'sku': 'SKU-0074', 'qty': 3, 'price': 3000}, {'sku': 'SKU-0032', 'qty': 2, 'price': 12500}, {'sku': 'SKU-0197', 'qty': 3, 'price': 4200}, {'sku': 'SKU-0052', 'qty': 1, 'price': 10000}, {'sku': 'SKU-0217', 'qty': 2, 'price': 10000}]",,,,,,,,,,ORD-001178,2023-01-11 12:16,76600.0,NGN,Lagos,,CUST-00171,user1416@shop.ng,+2348095649359,,,
,,,,,,,,,,,,,,,"[{'sku': 'SKU-0155', 'qty': 2, 'price': 10000}, {'sku': 'SKU-0153', 'qty': 1, 'price': 9000}, {'sku': 'SKU-0143', 'qty': 2, 'price': 3500}]",,,,,,,,,,ORD-001179,2023-11-27 19:33,36000.0,NGN,Kano,,CUST-00054,,+2348045104776,196 Alausa Rd,Kano,NG
,,,,,,,,,,,,,,,"[{'sku': 'SKU-0019', 'qty': 1, 'price': 12500}]",,,,,,,,,,ORD-001180,2023-05-26 07:48,12500.0,NGN,Lagos,"135 GRA Rd, Lagos",,user1087@example.com,+2348016548156,,,
,,,,,,,,,,,,user1408@mail.com,+2348035626483,CUST-00522,"[{'sku': 'SKU-0065', 'qty': 3, 'price': 1500}, {'sku': 'SKU-0015', 'qty': 2, 'price': 9000}, {'sku': 'SKU-0069', 'qty': 1, 'price': 9000}]",31500.0,NGN,1697203702.0,Lagos,,,,"168 Alausa Rd, Lagos",,,,,,,,,,,,,
ORD-001182,2023-05-01 12:09:08+00:00,user924@pulse.africa,,CUST-00499,"[{'sku': 'SKU-0090', 'quantity': 3, 'unit_price': 6500}, {'sku': 'SKU-0050', 'quantity': 1, 'unit_price': 9000}, {'sku': 'SKU-0026', 'quantity': 2, 'unit_price': 7000}]",42500.0,NGN,Kaduna,156 Alausa Rd,Kaduna,NG,,,,,,,,,,,,,,,,,,,,,,,,,
ORD-001183,2023-11-03 22:13:17+00:00,,+2348073085393,CUST-00433,"[{'sku': 'SKU-0155', 'quantity': 3, 'unit_price': 9200}, {'sku': 'SKU-0123', 'quantity': 3, 'unit_price': 25000}, {'sku': 'SKU-0111', 'quantity': 1, 'unit_price': 18000}, {'sku': 'SKU-0093', 'quantity': 3, 'unit_price': 26000}]",198600.0,NGN,Lagos,99 Wuse Rd,Lagos,NG,,,,,,,,,,,,,,,,,,,,,,,,,
,,,,,,,,,,,,user1099@mail.com,+2348044303825,CUST-00341,"[{'sku': 'SKU-0169', 'qty': 1, 'price': 9200}, {'sku': 'SKU-0105', 'qty': 1, 'price': 5000}]",15.24,USD,1696449026.0,PH,,,,"139 Alausa Rd, PH",,,,,,,,,,,,,
ORD-001185,2023-10-02 00:34:06+00:00,user1105@pulse.africa,+2348067412571,,"[{'sku': 'SKU-0094', 'quantity': 1, 'unit_price': 7000}, {'sku': 'SKU-0061', 'quantity': 1, 'unit_price': 2700}, {'sku': 'SKU-0072', 'quantity': 1, 'unit_price': 10000}, {'sku': 'SKU-0102', 'quantity': 3, 'unit_price': 12200}, {'sku': 'SKU-0024', 'quantity': 2, 'unit_price': 10000}]",76800.0,NGN,Abuja,,,,,,,,,,,,,,,,"155 Garki Rd, Abuja",,,,,,,,,,,,
,,,,,,,,,,,,,,,"[{'sku': 'SKU-0087', 'qty': 1, 'price': 25200}, {'sku': 'SKU-0211', 'qty': 2, 'price': 2700}, {'sku': 'SKU-0122', 'qty': 2, 'price': 7500}, {'sku': 'SKU-0151', 'qty': 3, 'price': 6700}, {'sku': 'SKU-0065', 'qty': 2, 'price': 1500}]",,,,,,,,,,ORD-001186,2023-01-03 12:12,68700.0,NGN,Abuja,"77 Wuse Rd, Abuja",CUST-00728,,+2348079505854,,,
,,,,,,,,,,,,,,,"[{'sku': 'SKU-0209', 'qty': 1, 'price': 6500}, {'sku': 'SKU-0137', 'qty': 3, 'price': 2500}, {'sku': 'SKU-0032', 'qty': 3, 'price': 12000}, {'sku': 'SKU-0163', 'qty': 2, 'price': 9200}]",,,,,,,,,,ORD-001187,2023-01-02 17:10,68400.0,NGN,PH,,CUST-00171,user974@shop.ng,+2348025563032,,,
ORD-001188,2023-02-24 10:50:18+00:00,,+2348029653080,CUST-00063,"[{'sku': 'SKU-0177', 'quantity': 3, 'unit_price': 2500}, {'sku': 'SKU-0167', 'quantity': 3, 'unit_price': 10000}]",37500.0,NGN,Kano,,,,,,,,,,,,,,,,,,,,,,,,,,,,
,,,,,,,,,,,,user962@example.com,+2348067336898,CUST-00709,"[{'sku': 'SKU-0049', 'qty': 2, 'price': 25500}, {'sku': 'SKU-0125', 'qty': 1, 'price': 1500}]",52500.0,NGN,1701305786.0,Kano,174 GRA Rd,Kano,NG,,,,,,,,,,,,,,
ORD-001190,2023-05-22 15:51:08+00:00,,+2348030446613,,"[{'sku': 'SKU-0089', 'quantity': 2, 'unit_price': 19000}, {'sku': 'SKU-0197', 'quantity': 2, 'unit_price': 5000}, {'sku': 'SKU-0075', 'quantity': 1, 'unit_price': 10000}, {'sku': 'SKU-0134', 'quantity': 1, 'unit_price': 25200}]",83200.0,NGN,PH,,,,,,,,,,,,,,,,,,,,,,,,,,,,
ORD-001191,2023-02-23 18:04:17+00:00,user28@shop.ng,,,"[{'sku': 'SKU-0050', 'quantity': 2, 'unit_price': 9200}, {'sku': 'SKU-0177', 'quantity': 1, 'unit_price': 1700}, {'sku': 'SKU-0214', 'quantity': 1, 'unit_price': 12000}]",32100.0,NGN,Kaduna,123 Garki Rd,Kaduna,NG,,,,,,,,,,,,,,,,,,,,,,,,,
,,,,,,,,,,,,,,,"[{'sku': 'SKU-0029', 'qty': 1, 'price': 3000}, {'sku': 'SKU-0009', 'qty': 3, 'price': 6500}, {'sku': 'SKU-0011', 'qty': 1, 'price': 26000}, {'sku': 'SKU-0181', 'qty': 1, 'price': 10000}, {'sku': 'SKU-0002', 'qty': 1, 'price': 6500}]",,,,,,,,,,ORD-001192,2023-05-10 22:27,65000.0,NGN,Kaduna,,CUST-00586,user1371@pulse.africa,+2348055132604,222 GRA Rd,Kaduna,NG
,,,,,,,,,,,,,,,"[{'sku': 'SKU-0129', 'qty': 3, 'price': 18200}, {'sku': 'SKU-0091', 'qty': 2, 'price': 9000}, {'sku': 'SKU-0153', 'qty': 1, 'price': 9000}]",,,,,,,,,,ORD-001193,2023-03-27 16:40,81600.0,NGN,Kano,,CUST-00584,,+2348042543232,182 GRA Rd,Kano,NG
,,,,,,,,,,,,user300@mail.com,+2348082306586,CUST-00418,"[{'productSku': 'SKU-0207', 'qty': 1, 'price': 9000}, {'productSku': 'SKU-0053', 'qty': 1, 'price': 19000}]",28000.0,NGN,1685528127.0,Kano,,,,"220 GRA Rd, Kano",,,,,,,,,,,,,
ORD-001195,2023-09-18 03:05:12+00:00,user773@example.com,+2348089084880,,"[{'sku': 'SKU-0000', 'quantity': 1, 'unit_price': 2500}, {'sku': 'SKU-0176', 'quantity': 3, 'unit_price': 25200}, {'sku': 'SKU-0005', 'quantity': 3, 'unit_price': 19000}]",135100.0,NGN,Abuja,,,,,,,,,,,,,,,,,,,,,,,,,,,,
ORD-001196,2023-03-22 23:05:42+00:00,user184@example.com,,CUST-00206,"[{'sku': 'SKU-0029', 'quantity': 2, 'unit_price': 2700}, {'sku': 'SKU-0186', 'quantity': 1, 'unit_price': 4200}, {'sku': 'SKU-0060', 'quantity': 2, 'unit_price': 19000}, {'sku': 'SKU-0216', 'quantity': 3, 'unit_price': 4200}]",60200.0,NGN,Abuja,,,,,,,,,,,,,,,,,,,,,,,,,,,,
,,,,,,,,,,,,user1089@example.com,,CUST-00318,"[{'sku': 'SKU-0141', 'qty': 2, 'price': 4000}]",8000.0,NGN,1692282824.0,Abuja,243 Garki Rd,Abuja,NG,,,,,,,,,,,,,,
,,,,,,,,,,,,,,,"[{'sku': 'SKU-0193', 'qty': 1, 'price': 6500}, {'sku': 'SKU-0159', 'qty': 3, 'price': 6700}, {'sku': 'SKU-0012', 'qty': 2, 'price': 9200}, {'sku': 'SKU-0162', 'qty': 2, 'price': 7500}, {'sku': 'SKU-0108', 'qty': 1, 'price': 6700}]",,,,,,,,,,ORD-001198,2023-05-11 03:23,66700.0,NGN,PH,,CUST-00547,user51@example.com,,,,
,,,,,,,,,,,,user887@shop.ng,+2348091156129,CUST-00009,"[{'productSku': 'SKU-0077', 'qty': 2, 'price': 12500}, {'productSku': 'SKU-0196', 'qty': 2, 'price': 4000}, {'productSku': 'SKU-0088', 'qty': 3, 'price': 4200}, {'productSku': 'SKU-0018', 'qty': 1, 'price': 18000}, {'productSku': 'SKU-0089', 'qty': 3, 'price': 18200}]",118200.0,NGN,1674771959.0,Kano,,,,"129 Sabon Gari Rd, Kano",,,,,,,,,,,,,
,,,,,,,,,,,,user995@shop.ng,+2348023192745,CUST-00107,"[{'productSku': 'SKU-0170', 'qty': 2, 'price': 2700}, {'productSku': 'SKU-0121', 'qty': 2, 'price': 9500}]",24400.0,NGN,1676718524.0,Kano,,,,"123 Wuse Rd, Kano",,,,,,,,,,,,,
